network,controller,scenario,arrival_seed,sumo_seed,demand_hash
grid,ia2c,mixture_1,51001,61001,7cb8a3d6a3a8a83cde98d1401297a72780dcb585ae47b6179e4f4d069efa7774
grid,ia2c,mixture_1,51002,61002,c82f1d4952f6cda651ca56ba79f545f970c765c9a106a57a23206d7c9d009771
grid,ia2c,mixture_1,51003,61003,5538be0677bae4c2bd7144b5a5555ad2daa61a9f8e22f425f1e089643df656d9
grid,ia2c,mixture_1,51004,61004,985ab8435196c555b1ae0c53d8345d50d2905df425591579fe84422d7fb0bfc8
grid,ia2c,mixture_1,51005,61005,3e0282583500537f05678321482aaa82a83f882ee97674fd73f723245d758c4b
grid,ia2c,mixture_1,51006,61006,77d66d035e8253bf19483134cef8f4cc15acef9f58768954cc5768518580ab46
grid,ia2c,mixture_1,51007,61007,1d454a23bd9fc2f603f9dfb052eafffa1ec60049abe278386e3e63b7da5744f7
grid,ia2c,mixture_1,51008,61008,74e227a1fc61d63748eeaf7242d241a571f44a461fbf78ae94094dd133651f11
grid,ia2c,mixture_1,51009,61009,b44144c918ddb7187afedd778f57edfa8971490befce356297d2c8225000cac0
grid,ia2c,mixture_1,51010,61010,e596474fc129e11cb2ea349d3cd7457bee21776c7449552a85d9d3a6fb4cf2b1
grid,ia2c,mixture_2,51001,61001,fab32fab56ef5d04a2c7cb2b3d213e6cac32c4f14b1326bd1b5165c1686bfe5f
grid,ia2c,mixture_2,51002,61002,a2f9eb5a6e9a19dd78dffdd2109d8d64c535944c9679bfff4b4b257b96b08b85
grid,ia2c,mixture_2,51003,61003,dacb8b1e0503697ab7c07a732d30ec6309ac075572591446db1714519e75775f
grid,ia2c,mixture_2,51004,61004,140569ac8bd54bd4aefa0c6a07e4f8743fca4b3bc59154b1d5c71e86d82f470e
grid,ia2c,mixture_2,51005,61005,d0fe44ad267c62d0145c88a48c85a99f147cb9df5554183a3bca03eab7fe4c93
grid,ia2c,mixture_2,51006,61006,3bf4a5e25ba7c35db6811986895a983479111669205ba4cf113a79e87355a566
grid,ia2c,mixture_2,51007,61007,55c3fb3d48d7da042838b9c23ed9441fd39e22b79cbb0e6b18d69a351f4557ab
grid,ia2c,mixture_2,51008,61008,f59d3b2d473c05c93f8f72e5ff03bf1077703888ec982ce408b6999f50e3bb9d
grid,ia2c,mixture_2,51009,61009,d749dac58065d8008c961bde0dd03f87ea3eebd1808beac29f2750bf3a26c3e2
grid,ia2c,mixture_2,51010,61010,3038355b834e0e9fd9c6943d04dfff1b0e4bbd301df682966e7f6031e5e26d29
grid,ia2c,mixture_3,51001,61001,d492bc1e769379eba873107a508bbf8fdb919c67a2c957b6cac45e7d61d947cd
grid,ia2c,mixture_3,51002,61002,a99db7cc735fa9ab9256bb2704fe2a9e605411196c30923db9bf3d9df561c2e5
grid,ia2c,mixture_3,51003,61003,3e616df4f7dfb6601e891dea2bef791fad270cfbe1187dd306dd4bc0840fa310
grid,ia2c,mixture_3,51004,61004,322dd68dd55ea9816ad19c0f4e8703625d2bc21c429c89471515a801659ab94a
grid,ia2c,mixture_3,51005,61005,7ef580120d1935930b750ca638a10cc38452e8e4d9fccee57f7082cae2da8f64
grid,ia2c,mixture_3,51006,61006,08af3df93628bb58e0a3a0b7f7fd950351b1bef9405b0b2ec40d75a01eec48e4
grid,ia2c,mixture_3,51007,61007,52bb54f7ac8cf007a76a27672555cf8be3dd7e551ee72305fde2dc0bfc3d1177
grid,ia2c,mixture_3,51008,61008,727bab3eed4fec1ca69cb7dfe05059e3052b6a1204994c24ff4595b92ba52ef9
grid,ia2c,mixture_3,51009,61009,83b8e2f059cbaeb7b49d88967de0ee9d2cf4e70a0fad84b8317a6a37b77a00a7
grid,ia2c,mixture_3,51010,61010,62584af46bbcc9c71113a6799a06cf0b802f83a015adb7a6cc7a399ab2b8ed38
grid,ia2c,peak_1.1,51001,61001,55f90ba54c023b74ba78bd676ec13f65857b2db911c4c73e09bd6642d03090be
grid,ia2c,peak_1.1,51002,61002,b08379c97ef0dd683eff430f87792d116b817ed0d0ce8421fe4a6bcd20c3a21e
grid,ia2c,peak_1.1,51003,61003,a2470578ee9257665c1a2970683903117ba2e2ea48b2cc2fbd405d1dfff673ab
grid,ia2c,peak_1.1,51004,61004,f5c64a3c203eefa02997a262d1fa28f56ec0479cc8facbea1d825ac6d3e5fbe5
grid,ia2c,peak_1.1,51005,61005,69d18c52090c90f2f12b7e152f29c57c62fad0c355f96922263a517dedfa85c9
grid,ia2c,peak_1.1,51006,61006,f8d11772502b7ef1a738798c7cd9faff597f9350f5dc0f424e1cc9d06a0fb93e
grid,ia2c,peak_1.1,51007,61007,7dae760846ab5fb00b7f8cfcdd9c6472c91b03cb546e9a841adfa32bd329be13
grid,ia2c,peak_1.1,51008,61008,4eab391be8f318af3b1a47a7b07e989b08a8b2ae898759908acc7b802423ddd8
grid,ia2c,peak_1.1,51009,61009,1821f667d2f4915514cda24983d1ff3503aad25afaef38c775cef7debb779ffd
grid,ia2c,peak_1.1,51010,61010,49ab49cc04e001f92de4dbf540e3f8aaa1d5d93285e4b0dafd076015bdfed459
grid,ia2c,peak_1.25,51001,61001,aea05171e2405a03d7beb5e25953aef0ee1742fa8f79200547b0d49435a14dc7
grid,ia2c,peak_1.25,51002,61002,96279fe50bd893d0500ef78cff2cc3770efd720f4cc4e5a5e8ae9984150c9241
grid,ia2c,peak_1.25,51003,61003,3020ebfd4ee22d864f63ae5588d1c0e2fe0e2769fe60dd8070376277e9230fd9
grid,ia2c,peak_1.25,51004,61004,722f7e5d0a978be574dc1c04263da89cef99c0ad78d15c044eeda66beb4df7a0
grid,ia2c,peak_1.25,51005,61005,df7bc7a7ed7cde2801f4b3ca0ea65cac16504e0644c80cecacfa08a2d55afff9
grid,ia2c,peak_1.25,51006,61006,af4f219d282ef570b77e95826caf72d73ef2677420eef2ac584900b527cd3a9a
grid,ia2c,peak_1.25,51007,61007,e540057dc2ea1b2589a3cb551eaea7d47e084861a9821752e36cf70a508b2eee
grid,ia2c,peak_1.25,51008,61008,06b992e439de94b7f4f1aabd22244abca46fb5d74a553a8ecbffb633da5d8d2c
grid,ia2c,peak_1.25,51009,61009,b7d6638cb9cf692bd413ea2932bde8941e39f0bec6cb532676f3886231a8c9e1
grid,ia2c,peak_1.25,51010,61010,a66cfd3eb7b1dad1320166e049dd9c5712c3a2d8ec678194cae1400481c40651
grid,ia2c,peak_1.5,51001,61001,1dfb759ccdfa2257827eab936507c985b73b11f50b8209fa9d7e2e0d801e5c53
grid,ia2c,peak_1.5,51002,61002,c3fd5fa2b46fefaf2a5f8ba35b2c2107046f32bf33af842ac4434424d5c44174
grid,ia2c,peak_1.5,51003,61003,a3b40b01c40e554fa0e1a92a2ae1e8be02180b1b57e066c37dab19664766cccc
grid,ia2c,peak_1.5,51004,61004,016fac35c8bce50b6327fc9c3845b7cac24d82f35b4a2ec16170a09883622273
grid,ia2c,peak_1.5,51005,61005,6969decd5fc8abae34d497ee7b2d9729a0946169d009e44b63e70ed673c28ad7
grid,ia2c,peak_1.5,51006,61006,2b588349113cc0a789bc57276c45915dadf9df112a403fd1cf671d4914707b6a
grid,ia2c,peak_1.5,51007,61007,2264a653118bf620527878a68ada5b1225fc9aabda8d1f9d5e7ef0536f126eef
grid,ia2c,peak_1.5,51008,61008,2edde199050f27a86e6e141fe1bba117b6ec3746aebacaf824b457eb1f8f1b31
grid,ia2c,peak_1.5,51009,61009,d43c152398174b71a6993d31d8081696ee9923b155eda795897ad5e96e551157
grid,ia2c,peak_1.5,51010,61010,95588be6d7966c25fd8416fc8496a38e4f339e35b816c95ac7710c8d3a90cecb
grid,ia2c,redistribution_0.25,51001,61001,8be6d0c032d9ae27b49ac9c8c3f1f7e0dad5cf9ac46792d378f16c64bb87c408
grid,ia2c,redistribution_0.25,51002,61002,fc11648dcdf9c12a1299dbc09158bce876acc4e896f6aceb5768b9dae1ada28c
grid,ia2c,redistribution_0.25,51003,61003,43f188e0aaf7e6116b9915c04b32b07f0a01032d5490f6677b088cae1786bb06
grid,ia2c,redistribution_0.25,51004,61004,7f91470b305eb4777f2663165bec8c7d0b933e652975a58c17dfe3082cdb373e
grid,ia2c,redistribution_0.25,51005,61005,4768f62b6488c1ddae3b907333580cabbba161d9c35a881ba766ad81174b396f
grid,ia2c,redistribution_0.25,51006,61006,05adaa1b1691711995f4fe55a2153213f2dc843f2af5ef3055de7cb3e3929fd7
grid,ia2c,redistribution_0.25,51007,61007,71e6fa6b71ae32b176edc2b4e22b8fa023466b4d396193b100555b42c2fb17f9
grid,ia2c,redistribution_0.25,51008,61008,6da35bb2230f345777ef3fd4895ca0c4116d021b5e400f854008d605b4c90c73
grid,ia2c,redistribution_0.25,51009,61009,9dc56baa6b8c46e3ebb6534da476f9dbdd323a2c8431e8ad1d9b7a512cbde3ab
grid,ia2c,redistribution_0.25,51010,61010,55bd386b6b754618e1998fdb6f88e8f12347a7e641ad050d4b3c735458f291c6
grid,ia2c,redistribution_0.5,51001,61001,2e269a0c4a87d52288467b4fda4e9a7cea666e174768845f6f1aa4a3671a30d0
grid,ia2c,redistribution_0.5,51002,61002,1b7649ddcf7a8ce23df1f364dae86967d4b3d3f720cc321e5877e4f11c0b2839
grid,ia2c,redistribution_0.5,51003,61003,20ed616e6baecca4dd79862ba236d07481fe31258c9d0eace9339d9d1e35f7e9
grid,ia2c,redistribution_0.5,51004,61004,c8740f6617831c1c203798cc9802b93dbf042788c10b9b1ba0b299eb34865e93
grid,ia2c,redistribution_0.5,51005,61005,46a70fb8fd2e4df1fc9dd76959ee7f860c50faf60dd2c21dac1f76e57fefd12f
grid,ia2c,redistribution_0.5,51006,61006,eccba4b865da1364914827a293f89f92990759c1337464434f97cb53216befe8
grid,ia2c,redistribution_0.5,51007,61007,ee3eb9f7c25a8bb2266cf69eb91bbd22bce452723ede1b6d23667991126f0529
grid,ia2c,redistribution_0.5,51008,61008,a772132b551f0616d288a2ced8159e40a983bb4bd8862811cb65c1716cc44e78
grid,ia2c,redistribution_0.5,51009,61009,f9a5384b9621e78f554e82b5ad355f65aeb8793ea1bcd08f6850c1b705019ada
grid,ia2c,redistribution_0.5,51010,61010,8d6c102c819ca5e9bc1fa8dc59c56aa59e3925731c77c0b0296179a6456ae8e7
grid,ia2c,redistribution_0.75,51001,61001,9edfb91368693cdbd6bf0244591aec8e57e4489f54e4423a3ff1901da00d0a32
grid,ia2c,redistribution_0.75,51002,61002,a45a84f00e9f095e121ec0ac79799dd6ed586742ef2b022bb52434bc406b0010
grid,ia2c,redistribution_0.75,51003,61003,ee7d8bed38116da65b172539c892eced4aabc6e43e3aa8be6b552c17755ea998
grid,ia2c,redistribution_0.75,51004,61004,a5e5423fb5544eb82c86e5cf9c82abfcde5206e0b8027b0fa6fe4b20b718495d
grid,ia2c,redistribution_0.75,51005,61005,416ed94dbd272d5fa1145bd1d37d1a2bad5f8f715d874a330ad571d0c52af572
grid,ia2c,redistribution_0.75,51006,61006,f742e5275afdeb372b4c694b97eab0491694b2c01d1d17bd362ed683276df2f3
grid,ia2c,redistribution_0.75,51007,61007,74ff763cbdfaf7e9a665ee15a566c912b9fedc21358996a386ab23a18d224ad8
grid,ia2c,redistribution_0.75,51008,61008,6314d5fb76246e5c9a380161c457f1515b21bbba003e4b1745022bf8b4a45baf
grid,ia2c,redistribution_0.75,51009,61009,7883f94f9539cd9ddf6faedde3667ecc9535da08516ed5bb93790e4025d373cf
grid,ia2c,redistribution_0.75,51010,61010,f33f6f3fd73596c6b5cee7ffa483a7f4905b83dd85bb1f6006366b5701470e62
grid,ia2c,seen_Center_to_Periphery,51001,61001,aa2fb3840144b1cd419bf2f45a7f00f17254387d2d5ea18ea8d67df2496faebe
grid,ia2c,seen_Center_to_Periphery,51002,61002,c2e398da7ee8c4bd74130c0cbc64688c9c22919942daf8682ed01d7613c542a0
grid,ia2c,seen_Center_to_Periphery,51003,61003,d4eb1b924958b4b9b8afa7bcfb01770ffd67f97c2e2ff7733511d75d5d9c3b92
grid,ia2c,seen_Center_to_Periphery,51004,61004,df2edd2f60ef9352303c5d8076170a721c3d23965c0066f740c72a6c41c76caa
grid,ia2c,seen_Center_to_Periphery,51005,61005,2e9a8a6967cb8d1c5accc1a31c8a727dac9d68629bda4c4036759a3ef11f158e
grid,ia2c,seen_Center_to_Periphery,51006,61006,edfcc44272e6d53db47e4f5b2798c10e6df6e07f6471bd3d6221d56d77775963
grid,ia2c,seen_Center_to_Periphery,51007,61007,695b70aeb40d0f9525c60695222ececf5fc840ccb0f03c07b4c4cacc2ba231e6
grid,ia2c,seen_Center_to_Periphery,51008,61008,24c80ebfa681ec4a588428fd6260c0bf02adffa89804fdd3bc4e17baf6b2b136
grid,ia2c,seen_Center_to_Periphery,51009,61009,beb7653d0164c862b6906cd7cba518e1b2784b5f012f704c9ab32ac516013df9
grid,ia2c,seen_Center_to_Periphery,51010,61010,f969c2d06eb0aed634d1775984abe41162e3c06b9df853d3ca5860f220029453
grid,ia2c,seen_E_to_W,51001,61001,8cd4abc0b02f3f43f90eede634e3c8ad4fa0d9bf2f7813cacee1664da0413c3d
grid,ia2c,seen_E_to_W,51002,61002,b54a6ca82852c360a17958c8fa93dcbf65abd4895370069a28d802bb8e3809ab
grid,ia2c,seen_E_to_W,51003,61003,b0332b4bd7ed994eea20dae9a8e7cb05a5fba65281d1f5251948a3315d1eff7a
grid,ia2c,seen_E_to_W,51004,61004,fc5a533686ac34adb8f45a1b3dd29576144029996b50e314be8502946f4bdb07
grid,ia2c,seen_E_to_W,51005,61005,86f70b843013c640b820940cb6de8f870488eade46ffe1e44763cb208b1269c2
grid,ia2c,seen_E_to_W,51006,61006,1a6010fd2a31d3f290266216628e6b491c57c79b01e2518df4462077a29d7963
grid,ia2c,seen_E_to_W,51007,61007,6feeb904b5035651feacd430af1414dc74d41925538553f515733eaef02ec230
grid,ia2c,seen_E_to_W,51008,61008,92b8c9b877328263b131e8987fa61791c4361d9830cb39e1c56e8cfdc3ec50eb
grid,ia2c,seen_E_to_W,51009,61009,1ab679dc79ed94578f6fbc9acf389e6567bc2feef1d7c29ffc17a52e4cfc3787
grid,ia2c,seen_E_to_W,51010,61010,bb6da2da00cb597ae9610bc0cdb84658a1e544bb8db76595f66005f8889554bc
grid,ia2c,seen_NE_to_SW,51001,61001,0ad6e753792d5afaa44c2b2150bc114c12a9f227648d8dec94680117f4ec46c4
grid,ia2c,seen_NE_to_SW,51002,61002,a1f9a44cf4c9337fef6c0808467be06382e291467f8296ac3e1f8e06f477d3eb
grid,ia2c,seen_NE_to_SW,51003,61003,3ad73462ec0aac0468c42904a2aef6b0c12f33eb9dd47e3ead877d4ffbf7a368
grid,ia2c,seen_NE_to_SW,51004,61004,376386354c30b0a340d6e1a3bf540cea1d34cc34c1e89c27d12580ee5adc5d83
grid,ia2c,seen_NE_to_SW,51005,61005,c8a5abfa0954d97f0c25fc6ba123e23563a31bc1cbc6084cd98b2656138d00ac
grid,ia2c,seen_NE_to_SW,51006,61006,ce8ce02d0c5f456951ef7d47256d307dc2ea35ae6219b55508d5f7c21d4ebb21
grid,ia2c,seen_NE_to_SW,51007,61007,635806d3c20dc9189b5c96dee808e4cc3be8100b45fc6ec141d09126cd0d2037
grid,ia2c,seen_NE_to_SW,51008,61008,5408d0f1e0779f198bffda1175297835d8071fa2781a5c5e3373b74435789539
grid,ia2c,seen_NE_to_SW,51009,61009,73f718321777bc33af76e6aea5043d1e453e1b7de8efb48fde42edaae728f931
grid,ia2c,seen_NE_to_SW,51010,61010,6e6f1b21675efffbcb9ac37bf8dd51b27a91073555e9a24ee8f4cdcc0bf61b97
grid,ia2c,seen_NW_to_SE,51001,61001,eda8d3d6de6fff78aae557f9ee46a74080019dfc108fcec1cd7b89405290f8b2
grid,ia2c,seen_NW_to_SE,51002,61002,707ee219d275b42f729b8a6b57d6c3e03aa92d8c935a0e2ea944facde1a430b1
grid,ia2c,seen_NW_to_SE,51003,61003,27324176bb34dc93bb964afbff24407c00ebdf856d62296722824ce7482425a2
grid,ia2c,seen_NW_to_SE,51004,61004,84320512d94877c9d78b34af0ad4997bbaeea7d99ec3872ea5e2ff0104b51ce2
grid,ia2c,seen_NW_to_SE,51005,61005,fb6c2f56e51d864b7c60ea36ed58d45dc0dd35fdf1dc3db2aaac75cebf3ccafd
grid,ia2c,seen_NW_to_SE,51006,61006,32c2f6c69014d1a98fccf147333fe824ed085c9e1adb798e6eaff65c5ce5c4d0
grid,ia2c,seen_NW_to_SE,51007,61007,037cca009b26e4042ab4d016ee96d6c46f5d873fe106603e0b18856c4e6df5f9
grid,ia2c,seen_NW_to_SE,51008,61008,cc5bf0909d79299c907913898ecb7c42eff02f9b086ee70236bac8fc02bfa41f
grid,ia2c,seen_NW_to_SE,51009,61009,9c1ad2a15e52bb5f038fcd8c56229830cafd333e8f56a2de2793ba550b402309
grid,ia2c,seen_NW_to_SE,51010,61010,68e81a0ed118e45887c9940da6041dd2440957b5acd003b2592beada4cf977f0
grid,ia2c,seen_N_to_S,51001,61001,ddb93ccf0362e0d9a7c53ae99a92000ae261b02c91c58df43bdb174b5d5745b0
grid,ia2c,seen_N_to_S,51002,61002,113048e04a928dfa255e39bb87490b9cb218f3086ab886cfb97c8ffe7f445b5a
grid,ia2c,seen_N_to_S,51003,61003,656863975be798565cf3cfbf3e58ff4a6b76663ae3d7795b6fc068a633fe4172
grid,ia2c,seen_N_to_S,51004,61004,9654f90e84acdc1734d35595283c863b8ad620023a01249dbde6490b7d322922
grid,ia2c,seen_N_to_S,51005,61005,cb5f503da61c7fe6e974b4bc55a6bb25f3ef405c653a34bd6a58200725d144f8
grid,ia2c,seen_N_to_S,51006,61006,3866c3ae52c871ecd6bccc86a2cecebbc4702091b45c571c62f60e0887c8403d
grid,ia2c,seen_N_to_S,51007,61007,1bdbd60728461d489cd169f0599b0370c85a0bdea1850716f06b592555c9c8f5
grid,ia2c,seen_N_to_S,51008,61008,5d3ce05767519f2fbd7246de3520607e8e6e57fd97e67390bb1fe5ec42dd4712
grid,ia2c,seen_N_to_S,51009,61009,3fe911bfc36f02806e3caf9c1e50db34a556136c9208dc4ef8593e7179dcc17e
grid,ia2c,seen_N_to_S,51010,61010,c17b7c6cebf24ac9383f4ee2d16a61ed0551d4d9a68f270b3898c73f81a9295f
grid,ia2c,seen_Periphery_to_Center,51001,61001,183630aeda791be6051297ab749f951c163e440eff2e9c27860c623922d5dcf6
grid,ia2c,seen_Periphery_to_Center,51002,61002,832ddfec7c9003dcf556e26d786281e142e0a74bd0ed0f7a4f72f88a554a6281
grid,ia2c,seen_Periphery_to_Center,51003,61003,c573d7b8631f33e02a8340f6a3f2bfe6d558f990daeb61080e5cb132338a4df5
grid,ia2c,seen_Periphery_to_Center,51004,61004,db13f00e0dc285789d7185351671c6c94ae4aef7edb60885805d0ea917afa88b
grid,ia2c,seen_Periphery_to_Center,51005,61005,f1b5fe61cf32bc2d033ca7f5efd4ab559a2ca98a7a8b2507af438f29ab05bce8
grid,ia2c,seen_Periphery_to_Center,51006,61006,da5ecb7e4b65c8df988f01e7c09b6115acdca9ac9e3645f4166b01898070502a
grid,ia2c,seen_Periphery_to_Center,51007,61007,f75119fd71b9bde00d9ae69258110a7f4b8c9b7fa85c9a00c142a4f72b7444f8
grid,ia2c,seen_Periphery_to_Center,51008,61008,8912e7ce9f27b476d9d83b3d5fea2d6f12f4f8795a6fff52d673ae5300fb733c
grid,ia2c,seen_Periphery_to_Center,51009,61009,6c236587eb0ba4f0e8599a8ad633dee0f6a774a193cdd7598199e9be5805a12d
grid,ia2c,seen_Periphery_to_Center,51010,61010,b43c0ebb1727b8da42ef52b4bfa6b3e1540431868d1077fefe3d8ba835d49ef0
grid,ia2c,seen_SE_to_NW,51001,61001,6feea49caf76d721c7f5f7e978e6bfdddc0ef9177e98faffe840d99f7191b6d8
grid,ia2c,seen_SE_to_NW,51002,61002,bdce8532b286c2604f33306c51be73ad4ac147bef6ec36492aa2db662bc4b1bd
grid,ia2c,seen_SE_to_NW,51003,61003,89bc6808b13021692804ef430557f4f756fac6fb35ad7bd9ac9e46f3d53611be
grid,ia2c,seen_SE_to_NW,51004,61004,3cd3c6f238fc07266db310fa91a1a615e02487ae0dcac91a35f54337f9658e08
grid,ia2c,seen_SE_to_NW,51005,61005,8f2fd6c884360cc044710ba590d050df8743dd46e6c5659f895923afaf599c55
grid,ia2c,seen_SE_to_NW,51006,61006,0dc9ed1b6d09778f8d704d6d137e2586a8f4265ef531dc9c2da10d9e959e15ff
grid,ia2c,seen_SE_to_NW,51007,61007,6e1424c2c7924b552dc49319a8653494df5d45ebbd52e1659b3f526fe5ec26e7
grid,ia2c,seen_SE_to_NW,51008,61008,076808a4b221003050e681059f6ffaaf6a8da6dcef55b20b323ef7700c3ec721
grid,ia2c,seen_SE_to_NW,51009,61009,db040c435afb324360c44bf751c0c4db62c68eec70fe9169660b0efb473e7c28
grid,ia2c,seen_SE_to_NW,51010,61010,9654c469f7a05d970a3170b639de40d59c759df830ca3e2c0d0a941adb6161de
grid,ia2c,seen_SW_to_NE,51001,61001,a6c8bb25563e4fd33205bd42cf703ff06908edbd5ce1267956eb66a72179db43
grid,ia2c,seen_SW_to_NE,51002,61002,1293d1b2163ff055b07fe8e27eacb96e495a4185eefdec4c63cf4bc27c5d2f03
grid,ia2c,seen_SW_to_NE,51003,61003,7e4893c073e3867d964a0f33444c1a59c5e39f1172f2e8ff191168a11038aa5f
grid,ia2c,seen_SW_to_NE,51004,61004,060637e2d7f4071635ec5e58a197e73a37fe9123f605073e518557a9d0603e4a
grid,ia2c,seen_SW_to_NE,51005,61005,4cb3f720ac0d18e6705b350ba9461526a95a450d7f59047a98887c99de2a1c06
grid,ia2c,seen_SW_to_NE,51006,61006,2d0613d64f129f7ed6fd4a03cf1180f3f986553110ec50569e61d4f4f697787c
grid,ia2c,seen_SW_to_NE,51007,61007,c061c161ea16e6b6344192d43818d76c77195bc4eb301cbeeadee030acc0c4d9
grid,ia2c,seen_SW_to_NE,51008,61008,c6fa8c65bfd491952ffcfe4b399c79f07893705090b1a12b0a586e5db5b982ef
grid,ia2c,seen_SW_to_NE,51009,61009,149b21c1c88b1a3844391f548c54cee27ba778856e40295634c758ae658cf4f5
grid,ia2c,seen_SW_to_NE,51010,61010,d8a4faebcf41e4b41417710964064b344bc70e93c52bfa703d9acc7ca44def63
grid,ia2c,seen_S_to_N,51001,61001,fed647eee358d097fe2dc17477c1c67c5c8ea5b4707fdd3efd6ffeec2c30bf75
grid,ia2c,seen_S_to_N,51002,61002,fd28331495dfa065820205dd86a832e432fe36719395ef7a006294e415c5adac
grid,ia2c,seen_S_to_N,51003,61003,c0e782b6d71291995860b7c60827bb41bbb7fa4bcd42ba1d2bed2f452798b21b
grid,ia2c,seen_S_to_N,51004,61004,1816bddb3af26387cf27c3948c334d96890714a4dd0ec862b258e27bee08cf6f
grid,ia2c,seen_S_to_N,51005,61005,6886de84cc4e108a1c5b81753bc8ff673e9f651a18d7b18b56b7146a0f460c59
grid,ia2c,seen_S_to_N,51006,61006,70f3864f87353e251ea66918a3303944742097f22d5caeef437f6c215a42a5aa
grid,ia2c,seen_S_to_N,51007,61007,e1793242deb9bf7e2114ab4e044f2d7b4108c50840494a7736f2edba0084790f
grid,ia2c,seen_S_to_N,51008,61008,8ea9f4141bcbc53e9743357e23934f38d24ea86f12d74cdb2defbe1d3de1540c
grid,ia2c,seen_S_to_N,51009,61009,1bbfbc931b1c8932e1755232a965c305bfe717602e53f78a458845c8e9758703
grid,ia2c,seen_S_to_N,51010,61010,240c018bbbadbde06ce9b35239f51c8ab4d51e17a6924f4fe7a12076c47b26b5
grid,ia2c,seen_Uniform,51001,61001,6b994c9b4cf4ebd3fcfdc1ff4f52299a1162dffa77ccd3d7678ed4c272b9a348
grid,ia2c,seen_Uniform,51002,61002,5ad23e32ac229200bd76282fcdf5ad48d9fa66095994899dd6ce7dd77c516c3b
grid,ia2c,seen_Uniform,51003,61003,bb9c03fe76dc1cd8c4d1c4254208c1f9b4253a0b67365404697d59bff75e2d8d
grid,ia2c,seen_Uniform,51004,61004,65b42fda0136a225a4f18e974f62aa0ce8e7ac696bd8a17802b87b23f24f410b
grid,ia2c,seen_Uniform,51005,61005,e3889073efb474027414cbb480e757d456a16d6e81f86cf489f378a9baf28efe
grid,ia2c,seen_Uniform,51006,61006,e137de4937780316e15882a977451dc60bc36959110b8e1b6e1fb59e114bed52
grid,ia2c,seen_Uniform,51007,61007,6da816740afd009dd98e76092afcb68f9aec6a71f6e81cbd95b4b8ee53d24a2c
grid,ia2c,seen_Uniform,51008,61008,67974161a65ca443a0b3a7b1cf57a5e1651d7bd97dbca06aa603d8540d554967
grid,ia2c,seen_Uniform,51009,61009,6334e0ef3bc612234f5f9016db741cc13862b19800b4f00a26ab088c482d5c7a
grid,ia2c,seen_Uniform,51010,61010,b1706baf7064d4da0d375dcee857ac74174aa1d5d289b99f85aecd9be024398b
grid,ia2c,seen_W_to_E,51001,61001,0ec99420666d6f06ff31b418f65104d946de75dab87894bc64cb2e181f7d1a73
grid,ia2c,seen_W_to_E,51002,61002,1bef2a222d08ae1fbfb375f94803649ddb77eb4d96027675ae891cbb2d229414
grid,ia2c,seen_W_to_E,51003,61003,b247e35954581686038853bef4d000009cad2ca3938a38c471611b13d758ab4f
grid,ia2c,seen_W_to_E,51004,61004,64747dde59c5004d2a473949b132878e545e39202a2c18752911196a46793417
grid,ia2c,seen_W_to_E,51005,61005,0beb7907e4a045728b518bb1af7a10ec69253422318904dcb8067fe4d8a74e63
grid,ia2c,seen_W_to_E,51006,61006,b61c8f93bfc352ae9128a1c303e22aeafa5d100de7c6bb196906c3124118ad10
grid,ia2c,seen_W_to_E,51007,61007,19e849964d098e2afb78f635a67005bd237d6a2d2177f193578341da7dcde12e
grid,ia2c,seen_W_to_E,51008,61008,47f80ce56a79b40323e74f988720e98d81d6c0bcae77df4c0261d3c98c8dc2b1
grid,ia2c,seen_W_to_E,51009,61009,8e9e12f7c321aa2958cf62f3b2bc79533297fefe54c52e9fdcf8d5c0232bc9cf
grid,ia2c,seen_W_to_E,51010,61010,c5c8f70df557dbfb39e5e80c860478d6a004f9fa7710c494ddf79ea4bac3fffa
grid,ia2c,switch_1200,51001,61001,0e475375bf530e15c6b3b65d0910e45a64eadbfd2a4636319d2b7d4014d9c3af
grid,ia2c,switch_1200,51002,61002,b7a2b52cbd9a8d64cbb949ae34dee876dc99b302ccded16df11db5955a85ea25
grid,ia2c,switch_1200,51003,61003,82f8950c61ad08d533c7d922c73a9aec8db5d00b8dff59193b414b0d088336c9
grid,ia2c,switch_1200,51004,61004,051d2aec3d6445ddf5226d7194cc4d1e259c124b155bb98a7c07e4685f5bd7f2
grid,ia2c,switch_1200,51005,61005,2bb6dc41a40f3efe15450d4e5b7feea98ac08aa1bd399d3b31b277533ab11521
grid,ia2c,switch_1200,51006,61006,81873deaed20388123e85bb169a62a8118a96741aef6ef4f4e04b3627da23878
grid,ia2c,switch_1200,51007,61007,5d97873a81e2cb8760c3a0d651018f3ea5f37e03522315232639fa07b6832ad9
grid,ia2c,switch_1200,51008,61008,ed7147e8692bf4e0537d9ef9c810b1a1aa3d5b7f938b843ec2c5c6e9c1226f8c
grid,ia2c,switch_1200,51009,61009,abfb5797262b5781369eb17b4c8c96215195f3bb45e0d9c275c7205c1ed4f660
grid,ia2c,switch_1200,51010,61010,d34440c456d65cb8f9a2b03b520e81b2fc9215221b322be8c018438356564156
grid,ia2c,switch_300,51001,61001,d0c2c7036454254e3a72a935282349ee103d3407ab0a60b0ae5439ca12c80d93
grid,ia2c,switch_300,51002,61002,039af2961588029c4bdcbe076620746d71cc8a6c25d160f0afc2e2fb400ee9b0
grid,ia2c,switch_300,51003,61003,e7e9fe23f89fd4c7c329087ad568af255e64f71addac82004cd9ceeb5a4db6e7
grid,ia2c,switch_300,51004,61004,46cb2d46e4d2ce3dbda82d7c4548aaef5adec54f5298b756c5baa87746a6671a
grid,ia2c,switch_300,51005,61005,1d40a52fd749b97829d1af9db5de57b118d0160e07274c0e9a58442279e1a531
grid,ia2c,switch_300,51006,61006,a31d1f53dbc75cbaed976bfd0892823ceb935a3fb46cf312409ec988caee101c
grid,ia2c,switch_300,51007,61007,9b2460b8aff1cd17132f095e2512c419f86feb8e4f1a84bfb3af08e1519290c6
grid,ia2c,switch_300,51008,61008,61c5cf606b93f9fa1c619fa16e2c5a11208f4362f4b151f830983a6e3719e0c2
grid,ia2c,switch_300,51009,61009,43ab82516bf69c453633b863962472fe6d428fa16dfc2aede720b47f1bf72229
grid,ia2c,switch_300,51010,61010,460cb4f833cda19cbe8d34191512634f9bee9345b3838119f0f887d953497d8a
grid,ia2c,switch_900,51001,61001,0b3aa209326141cf07c78576f354f155ac6aebaebfce3893cea3aaeba202b763
grid,ia2c,switch_900,51002,61002,06a8f3801a3c24ea0068b839da7129fe9883f716616f4b1a6d4c9d416880631c
grid,ia2c,switch_900,51003,61003,ac3a4007ef64506a551e953697e00544835937f3b83765ef2a5be37a88f555f2
grid,ia2c,switch_900,51004,61004,db7743a061ffff99a79e5b226eb5da79614cf1d73f12fc4937a3e56e923a81b3
grid,ia2c,switch_900,51005,61005,c4e02f5ea08220319b8e82cec26eada57056b61aab8ca0fe523e03373d432362
grid,ia2c,switch_900,51006,61006,e95d6c910f41b0d39e9815b342eb7355c5e8b67dc93e774baf67c852996f18d9
grid,ia2c,switch_900,51007,61007,4e194a6b3abccaa4c8f17daa2f6df9b384521c05f34d513cc8fca1144645397b
grid,ia2c,switch_900,51008,61008,d586d40cd52067c6fefd770ddb75fe385abc583ac34d38434086dd281f88ca44
grid,ia2c,switch_900,51009,61009,27eba8742de0c298e82091d70f8f54c434dcd8d7d1428a33be31f2d5311af0c5
grid,ia2c,switch_900,51010,61010,67f94d4bb750a81db0b9fb849939387dc34a11df44aee13b04b91ebe6ba6ca92
grid,iqll,mixture_1,51001,61001,7cb8a3d6a3a8a83cde98d1401297a72780dcb585ae47b6179e4f4d069efa7774
grid,iqll,mixture_1,51002,61002,c82f1d4952f6cda651ca56ba79f545f970c765c9a106a57a23206d7c9d009771
grid,iqll,mixture_1,51003,61003,5538be0677bae4c2bd7144b5a5555ad2daa61a9f8e22f425f1e089643df656d9
grid,iqll,mixture_1,51004,61004,985ab8435196c555b1ae0c53d8345d50d2905df425591579fe84422d7fb0bfc8
grid,iqll,mixture_1,51005,61005,3e0282583500537f05678321482aaa82a83f882ee97674fd73f723245d758c4b
grid,iqll,mixture_1,51006,61006,77d66d035e8253bf19483134cef8f4cc15acef9f58768954cc5768518580ab46
grid,iqll,mixture_1,51007,61007,1d454a23bd9fc2f603f9dfb052eafffa1ec60049abe278386e3e63b7da5744f7
grid,iqll,mixture_1,51008,61008,74e227a1fc61d63748eeaf7242d241a571f44a461fbf78ae94094dd133651f11
grid,iqll,mixture_1,51009,61009,b44144c918ddb7187afedd778f57edfa8971490befce356297d2c8225000cac0
grid,iqll,mixture_1,51010,61010,e596474fc129e11cb2ea349d3cd7457bee21776c7449552a85d9d3a6fb4cf2b1
grid,iqll,mixture_2,51001,61001,fab32fab56ef5d04a2c7cb2b3d213e6cac32c4f14b1326bd1b5165c1686bfe5f
grid,iqll,mixture_2,51002,61002,a2f9eb5a6e9a19dd78dffdd2109d8d64c535944c9679bfff4b4b257b96b08b85
grid,iqll,mixture_2,51003,61003,dacb8b1e0503697ab7c07a732d30ec6309ac075572591446db1714519e75775f
grid,iqll,mixture_2,51004,61004,140569ac8bd54bd4aefa0c6a07e4f8743fca4b3bc59154b1d5c71e86d82f470e
grid,iqll,mixture_2,51005,61005,d0fe44ad267c62d0145c88a48c85a99f147cb9df5554183a3bca03eab7fe4c93
grid,iqll,mixture_2,51006,61006,3bf4a5e25ba7c35db6811986895a983479111669205ba4cf113a79e87355a566
grid,iqll,mixture_2,51007,61007,55c3fb3d48d7da042838b9c23ed9441fd39e22b79cbb0e6b18d69a351f4557ab
grid,iqll,mixture_2,51008,61008,f59d3b2d473c05c93f8f72e5ff03bf1077703888ec982ce408b6999f50e3bb9d
grid,iqll,mixture_2,51009,61009,d749dac58065d8008c961bde0dd03f87ea3eebd1808beac29f2750bf3a26c3e2
grid,iqll,mixture_2,51010,61010,3038355b834e0e9fd9c6943d04dfff1b0e4bbd301df682966e7f6031e5e26d29
grid,iqll,mixture_3,51001,61001,d492bc1e769379eba873107a508bbf8fdb919c67a2c957b6cac45e7d61d947cd
grid,iqll,mixture_3,51002,61002,a99db7cc735fa9ab9256bb2704fe2a9e605411196c30923db9bf3d9df561c2e5
grid,iqll,mixture_3,51003,61003,3e616df4f7dfb6601e891dea2bef791fad270cfbe1187dd306dd4bc0840fa310
grid,iqll,mixture_3,51004,61004,322dd68dd55ea9816ad19c0f4e8703625d2bc21c429c89471515a801659ab94a
grid,iqll,mixture_3,51005,61005,7ef580120d1935930b750ca638a10cc38452e8e4d9fccee57f7082cae2da8f64
grid,iqll,mixture_3,51006,61006,08af3df93628bb58e0a3a0b7f7fd950351b1bef9405b0b2ec40d75a01eec48e4
grid,iqll,mixture_3,51007,61007,52bb54f7ac8cf007a76a27672555cf8be3dd7e551ee72305fde2dc0bfc3d1177
grid,iqll,mixture_3,51008,61008,727bab3eed4fec1ca69cb7dfe05059e3052b6a1204994c24ff4595b92ba52ef9
grid,iqll,mixture_3,51009,61009,83b8e2f059cbaeb7b49d88967de0ee9d2cf4e70a0fad84b8317a6a37b77a00a7
grid,iqll,mixture_3,51010,61010,62584af46bbcc9c71113a6799a06cf0b802f83a015adb7a6cc7a399ab2b8ed38
grid,iqll,peak_1.1,51001,61001,55f90ba54c023b74ba78bd676ec13f65857b2db911c4c73e09bd6642d03090be
grid,iqll,peak_1.1,51002,61002,b08379c97ef0dd683eff430f87792d116b817ed0d0ce8421fe4a6bcd20c3a21e
grid,iqll,peak_1.1,51003,61003,a2470578ee9257665c1a2970683903117ba2e2ea48b2cc2fbd405d1dfff673ab
grid,iqll,peak_1.1,51004,61004,f5c64a3c203eefa02997a262d1fa28f56ec0479cc8facbea1d825ac6d3e5fbe5
grid,iqll,peak_1.1,51005,61005,69d18c52090c90f2f12b7e152f29c57c62fad0c355f96922263a517dedfa85c9
grid,iqll,peak_1.1,51006,61006,f8d11772502b7ef1a738798c7cd9faff597f9350f5dc0f424e1cc9d06a0fb93e
grid,iqll,peak_1.1,51007,61007,7dae760846ab5fb00b7f8cfcdd9c6472c91b03cb546e9a841adfa32bd329be13
grid,iqll,peak_1.1,51008,61008,4eab391be8f318af3b1a47a7b07e989b08a8b2ae898759908acc7b802423ddd8
grid,iqll,peak_1.1,51009,61009,1821f667d2f4915514cda24983d1ff3503aad25afaef38c775cef7debb779ffd
grid,iqll,peak_1.1,51010,61010,49ab49cc04e001f92de4dbf540e3f8aaa1d5d93285e4b0dafd076015bdfed459
grid,iqll,peak_1.25,51001,61001,aea05171e2405a03d7beb5e25953aef0ee1742fa8f79200547b0d49435a14dc7
grid,iqll,peak_1.25,51002,61002,96279fe50bd893d0500ef78cff2cc3770efd720f4cc4e5a5e8ae9984150c9241
grid,iqll,peak_1.25,51003,61003,3020ebfd4ee22d864f63ae5588d1c0e2fe0e2769fe60dd8070376277e9230fd9
grid,iqll,peak_1.25,51004,61004,722f7e5d0a978be574dc1c04263da89cef99c0ad78d15c044eeda66beb4df7a0
grid,iqll,peak_1.25,51005,61005,df7bc7a7ed7cde2801f4b3ca0ea65cac16504e0644c80cecacfa08a2d55afff9
grid,iqll,peak_1.25,51006,61006,af4f219d282ef570b77e95826caf72d73ef2677420eef2ac584900b527cd3a9a
grid,iqll,peak_1.25,51007,61007,e540057dc2ea1b2589a3cb551eaea7d47e084861a9821752e36cf70a508b2eee
grid,iqll,peak_1.25,51008,61008,06b992e439de94b7f4f1aabd22244abca46fb5d74a553a8ecbffb633da5d8d2c
grid,iqll,peak_1.25,51009,61009,b7d6638cb9cf692bd413ea2932bde8941e39f0bec6cb532676f3886231a8c9e1
grid,iqll,peak_1.25,51010,61010,a66cfd3eb7b1dad1320166e049dd9c5712c3a2d8ec678194cae1400481c40651
grid,iqll,peak_1.5,51001,61001,1dfb759ccdfa2257827eab936507c985b73b11f50b8209fa9d7e2e0d801e5c53
grid,iqll,peak_1.5,51002,61002,c3fd5fa2b46fefaf2a5f8ba35b2c2107046f32bf33af842ac4434424d5c44174
grid,iqll,peak_1.5,51003,61003,a3b40b01c40e554fa0e1a92a2ae1e8be02180b1b57e066c37dab19664766cccc
grid,iqll,peak_1.5,51004,61004,016fac35c8bce50b6327fc9c3845b7cac24d82f35b4a2ec16170a09883622273
grid,iqll,peak_1.5,51005,61005,6969decd5fc8abae34d497ee7b2d9729a0946169d009e44b63e70ed673c28ad7
grid,iqll,peak_1.5,51006,61006,2b588349113cc0a789bc57276c45915dadf9df112a403fd1cf671d4914707b6a
grid,iqll,peak_1.5,51007,61007,2264a653118bf620527878a68ada5b1225fc9aabda8d1f9d5e7ef0536f126eef
grid,iqll,peak_1.5,51008,61008,2edde199050f27a86e6e141fe1bba117b6ec3746aebacaf824b457eb1f8f1b31
grid,iqll,peak_1.5,51009,61009,d43c152398174b71a6993d31d8081696ee9923b155eda795897ad5e96e551157
grid,iqll,peak_1.5,51010,61010,95588be6d7966c25fd8416fc8496a38e4f339e35b816c95ac7710c8d3a90cecb
grid,iqll,redistribution_0.25,51001,61001,8be6d0c032d9ae27b49ac9c8c3f1f7e0dad5cf9ac46792d378f16c64bb87c408
grid,iqll,redistribution_0.25,51002,61002,fc11648dcdf9c12a1299dbc09158bce876acc4e896f6aceb5768b9dae1ada28c
grid,iqll,redistribution_0.25,51003,61003,43f188e0aaf7e6116b9915c04b32b07f0a01032d5490f6677b088cae1786bb06
grid,iqll,redistribution_0.25,51004,61004,7f91470b305eb4777f2663165bec8c7d0b933e652975a58c17dfe3082cdb373e
grid,iqll,redistribution_0.25,51005,61005,4768f62b6488c1ddae3b907333580cabbba161d9c35a881ba766ad81174b396f
grid,iqll,redistribution_0.25,51006,61006,05adaa1b1691711995f4fe55a2153213f2dc843f2af5ef3055de7cb3e3929fd7
grid,iqll,redistribution_0.25,51007,61007,71e6fa6b71ae32b176edc2b4e22b8fa023466b4d396193b100555b42c2fb17f9
grid,iqll,redistribution_0.25,51008,61008,6da35bb2230f345777ef3fd4895ca0c4116d021b5e400f854008d605b4c90c73
grid,iqll,redistribution_0.25,51009,61009,9dc56baa6b8c46e3ebb6534da476f9dbdd323a2c8431e8ad1d9b7a512cbde3ab
grid,iqll,redistribution_0.25,51010,61010,55bd386b6b754618e1998fdb6f88e8f12347a7e641ad050d4b3c735458f291c6
grid,iqll,redistribution_0.5,51001,61001,2e269a0c4a87d52288467b4fda4e9a7cea666e174768845f6f1aa4a3671a30d0
grid,iqll,redistribution_0.5,51002,61002,1b7649ddcf7a8ce23df1f364dae86967d4b3d3f720cc321e5877e4f11c0b2839
grid,iqll,redistribution_0.5,51003,61003,20ed616e6baecca4dd79862ba236d07481fe31258c9d0eace9339d9d1e35f7e9
grid,iqll,redistribution_0.5,51004,61004,c8740f6617831c1c203798cc9802b93dbf042788c10b9b1ba0b299eb34865e93
grid,iqll,redistribution_0.5,51005,61005,46a70fb8fd2e4df1fc9dd76959ee7f860c50faf60dd2c21dac1f76e57fefd12f
grid,iqll,redistribution_0.5,51006,61006,eccba4b865da1364914827a293f89f92990759c1337464434f97cb53216befe8
grid,iqll,redistribution_0.5,51007,61007,ee3eb9f7c25a8bb2266cf69eb91bbd22bce452723ede1b6d23667991126f0529
grid,iqll,redistribution_0.5,51008,61008,a772132b551f0616d288a2ced8159e40a983bb4bd8862811cb65c1716cc44e78
grid,iqll,redistribution_0.5,51009,61009,f9a5384b9621e78f554e82b5ad355f65aeb8793ea1bcd08f6850c1b705019ada
grid,iqll,redistribution_0.5,51010,61010,8d6c102c819ca5e9bc1fa8dc59c56aa59e3925731c77c0b0296179a6456ae8e7
grid,iqll,redistribution_0.75,51001,61001,9edfb91368693cdbd6bf0244591aec8e57e4489f54e4423a3ff1901da00d0a32
grid,iqll,redistribution_0.75,51002,61002,a45a84f00e9f095e121ec0ac79799dd6ed586742ef2b022bb52434bc406b0010
grid,iqll,redistribution_0.75,51003,61003,ee7d8bed38116da65b172539c892eced4aabc6e43e3aa8be6b552c17755ea998
grid,iqll,redistribution_0.75,51004,61004,a5e5423fb5544eb82c86e5cf9c82abfcde5206e0b8027b0fa6fe4b20b718495d
grid,iqll,redistribution_0.75,51005,61005,416ed94dbd272d5fa1145bd1d37d1a2bad5f8f715d874a330ad571d0c52af572
grid,iqll,redistribution_0.75,51006,61006,f742e5275afdeb372b4c694b97eab0491694b2c01d1d17bd362ed683276df2f3
grid,iqll,redistribution_0.75,51007,61007,74ff763cbdfaf7e9a665ee15a566c912b9fedc21358996a386ab23a18d224ad8
grid,iqll,redistribution_0.75,51008,61008,6314d5fb76246e5c9a380161c457f1515b21bbba003e4b1745022bf8b4a45baf
grid,iqll,redistribution_0.75,51009,61009,7883f94f9539cd9ddf6faedde3667ecc9535da08516ed5bb93790e4025d373cf
grid,iqll,redistribution_0.75,51010,61010,f33f6f3fd73596c6b5cee7ffa483a7f4905b83dd85bb1f6006366b5701470e62
grid,iqll,seen_Center_to_Periphery,51001,61001,aa2fb3840144b1cd419bf2f45a7f00f17254387d2d5ea18ea8d67df2496faebe
grid,iqll,seen_Center_to_Periphery,51002,61002,c2e398da7ee8c4bd74130c0cbc64688c9c22919942daf8682ed01d7613c542a0
grid,iqll,seen_Center_to_Periphery,51003,61003,d4eb1b924958b4b9b8afa7bcfb01770ffd67f97c2e2ff7733511d75d5d9c3b92
grid,iqll,seen_Center_to_Periphery,51004,61004,df2edd2f60ef9352303c5d8076170a721c3d23965c0066f740c72a6c41c76caa
grid,iqll,seen_Center_to_Periphery,51005,61005,2e9a8a6967cb8d1c5accc1a31c8a727dac9d68629bda4c4036759a3ef11f158e
grid,iqll,seen_Center_to_Periphery,51006,61006,edfcc44272e6d53db47e4f5b2798c10e6df6e07f6471bd3d6221d56d77775963
grid,iqll,seen_Center_to_Periphery,51007,61007,695b70aeb40d0f9525c60695222ececf5fc840ccb0f03c07b4c4cacc2ba231e6
grid,iqll,seen_Center_to_Periphery,51008,61008,24c80ebfa681ec4a588428fd6260c0bf02adffa89804fdd3bc4e17baf6b2b136
grid,iqll,seen_Center_to_Periphery,51009,61009,beb7653d0164c862b6906cd7cba518e1b2784b5f012f704c9ab32ac516013df9
grid,iqll,seen_Center_to_Periphery,51010,61010,f969c2d06eb0aed634d1775984abe41162e3c06b9df853d3ca5860f220029453
grid,iqll,seen_E_to_W,51001,61001,8cd4abc0b02f3f43f90eede634e3c8ad4fa0d9bf2f7813cacee1664da0413c3d
grid,iqll,seen_E_to_W,51002,61002,b54a6ca82852c360a17958c8fa93dcbf65abd4895370069a28d802bb8e3809ab
grid,iqll,seen_E_to_W,51003,61003,b0332b4bd7ed994eea20dae9a8e7cb05a5fba65281d1f5251948a3315d1eff7a
grid,iqll,seen_E_to_W,51004,61004,fc5a533686ac34adb8f45a1b3dd29576144029996b50e314be8502946f4bdb07
grid,iqll,seen_E_to_W,51005,61005,86f70b843013c640b820940cb6de8f870488eade46ffe1e44763cb208b1269c2
grid,iqll,seen_E_to_W,51006,61006,1a6010fd2a31d3f290266216628e6b491c57c79b01e2518df4462077a29d7963
grid,iqll,seen_E_to_W,51007,61007,6feeb904b5035651feacd430af1414dc74d41925538553f515733eaef02ec230
grid,iqll,seen_E_to_W,51008,61008,92b8c9b877328263b131e8987fa61791c4361d9830cb39e1c56e8cfdc3ec50eb
grid,iqll,seen_E_to_W,51009,61009,1ab679dc79ed94578f6fbc9acf389e6567bc2feef1d7c29ffc17a52e4cfc3787
grid,iqll,seen_E_to_W,51010,61010,bb6da2da00cb597ae9610bc0cdb84658a1e544bb8db76595f66005f8889554bc
grid,iqll,seen_NE_to_SW,51001,61001,0ad6e753792d5afaa44c2b2150bc114c12a9f227648d8dec94680117f4ec46c4
grid,iqll,seen_NE_to_SW,51002,61002,a1f9a44cf4c9337fef6c0808467be06382e291467f8296ac3e1f8e06f477d3eb
grid,iqll,seen_NE_to_SW,51003,61003,3ad73462ec0aac0468c42904a2aef6b0c12f33eb9dd47e3ead877d4ffbf7a368
grid,iqll,seen_NE_to_SW,51004,61004,376386354c30b0a340d6e1a3bf540cea1d34cc34c1e89c27d12580ee5adc5d83
grid,iqll,seen_NE_to_SW,51005,61005,c8a5abfa0954d97f0c25fc6ba123e23563a31bc1cbc6084cd98b2656138d00ac
grid,iqll,seen_NE_to_SW,51006,61006,ce8ce02d0c5f456951ef7d47256d307dc2ea35ae6219b55508d5f7c21d4ebb21
grid,iqll,seen_NE_to_SW,51007,61007,635806d3c20dc9189b5c96dee808e4cc3be8100b45fc6ec141d09126cd0d2037
grid,iqll,seen_NE_to_SW,51008,61008,5408d0f1e0779f198bffda1175297835d8071fa2781a5c5e3373b74435789539
grid,iqll,seen_NE_to_SW,51009,61009,73f718321777bc33af76e6aea5043d1e453e1b7de8efb48fde42edaae728f931
grid,iqll,seen_NE_to_SW,51010,61010,6e6f1b21675efffbcb9ac37bf8dd51b27a91073555e9a24ee8f4cdcc0bf61b97
grid,iqll,seen_NW_to_SE,51001,61001,eda8d3d6de6fff78aae557f9ee46a74080019dfc108fcec1cd7b89405290f8b2
grid,iqll,seen_NW_to_SE,51002,61002,707ee219d275b42f729b8a6b57d6c3e03aa92d8c935a0e2ea944facde1a430b1
grid,iqll,seen_NW_to_SE,51003,61003,27324176bb34dc93bb964afbff24407c00ebdf856d62296722824ce7482425a2
grid,iqll,seen_NW_to_SE,51004,61004,84320512d94877c9d78b34af0ad4997bbaeea7d99ec3872ea5e2ff0104b51ce2
grid,iqll,seen_NW_to_SE,51005,61005,fb6c2f56e51d864b7c60ea36ed58d45dc0dd35fdf1dc3db2aaac75cebf3ccafd
grid,iqll,seen_NW_to_SE,51006,61006,32c2f6c69014d1a98fccf147333fe824ed085c9e1adb798e6eaff65c5ce5c4d0
grid,iqll,seen_NW_to_SE,51007,61007,037cca009b26e4042ab4d016ee96d6c46f5d873fe106603e0b18856c4e6df5f9
grid,iqll,seen_NW_to_SE,51008,61008,cc5bf0909d79299c907913898ecb7c42eff02f9b086ee70236bac8fc02bfa41f
grid,iqll,seen_NW_to_SE,51009,61009,9c1ad2a15e52bb5f038fcd8c56229830cafd333e8f56a2de2793ba550b402309
grid,iqll,seen_NW_to_SE,51010,61010,68e81a0ed118e45887c9940da6041dd2440957b5acd003b2592beada4cf977f0
grid,iqll,seen_N_to_S,51001,61001,ddb93ccf0362e0d9a7c53ae99a92000ae261b02c91c58df43bdb174b5d5745b0
grid,iqll,seen_N_to_S,51002,61002,113048e04a928dfa255e39bb87490b9cb218f3086ab886cfb97c8ffe7f445b5a
grid,iqll,seen_N_to_S,51003,61003,656863975be798565cf3cfbf3e58ff4a6b76663ae3d7795b6fc068a633fe4172
grid,iqll,seen_N_to_S,51004,61004,9654f90e84acdc1734d35595283c863b8ad620023a01249dbde6490b7d322922
grid,iqll,seen_N_to_S,51005,61005,cb5f503da61c7fe6e974b4bc55a6bb25f3ef405c653a34bd6a58200725d144f8
grid,iqll,seen_N_to_S,51006,61006,3866c3ae52c871ecd6bccc86a2cecebbc4702091b45c571c62f60e0887c8403d
grid,iqll,seen_N_to_S,51007,61007,1bdbd60728461d489cd169f0599b0370c85a0bdea1850716f06b592555c9c8f5
grid,iqll,seen_N_to_S,51008,61008,5d3ce05767519f2fbd7246de3520607e8e6e57fd97e67390bb1fe5ec42dd4712
grid,iqll,seen_N_to_S,51009,61009,3fe911bfc36f02806e3caf9c1e50db34a556136c9208dc4ef8593e7179dcc17e
grid,iqll,seen_N_to_S,51010,61010,c17b7c6cebf24ac9383f4ee2d16a61ed0551d4d9a68f270b3898c73f81a9295f
grid,iqll,seen_Periphery_to_Center,51001,61001,183630aeda791be6051297ab749f951c163e440eff2e9c27860c623922d5dcf6
grid,iqll,seen_Periphery_to_Center,51002,61002,832ddfec7c9003dcf556e26d786281e142e0a74bd0ed0f7a4f72f88a554a6281
grid,iqll,seen_Periphery_to_Center,51003,61003,c573d7b8631f33e02a8340f6a3f2bfe6d558f990daeb61080e5cb132338a4df5
grid,iqll,seen_Periphery_to_Center,51004,61004,db13f00e0dc285789d7185351671c6c94ae4aef7edb60885805d0ea917afa88b
grid,iqll,seen_Periphery_to_Center,51005,61005,f1b5fe61cf32bc2d033ca7f5efd4ab559a2ca98a7a8b2507af438f29ab05bce8
grid,iqll,seen_Periphery_to_Center,51006,61006,da5ecb7e4b65c8df988f01e7c09b6115acdca9ac9e3645f4166b01898070502a
grid,iqll,seen_Periphery_to_Center,51007,61007,f75119fd71b9bde00d9ae69258110a7f4b8c9b7fa85c9a00c142a4f72b7444f8
grid,iqll,seen_Periphery_to_Center,51008,61008,8912e7ce9f27b476d9d83b3d5fea2d6f12f4f8795a6fff52d673ae5300fb733c
grid,iqll,seen_Periphery_to_Center,51009,61009,6c236587eb0ba4f0e8599a8ad633dee0f6a774a193cdd7598199e9be5805a12d
grid,iqll,seen_Periphery_to_Center,51010,61010,b43c0ebb1727b8da42ef52b4bfa6b3e1540431868d1077fefe3d8ba835d49ef0
grid,iqll,seen_SE_to_NW,51001,61001,6feea49caf76d721c7f5f7e978e6bfdddc0ef9177e98faffe840d99f7191b6d8
grid,iqll,seen_SE_to_NW,51002,61002,bdce8532b286c2604f33306c51be73ad4ac147bef6ec36492aa2db662bc4b1bd
grid,iqll,seen_SE_to_NW,51003,61003,89bc6808b13021692804ef430557f4f756fac6fb35ad7bd9ac9e46f3d53611be
grid,iqll,seen_SE_to_NW,51004,61004,3cd3c6f238fc07266db310fa91a1a615e02487ae0dcac91a35f54337f9658e08
grid,iqll,seen_SE_to_NW,51005,61005,8f2fd6c884360cc044710ba590d050df8743dd46e6c5659f895923afaf599c55
grid,iqll,seen_SE_to_NW,51006,61006,0dc9ed1b6d09778f8d704d6d137e2586a8f4265ef531dc9c2da10d9e959e15ff
grid,iqll,seen_SE_to_NW,51007,61007,6e1424c2c7924b552dc49319a8653494df5d45ebbd52e1659b3f526fe5ec26e7
grid,iqll,seen_SE_to_NW,51008,61008,076808a4b221003050e681059f6ffaaf6a8da6dcef55b20b323ef7700c3ec721
grid,iqll,seen_SE_to_NW,51009,61009,db040c435afb324360c44bf751c0c4db62c68eec70fe9169660b0efb473e7c28
grid,iqll,seen_SE_to_NW,51010,61010,9654c469f7a05d970a3170b639de40d59c759df830ca3e2c0d0a941adb6161de
grid,iqll,seen_SW_to_NE,51001,61001,a6c8bb25563e4fd33205bd42cf703ff06908edbd5ce1267956eb66a72179db43
grid,iqll,seen_SW_to_NE,51002,61002,1293d1b2163ff055b07fe8e27eacb96e495a4185eefdec4c63cf4bc27c5d2f03
grid,iqll,seen_SW_to_NE,51003,61003,7e4893c073e3867d964a0f33444c1a59c5e39f1172f2e8ff191168a11038aa5f
grid,iqll,seen_SW_to_NE,51004,61004,060637e2d7f4071635ec5e58a197e73a37fe9123f605073e518557a9d0603e4a
grid,iqll,seen_SW_to_NE,51005,61005,4cb3f720ac0d18e6705b350ba9461526a95a450d7f59047a98887c99de2a1c06
grid,iqll,seen_SW_to_NE,51006,61006,2d0613d64f129f7ed6fd4a03cf1180f3f986553110ec50569e61d4f4f697787c
grid,iqll,seen_SW_to_NE,51007,61007,c061c161ea16e6b6344192d43818d76c77195bc4eb301cbeeadee030acc0c4d9
grid,iqll,seen_SW_to_NE,51008,61008,c6fa8c65bfd491952ffcfe4b399c79f07893705090b1a12b0a586e5db5b982ef
grid,iqll,seen_SW_to_NE,51009,61009,149b21c1c88b1a3844391f548c54cee27ba778856e40295634c758ae658cf4f5
grid,iqll,seen_SW_to_NE,51010,61010,d8a4faebcf41e4b41417710964064b344bc70e93c52bfa703d9acc7ca44def63
grid,iqll,seen_S_to_N,51001,61001,fed647eee358d097fe2dc17477c1c67c5c8ea5b4707fdd3efd6ffeec2c30bf75
grid,iqll,seen_S_to_N,51002,61002,fd28331495dfa065820205dd86a832e432fe36719395ef7a006294e415c5adac
grid,iqll,seen_S_to_N,51003,61003,c0e782b6d71291995860b7c60827bb41bbb7fa4bcd42ba1d2bed2f452798b21b
grid,iqll,seen_S_to_N,51004,61004,1816bddb3af26387cf27c3948c334d96890714a4dd0ec862b258e27bee08cf6f
grid,iqll,seen_S_to_N,51005,61005,6886de84cc4e108a1c5b81753bc8ff673e9f651a18d7b18b56b7146a0f460c59
grid,iqll,seen_S_to_N,51006,61006,70f3864f87353e251ea66918a3303944742097f22d5caeef437f6c215a42a5aa
grid,iqll,seen_S_to_N,51007,61007,e1793242deb9bf7e2114ab4e044f2d7b4108c50840494a7736f2edba0084790f
grid,iqll,seen_S_to_N,51008,61008,8ea9f4141bcbc53e9743357e23934f38d24ea86f12d74cdb2defbe1d3de1540c
grid,iqll,seen_S_to_N,51009,61009,1bbfbc931b1c8932e1755232a965c305bfe717602e53f78a458845c8e9758703
grid,iqll,seen_S_to_N,51010,61010,240c018bbbadbde06ce9b35239f51c8ab4d51e17a6924f4fe7a12076c47b26b5
grid,iqll,seen_Uniform,51001,61001,6b994c9b4cf4ebd3fcfdc1ff4f52299a1162dffa77ccd3d7678ed4c272b9a348
grid,iqll,seen_Uniform,51002,61002,5ad23e32ac229200bd76282fcdf5ad48d9fa66095994899dd6ce7dd77c516c3b
grid,iqll,seen_Uniform,51003,61003,bb9c03fe76dc1cd8c4d1c4254208c1f9b4253a0b67365404697d59bff75e2d8d
grid,iqll,seen_Uniform,51004,61004,65b42fda0136a225a4f18e974f62aa0ce8e7ac696bd8a17802b87b23f24f410b
grid,iqll,seen_Uniform,51005,61005,e3889073efb474027414cbb480e757d456a16d6e81f86cf489f378a9baf28efe
grid,iqll,seen_Uniform,51006,61006,e137de4937780316e15882a977451dc60bc36959110b8e1b6e1fb59e114bed52
grid,iqll,seen_Uniform,51007,61007,6da816740afd009dd98e76092afcb68f9aec6a71f6e81cbd95b4b8ee53d24a2c
grid,iqll,seen_Uniform,51008,61008,67974161a65ca443a0b3a7b1cf57a5e1651d7bd97dbca06aa603d8540d554967
grid,iqll,seen_Uniform,51009,61009,6334e0ef3bc612234f5f9016db741cc13862b19800b4f00a26ab088c482d5c7a
grid,iqll,seen_Uniform,51010,61010,b1706baf7064d4da0d375dcee857ac74174aa1d5d289b99f85aecd9be024398b
grid,iqll,seen_W_to_E,51001,61001,0ec99420666d6f06ff31b418f65104d946de75dab87894bc64cb2e181f7d1a73
grid,iqll,seen_W_to_E,51002,61002,1bef2a222d08ae1fbfb375f94803649ddb77eb4d96027675ae891cbb2d229414
grid,iqll,seen_W_to_E,51003,61003,b247e35954581686038853bef4d000009cad2ca3938a38c471611b13d758ab4f
grid,iqll,seen_W_to_E,51004,61004,64747dde59c5004d2a473949b132878e545e39202a2c18752911196a46793417
grid,iqll,seen_W_to_E,51005,61005,0beb7907e4a045728b518bb1af7a10ec69253422318904dcb8067fe4d8a74e63
grid,iqll,seen_W_to_E,51006,61006,b61c8f93bfc352ae9128a1c303e22aeafa5d100de7c6bb196906c3124118ad10
grid,iqll,seen_W_to_E,51007,61007,19e849964d098e2afb78f635a67005bd237d6a2d2177f193578341da7dcde12e
grid,iqll,seen_W_to_E,51008,61008,47f80ce56a79b40323e74f988720e98d81d6c0bcae77df4c0261d3c98c8dc2b1
grid,iqll,seen_W_to_E,51009,61009,8e9e12f7c321aa2958cf62f3b2bc79533297fefe54c52e9fdcf8d5c0232bc9cf
grid,iqll,seen_W_to_E,51010,61010,c5c8f70df557dbfb39e5e80c860478d6a004f9fa7710c494ddf79ea4bac3fffa
grid,iqll,switch_1200,51001,61001,0e475375bf530e15c6b3b65d0910e45a64eadbfd2a4636319d2b7d4014d9c3af
grid,iqll,switch_1200,51002,61002,b7a2b52cbd9a8d64cbb949ae34dee876dc99b302ccded16df11db5955a85ea25
grid,iqll,switch_1200,51003,61003,82f8950c61ad08d533c7d922c73a9aec8db5d00b8dff59193b414b0d088336c9
grid,iqll,switch_1200,51004,61004,051d2aec3d6445ddf5226d7194cc4d1e259c124b155bb98a7c07e4685f5bd7f2
grid,iqll,switch_1200,51005,61005,2bb6dc41a40f3efe15450d4e5b7feea98ac08aa1bd399d3b31b277533ab11521
grid,iqll,switch_1200,51006,61006,81873deaed20388123e85bb169a62a8118a96741aef6ef4f4e04b3627da23878
grid,iqll,switch_1200,51007,61007,5d97873a81e2cb8760c3a0d651018f3ea5f37e03522315232639fa07b6832ad9
grid,iqll,switch_1200,51008,61008,ed7147e8692bf4e0537d9ef9c810b1a1aa3d5b7f938b843ec2c5c6e9c1226f8c
grid,iqll,switch_1200,51009,61009,abfb5797262b5781369eb17b4c8c96215195f3bb45e0d9c275c7205c1ed4f660
grid,iqll,switch_1200,51010,61010,d34440c456d65cb8f9a2b03b520e81b2fc9215221b322be8c018438356564156
grid,iqll,switch_300,51001,61001,d0c2c7036454254e3a72a935282349ee103d3407ab0a60b0ae5439ca12c80d93
grid,iqll,switch_300,51002,61002,039af2961588029c4bdcbe076620746d71cc8a6c25d160f0afc2e2fb400ee9b0
grid,iqll,switch_300,51003,61003,e7e9fe23f89fd4c7c329087ad568af255e64f71addac82004cd9ceeb5a4db6e7
grid,iqll,switch_300,51004,61004,46cb2d46e4d2ce3dbda82d7c4548aaef5adec54f5298b756c5baa87746a6671a
grid,iqll,switch_300,51005,61005,1d40a52fd749b97829d1af9db5de57b118d0160e07274c0e9a58442279e1a531
grid,iqll,switch_300,51006,61006,a31d1f53dbc75cbaed976bfd0892823ceb935a3fb46cf312409ec988caee101c
grid,iqll,switch_300,51007,61007,9b2460b8aff1cd17132f095e2512c419f86feb8e4f1a84bfb3af08e1519290c6
grid,iqll,switch_300,51008,61008,61c5cf606b93f9fa1c619fa16e2c5a11208f4362f4b151f830983a6e3719e0c2
grid,iqll,switch_300,51009,61009,43ab82516bf69c453633b863962472fe6d428fa16dfc2aede720b47f1bf72229
grid,iqll,switch_300,51010,61010,460cb4f833cda19cbe8d34191512634f9bee9345b3838119f0f887d953497d8a
grid,iqll,switch_900,51001,61001,0b3aa209326141cf07c78576f354f155ac6aebaebfce3893cea3aaeba202b763
grid,iqll,switch_900,51002,61002,06a8f3801a3c24ea0068b839da7129fe9883f716616f4b1a6d4c9d416880631c
grid,iqll,switch_900,51003,61003,ac3a4007ef64506a551e953697e00544835937f3b83765ef2a5be37a88f555f2
grid,iqll,switch_900,51004,61004,db7743a061ffff99a79e5b226eb5da79614cf1d73f12fc4937a3e56e923a81b3
grid,iqll,switch_900,51005,61005,c4e02f5ea08220319b8e82cec26eada57056b61aab8ca0fe523e03373d432362
grid,iqll,switch_900,51006,61006,e95d6c910f41b0d39e9815b342eb7355c5e8b67dc93e774baf67c852996f18d9
grid,iqll,switch_900,51007,61007,4e194a6b3abccaa4c8f17daa2f6df9b384521c05f34d513cc8fca1144645397b
grid,iqll,switch_900,51008,61008,d586d40cd52067c6fefd770ddb75fe385abc583ac34d38434086dd281f88ca44
grid,iqll,switch_900,51009,61009,27eba8742de0c298e82091d70f8f54c434dcd8d7d1428a33be31f2d5311af0c5
grid,iqll,switch_900,51010,61010,67f94d4bb750a81db0b9fb849939387dc34a11df44aee13b04b91ebe6ba6ca92
grid,ma2c,mixture_1,51001,61001,7cb8a3d6a3a8a83cde98d1401297a72780dcb585ae47b6179e4f4d069efa7774
grid,ma2c,mixture_1,51002,61002,c82f1d4952f6cda651ca56ba79f545f970c765c9a106a57a23206d7c9d009771
grid,ma2c,mixture_1,51003,61003,5538be0677bae4c2bd7144b5a5555ad2daa61a9f8e22f425f1e089643df656d9
grid,ma2c,mixture_1,51004,61004,985ab8435196c555b1ae0c53d8345d50d2905df425591579fe84422d7fb0bfc8
grid,ma2c,mixture_1,51005,61005,3e0282583500537f05678321482aaa82a83f882ee97674fd73f723245d758c4b
grid,ma2c,mixture_1,51006,61006,77d66d035e8253bf19483134cef8f4cc15acef9f58768954cc5768518580ab46
grid,ma2c,mixture_1,51007,61007,1d454a23bd9fc2f603f9dfb052eafffa1ec60049abe278386e3e63b7da5744f7
grid,ma2c,mixture_1,51008,61008,74e227a1fc61d63748eeaf7242d241a571f44a461fbf78ae94094dd133651f11
grid,ma2c,mixture_1,51009,61009,b44144c918ddb7187afedd778f57edfa8971490befce356297d2c8225000cac0
grid,ma2c,mixture_1,51010,61010,e596474fc129e11cb2ea349d3cd7457bee21776c7449552a85d9d3a6fb4cf2b1
grid,ma2c,mixture_2,51001,61001,fab32fab56ef5d04a2c7cb2b3d213e6cac32c4f14b1326bd1b5165c1686bfe5f
grid,ma2c,mixture_2,51002,61002,a2f9eb5a6e9a19dd78dffdd2109d8d64c535944c9679bfff4b4b257b96b08b85
grid,ma2c,mixture_2,51003,61003,dacb8b1e0503697ab7c07a732d30ec6309ac075572591446db1714519e75775f
grid,ma2c,mixture_2,51004,61004,140569ac8bd54bd4aefa0c6a07e4f8743fca4b3bc59154b1d5c71e86d82f470e
grid,ma2c,mixture_2,51005,61005,d0fe44ad267c62d0145c88a48c85a99f147cb9df5554183a3bca03eab7fe4c93
grid,ma2c,mixture_2,51006,61006,3bf4a5e25ba7c35db6811986895a983479111669205ba4cf113a79e87355a566
grid,ma2c,mixture_2,51007,61007,55c3fb3d48d7da042838b9c23ed9441fd39e22b79cbb0e6b18d69a351f4557ab
grid,ma2c,mixture_2,51008,61008,f59d3b2d473c05c93f8f72e5ff03bf1077703888ec982ce408b6999f50e3bb9d
grid,ma2c,mixture_2,51009,61009,d749dac58065d8008c961bde0dd03f87ea3eebd1808beac29f2750bf3a26c3e2
grid,ma2c,mixture_2,51010,61010,3038355b834e0e9fd9c6943d04dfff1b0e4bbd301df682966e7f6031e5e26d29
grid,ma2c,mixture_3,51001,61001,d492bc1e769379eba873107a508bbf8fdb919c67a2c957b6cac45e7d61d947cd
grid,ma2c,mixture_3,51002,61002,a99db7cc735fa9ab9256bb2704fe2a9e605411196c30923db9bf3d9df561c2e5
grid,ma2c,mixture_3,51003,61003,3e616df4f7dfb6601e891dea2bef791fad270cfbe1187dd306dd4bc0840fa310
grid,ma2c,mixture_3,51004,61004,322dd68dd55ea9816ad19c0f4e8703625d2bc21c429c89471515a801659ab94a
grid,ma2c,mixture_3,51005,61005,7ef580120d1935930b750ca638a10cc38452e8e4d9fccee57f7082cae2da8f64
grid,ma2c,mixture_3,51006,61006,08af3df93628bb58e0a3a0b7f7fd950351b1bef9405b0b2ec40d75a01eec48e4
grid,ma2c,mixture_3,51007,61007,52bb54f7ac8cf007a76a27672555cf8be3dd7e551ee72305fde2dc0bfc3d1177
grid,ma2c,mixture_3,51008,61008,727bab3eed4fec1ca69cb7dfe05059e3052b6a1204994c24ff4595b92ba52ef9
grid,ma2c,mixture_3,51009,61009,83b8e2f059cbaeb7b49d88967de0ee9d2cf4e70a0fad84b8317a6a37b77a00a7
grid,ma2c,mixture_3,51010,61010,62584af46bbcc9c71113a6799a06cf0b802f83a015adb7a6cc7a399ab2b8ed38
grid,ma2c,peak_1.1,51001,61001,55f90ba54c023b74ba78bd676ec13f65857b2db911c4c73e09bd6642d03090be
grid,ma2c,peak_1.1,51002,61002,b08379c97ef0dd683eff430f87792d116b817ed0d0ce8421fe4a6bcd20c3a21e
grid,ma2c,peak_1.1,51003,61003,a2470578ee9257665c1a2970683903117ba2e2ea48b2cc2fbd405d1dfff673ab
grid,ma2c,peak_1.1,51004,61004,f5c64a3c203eefa02997a262d1fa28f56ec0479cc8facbea1d825ac6d3e5fbe5
grid,ma2c,peak_1.1,51005,61005,69d18c52090c90f2f12b7e152f29c57c62fad0c355f96922263a517dedfa85c9
grid,ma2c,peak_1.1,51006,61006,f8d11772502b7ef1a738798c7cd9faff597f9350f5dc0f424e1cc9d06a0fb93e
grid,ma2c,peak_1.1,51007,61007,7dae760846ab5fb00b7f8cfcdd9c6472c91b03cb546e9a841adfa32bd329be13
grid,ma2c,peak_1.1,51008,61008,4eab391be8f318af3b1a47a7b07e989b08a8b2ae898759908acc7b802423ddd8
grid,ma2c,peak_1.1,51009,61009,1821f667d2f4915514cda24983d1ff3503aad25afaef38c775cef7debb779ffd
grid,ma2c,peak_1.1,51010,61010,49ab49cc04e001f92de4dbf540e3f8aaa1d5d93285e4b0dafd076015bdfed459
grid,ma2c,peak_1.25,51001,61001,aea05171e2405a03d7beb5e25953aef0ee1742fa8f79200547b0d49435a14dc7
grid,ma2c,peak_1.25,51002,61002,96279fe50bd893d0500ef78cff2cc3770efd720f4cc4e5a5e8ae9984150c9241
grid,ma2c,peak_1.25,51003,61003,3020ebfd4ee22d864f63ae5588d1c0e2fe0e2769fe60dd8070376277e9230fd9
grid,ma2c,peak_1.25,51004,61004,722f7e5d0a978be574dc1c04263da89cef99c0ad78d15c044eeda66beb4df7a0
grid,ma2c,peak_1.25,51005,61005,df7bc7a7ed7cde2801f4b3ca0ea65cac16504e0644c80cecacfa08a2d55afff9
grid,ma2c,peak_1.25,51006,61006,af4f219d282ef570b77e95826caf72d73ef2677420eef2ac584900b527cd3a9a
grid,ma2c,peak_1.25,51007,61007,e540057dc2ea1b2589a3cb551eaea7d47e084861a9821752e36cf70a508b2eee
grid,ma2c,peak_1.25,51008,61008,06b992e439de94b7f4f1aabd22244abca46fb5d74a553a8ecbffb633da5d8d2c
grid,ma2c,peak_1.25,51009,61009,b7d6638cb9cf692bd413ea2932bde8941e39f0bec6cb532676f3886231a8c9e1
grid,ma2c,peak_1.25,51010,61010,a66cfd3eb7b1dad1320166e049dd9c5712c3a2d8ec678194cae1400481c40651
grid,ma2c,peak_1.5,51001,61001,1dfb759ccdfa2257827eab936507c985b73b11f50b8209fa9d7e2e0d801e5c53
grid,ma2c,peak_1.5,51002,61002,c3fd5fa2b46fefaf2a5f8ba35b2c2107046f32bf33af842ac4434424d5c44174
grid,ma2c,peak_1.5,51003,61003,a3b40b01c40e554fa0e1a92a2ae1e8be02180b1b57e066c37dab19664766cccc
grid,ma2c,peak_1.5,51004,61004,016fac35c8bce50b6327fc9c3845b7cac24d82f35b4a2ec16170a09883622273
grid,ma2c,peak_1.5,51005,61005,6969decd5fc8abae34d497ee7b2d9729a0946169d009e44b63e70ed673c28ad7
grid,ma2c,peak_1.5,51006,61006,2b588349113cc0a789bc57276c45915dadf9df112a403fd1cf671d4914707b6a
grid,ma2c,peak_1.5,51007,61007,2264a653118bf620527878a68ada5b1225fc9aabda8d1f9d5e7ef0536f126eef
grid,ma2c,peak_1.5,51008,61008,2edde199050f27a86e6e141fe1bba117b6ec3746aebacaf824b457eb1f8f1b31
grid,ma2c,peak_1.5,51009,61009,d43c152398174b71a6993d31d8081696ee9923b155eda795897ad5e96e551157
grid,ma2c,peak_1.5,51010,61010,95588be6d7966c25fd8416fc8496a38e4f339e35b816c95ac7710c8d3a90cecb
grid,ma2c,redistribution_0.25,51001,61001,8be6d0c032d9ae27b49ac9c8c3f1f7e0dad5cf9ac46792d378f16c64bb87c408
grid,ma2c,redistribution_0.25,51002,61002,fc11648dcdf9c12a1299dbc09158bce876acc4e896f6aceb5768b9dae1ada28c
grid,ma2c,redistribution_0.25,51003,61003,43f188e0aaf7e6116b9915c04b32b07f0a01032d5490f6677b088cae1786bb06
grid,ma2c,redistribution_0.25,51004,61004,7f91470b305eb4777f2663165bec8c7d0b933e652975a58c17dfe3082cdb373e
grid,ma2c,redistribution_0.25,51005,61005,4768f62b6488c1ddae3b907333580cabbba161d9c35a881ba766ad81174b396f
grid,ma2c,redistribution_0.25,51006,61006,05adaa1b1691711995f4fe55a2153213f2dc843f2af5ef3055de7cb3e3929fd7
grid,ma2c,redistribution_0.25,51007,61007,71e6fa6b71ae32b176edc2b4e22b8fa023466b4d396193b100555b42c2fb17f9
grid,ma2c,redistribution_0.25,51008,61008,6da35bb2230f345777ef3fd4895ca0c4116d021b5e400f854008d605b4c90c73
grid,ma2c,redistribution_0.25,51009,61009,9dc56baa6b8c46e3ebb6534da476f9dbdd323a2c8431e8ad1d9b7a512cbde3ab
grid,ma2c,redistribution_0.25,51010,61010,55bd386b6b754618e1998fdb6f88e8f12347a7e641ad050d4b3c735458f291c6
grid,ma2c,redistribution_0.5,51001,61001,2e269a0c4a87d52288467b4fda4e9a7cea666e174768845f6f1aa4a3671a30d0
grid,ma2c,redistribution_0.5,51002,61002,1b7649ddcf7a8ce23df1f364dae86967d4b3d3f720cc321e5877e4f11c0b2839
grid,ma2c,redistribution_0.5,51003,61003,20ed616e6baecca4dd79862ba236d07481fe31258c9d0eace9339d9d1e35f7e9
grid,ma2c,redistribution_0.5,51004,61004,c8740f6617831c1c203798cc9802b93dbf042788c10b9b1ba0b299eb34865e93
grid,ma2c,redistribution_0.5,51005,61005,46a70fb8fd2e4df1fc9dd76959ee7f860c50faf60dd2c21dac1f76e57fefd12f
grid,ma2c,redistribution_0.5,51006,61006,eccba4b865da1364914827a293f89f92990759c1337464434f97cb53216befe8
grid,ma2c,redistribution_0.5,51007,61007,ee3eb9f7c25a8bb2266cf69eb91bbd22bce452723ede1b6d23667991126f0529
grid,ma2c,redistribution_0.5,51008,61008,a772132b551f0616d288a2ced8159e40a983bb4bd8862811cb65c1716cc44e78
grid,ma2c,redistribution_0.5,51009,61009,f9a5384b9621e78f554e82b5ad355f65aeb8793ea1bcd08f6850c1b705019ada
grid,ma2c,redistribution_0.5,51010,61010,8d6c102c819ca5e9bc1fa8dc59c56aa59e3925731c77c0b0296179a6456ae8e7
grid,ma2c,redistribution_0.75,51001,61001,9edfb91368693cdbd6bf0244591aec8e57e4489f54e4423a3ff1901da00d0a32
grid,ma2c,redistribution_0.75,51002,61002,a45a84f00e9f095e121ec0ac79799dd6ed586742ef2b022bb52434bc406b0010
grid,ma2c,redistribution_0.75,51003,61003,ee7d8bed38116da65b172539c892eced4aabc6e43e3aa8be6b552c17755ea998
grid,ma2c,redistribution_0.75,51004,61004,a5e5423fb5544eb82c86e5cf9c82abfcde5206e0b8027b0fa6fe4b20b718495d
grid,ma2c,redistribution_0.75,51005,61005,416ed94dbd272d5fa1145bd1d37d1a2bad5f8f715d874a330ad571d0c52af572
grid,ma2c,redistribution_0.75,51006,61006,f742e5275afdeb372b4c694b97eab0491694b2c01d1d17bd362ed683276df2f3
grid,ma2c,redistribution_0.75,51007,61007,74ff763cbdfaf7e9a665ee15a566c912b9fedc21358996a386ab23a18d224ad8
grid,ma2c,redistribution_0.75,51008,61008,6314d5fb76246e5c9a380161c457f1515b21bbba003e4b1745022bf8b4a45baf
grid,ma2c,redistribution_0.75,51009,61009,7883f94f9539cd9ddf6faedde3667ecc9535da08516ed5bb93790e4025d373cf
grid,ma2c,redistribution_0.75,51010,61010,f33f6f3fd73596c6b5cee7ffa483a7f4905b83dd85bb1f6006366b5701470e62
grid,ma2c,seen_Center_to_Periphery,51001,61001,aa2fb3840144b1cd419bf2f45a7f00f17254387d2d5ea18ea8d67df2496faebe
grid,ma2c,seen_Center_to_Periphery,51002,61002,c2e398da7ee8c4bd74130c0cbc64688c9c22919942daf8682ed01d7613c542a0
grid,ma2c,seen_Center_to_Periphery,51003,61003,d4eb1b924958b4b9b8afa7bcfb01770ffd67f97c2e2ff7733511d75d5d9c3b92
grid,ma2c,seen_Center_to_Periphery,51004,61004,df2edd2f60ef9352303c5d8076170a721c3d23965c0066f740c72a6c41c76caa
grid,ma2c,seen_Center_to_Periphery,51005,61005,2e9a8a6967cb8d1c5accc1a31c8a727dac9d68629bda4c4036759a3ef11f158e
grid,ma2c,seen_Center_to_Periphery,51006,61006,edfcc44272e6d53db47e4f5b2798c10e6df6e07f6471bd3d6221d56d77775963
grid,ma2c,seen_Center_to_Periphery,51007,61007,695b70aeb40d0f9525c60695222ececf5fc840ccb0f03c07b4c4cacc2ba231e6
grid,ma2c,seen_Center_to_Periphery,51008,61008,24c80ebfa681ec4a588428fd6260c0bf02adffa89804fdd3bc4e17baf6b2b136
grid,ma2c,seen_Center_to_Periphery,51009,61009,beb7653d0164c862b6906cd7cba518e1b2784b5f012f704c9ab32ac516013df9
grid,ma2c,seen_Center_to_Periphery,51010,61010,f969c2d06eb0aed634d1775984abe41162e3c06b9df853d3ca5860f220029453
grid,ma2c,seen_E_to_W,51001,61001,8cd4abc0b02f3f43f90eede634e3c8ad4fa0d9bf2f7813cacee1664da0413c3d
grid,ma2c,seen_E_to_W,51002,61002,b54a6ca82852c360a17958c8fa93dcbf65abd4895370069a28d802bb8e3809ab
grid,ma2c,seen_E_to_W,51003,61003,b0332b4bd7ed994eea20dae9a8e7cb05a5fba65281d1f5251948a3315d1eff7a
grid,ma2c,seen_E_to_W,51004,61004,fc5a533686ac34adb8f45a1b3dd29576144029996b50e314be8502946f4bdb07
grid,ma2c,seen_E_to_W,51005,61005,86f70b843013c640b820940cb6de8f870488eade46ffe1e44763cb208b1269c2
grid,ma2c,seen_E_to_W,51006,61006,1a6010fd2a31d3f290266216628e6b491c57c79b01e2518df4462077a29d7963
grid,ma2c,seen_E_to_W,51007,61007,6feeb904b5035651feacd430af1414dc74d41925538553f515733eaef02ec230
grid,ma2c,seen_E_to_W,51008,61008,92b8c9b877328263b131e8987fa61791c4361d9830cb39e1c56e8cfdc3ec50eb
grid,ma2c,seen_E_to_W,51009,61009,1ab679dc79ed94578f6fbc9acf389e6567bc2feef1d7c29ffc17a52e4cfc3787
grid,ma2c,seen_E_to_W,51010,61010,bb6da2da00cb597ae9610bc0cdb84658a1e544bb8db76595f66005f8889554bc
grid,ma2c,seen_NE_to_SW,51001,61001,0ad6e753792d5afaa44c2b2150bc114c12a9f227648d8dec94680117f4ec46c4
grid,ma2c,seen_NE_to_SW,51002,61002,a1f9a44cf4c9337fef6c0808467be06382e291467f8296ac3e1f8e06f477d3eb
grid,ma2c,seen_NE_to_SW,51003,61003,3ad73462ec0aac0468c42904a2aef6b0c12f33eb9dd47e3ead877d4ffbf7a368
grid,ma2c,seen_NE_to_SW,51004,61004,376386354c30b0a340d6e1a3bf540cea1d34cc34c1e89c27d12580ee5adc5d83
grid,ma2c,seen_NE_to_SW,51005,61005,c8a5abfa0954d97f0c25fc6ba123e23563a31bc1cbc6084cd98b2656138d00ac
grid,ma2c,seen_NE_to_SW,51006,61006,ce8ce02d0c5f456951ef7d47256d307dc2ea35ae6219b55508d5f7c21d4ebb21
grid,ma2c,seen_NE_to_SW,51007,61007,635806d3c20dc9189b5c96dee808e4cc3be8100b45fc6ec141d09126cd0d2037
grid,ma2c,seen_NE_to_SW,51008,61008,5408d0f1e0779f198bffda1175297835d8071fa2781a5c5e3373b74435789539
grid,ma2c,seen_NE_to_SW,51009,61009,73f718321777bc33af76e6aea5043d1e453e1b7de8efb48fde42edaae728f931
grid,ma2c,seen_NE_to_SW,51010,61010,6e6f1b21675efffbcb9ac37bf8dd51b27a91073555e9a24ee8f4cdcc0bf61b97
grid,ma2c,seen_NW_to_SE,51001,61001,eda8d3d6de6fff78aae557f9ee46a74080019dfc108fcec1cd7b89405290f8b2
grid,ma2c,seen_NW_to_SE,51002,61002,707ee219d275b42f729b8a6b57d6c3e03aa92d8c935a0e2ea944facde1a430b1
grid,ma2c,seen_NW_to_SE,51003,61003,27324176bb34dc93bb964afbff24407c00ebdf856d62296722824ce7482425a2
grid,ma2c,seen_NW_to_SE,51004,61004,84320512d94877c9d78b34af0ad4997bbaeea7d99ec3872ea5e2ff0104b51ce2
grid,ma2c,seen_NW_to_SE,51005,61005,fb6c2f56e51d864b7c60ea36ed58d45dc0dd35fdf1dc3db2aaac75cebf3ccafd
grid,ma2c,seen_NW_to_SE,51006,61006,32c2f6c69014d1a98fccf147333fe824ed085c9e1adb798e6eaff65c5ce5c4d0
grid,ma2c,seen_NW_to_SE,51007,61007,037cca009b26e4042ab4d016ee96d6c46f5d873fe106603e0b18856c4e6df5f9
grid,ma2c,seen_NW_to_SE,51008,61008,cc5bf0909d79299c907913898ecb7c42eff02f9b086ee70236bac8fc02bfa41f
grid,ma2c,seen_NW_to_SE,51009,61009,9c1ad2a15e52bb5f038fcd8c56229830cafd333e8f56a2de2793ba550b402309
grid,ma2c,seen_NW_to_SE,51010,61010,68e81a0ed118e45887c9940da6041dd2440957b5acd003b2592beada4cf977f0
grid,ma2c,seen_N_to_S,51001,61001,ddb93ccf0362e0d9a7c53ae99a92000ae261b02c91c58df43bdb174b5d5745b0
grid,ma2c,seen_N_to_S,51002,61002,113048e04a928dfa255e39bb87490b9cb218f3086ab886cfb97c8ffe7f445b5a
grid,ma2c,seen_N_to_S,51003,61003,656863975be798565cf3cfbf3e58ff4a6b76663ae3d7795b6fc068a633fe4172
grid,ma2c,seen_N_to_S,51004,61004,9654f90e84acdc1734d35595283c863b8ad620023a01249dbde6490b7d322922
grid,ma2c,seen_N_to_S,51005,61005,cb5f503da61c7fe6e974b4bc55a6bb25f3ef405c653a34bd6a58200725d144f8
grid,ma2c,seen_N_to_S,51006,61006,3866c3ae52c871ecd6bccc86a2cecebbc4702091b45c571c62f60e0887c8403d
grid,ma2c,seen_N_to_S,51007,61007,1bdbd60728461d489cd169f0599b0370c85a0bdea1850716f06b592555c9c8f5
grid,ma2c,seen_N_to_S,51008,61008,5d3ce05767519f2fbd7246de3520607e8e6e57fd97e67390bb1fe5ec42dd4712
grid,ma2c,seen_N_to_S,51009,61009,3fe911bfc36f02806e3caf9c1e50db34a556136c9208dc4ef8593e7179dcc17e
grid,ma2c,seen_N_to_S,51010,61010,c17b7c6cebf24ac9383f4ee2d16a61ed0551d4d9a68f270b3898c73f81a9295f
grid,ma2c,seen_Periphery_to_Center,51001,61001,183630aeda791be6051297ab749f951c163e440eff2e9c27860c623922d5dcf6
grid,ma2c,seen_Periphery_to_Center,51002,61002,832ddfec7c9003dcf556e26d786281e142e0a74bd0ed0f7a4f72f88a554a6281
grid,ma2c,seen_Periphery_to_Center,51003,61003,c573d7b8631f33e02a8340f6a3f2bfe6d558f990daeb61080e5cb132338a4df5
grid,ma2c,seen_Periphery_to_Center,51004,61004,db13f00e0dc285789d7185351671c6c94ae4aef7edb60885805d0ea917afa88b
grid,ma2c,seen_Periphery_to_Center,51005,61005,f1b5fe61cf32bc2d033ca7f5efd4ab559a2ca98a7a8b2507af438f29ab05bce8
grid,ma2c,seen_Periphery_to_Center,51006,61006,da5ecb7e4b65c8df988f01e7c09b6115acdca9ac9e3645f4166b01898070502a
grid,ma2c,seen_Periphery_to_Center,51007,61007,f75119fd71b9bde00d9ae69258110a7f4b8c9b7fa85c9a00c142a4f72b7444f8
grid,ma2c,seen_Periphery_to_Center,51008,61008,8912e7ce9f27b476d9d83b3d5fea2d6f12f4f8795a6fff52d673ae5300fb733c
grid,ma2c,seen_Periphery_to_Center,51009,61009,6c236587eb0ba4f0e8599a8ad633dee0f6a774a193cdd7598199e9be5805a12d
grid,ma2c,seen_Periphery_to_Center,51010,61010,b43c0ebb1727b8da42ef52b4bfa6b3e1540431868d1077fefe3d8ba835d49ef0
grid,ma2c,seen_SE_to_NW,51001,61001,6feea49caf76d721c7f5f7e978e6bfdddc0ef9177e98faffe840d99f7191b6d8
grid,ma2c,seen_SE_to_NW,51002,61002,bdce8532b286c2604f33306c51be73ad4ac147bef6ec36492aa2db662bc4b1bd
grid,ma2c,seen_SE_to_NW,51003,61003,89bc6808b13021692804ef430557f4f756fac6fb35ad7bd9ac9e46f3d53611be
grid,ma2c,seen_SE_to_NW,51004,61004,3cd3c6f238fc07266db310fa91a1a615e02487ae0dcac91a35f54337f9658e08
grid,ma2c,seen_SE_to_NW,51005,61005,8f2fd6c884360cc044710ba590d050df8743dd46e6c5659f895923afaf599c55
grid,ma2c,seen_SE_to_NW,51006,61006,0dc9ed1b6d09778f8d704d6d137e2586a8f4265ef531dc9c2da10d9e959e15ff
grid,ma2c,seen_SE_to_NW,51007,61007,6e1424c2c7924b552dc49319a8653494df5d45ebbd52e1659b3f526fe5ec26e7
grid,ma2c,seen_SE_to_NW,51008,61008,076808a4b221003050e681059f6ffaaf6a8da6dcef55b20b323ef7700c3ec721
grid,ma2c,seen_SE_to_NW,51009,61009,db040c435afb324360c44bf751c0c4db62c68eec70fe9169660b0efb473e7c28
grid,ma2c,seen_SE_to_NW,51010,61010,9654c469f7a05d970a3170b639de40d59c759df830ca3e2c0d0a941adb6161de
grid,ma2c,seen_SW_to_NE,51001,61001,a6c8bb25563e4fd33205bd42cf703ff06908edbd5ce1267956eb66a72179db43
grid,ma2c,seen_SW_to_NE,51002,61002,1293d1b2163ff055b07fe8e27eacb96e495a4185eefdec4c63cf4bc27c5d2f03
grid,ma2c,seen_SW_to_NE,51003,61003,7e4893c073e3867d964a0f33444c1a59c5e39f1172f2e8ff191168a11038aa5f
grid,ma2c,seen_SW_to_NE,51004,61004,060637e2d7f4071635ec5e58a197e73a37fe9123f605073e518557a9d0603e4a
grid,ma2c,seen_SW_to_NE,51005,61005,4cb3f720ac0d18e6705b350ba9461526a95a450d7f59047a98887c99de2a1c06
grid,ma2c,seen_SW_to_NE,51006,61006,2d0613d64f129f7ed6fd4a03cf1180f3f986553110ec50569e61d4f4f697787c
grid,ma2c,seen_SW_to_NE,51007,61007,c061c161ea16e6b6344192d43818d76c77195bc4eb301cbeeadee030acc0c4d9
grid,ma2c,seen_SW_to_NE,51008,61008,c6fa8c65bfd491952ffcfe4b399c79f07893705090b1a12b0a586e5db5b982ef
grid,ma2c,seen_SW_to_NE,51009,61009,149b21c1c88b1a3844391f548c54cee27ba778856e40295634c758ae658cf4f5
grid,ma2c,seen_SW_to_NE,51010,61010,d8a4faebcf41e4b41417710964064b344bc70e93c52bfa703d9acc7ca44def63
grid,ma2c,seen_S_to_N,51001,61001,fed647eee358d097fe2dc17477c1c67c5c8ea5b4707fdd3efd6ffeec2c30bf75
grid,ma2c,seen_S_to_N,51002,61002,fd28331495dfa065820205dd86a832e432fe36719395ef7a006294e415c5adac
grid,ma2c,seen_S_to_N,51003,61003,c0e782b6d71291995860b7c60827bb41bbb7fa4bcd42ba1d2bed2f452798b21b
grid,ma2c,seen_S_to_N,51004,61004,1816bddb3af26387cf27c3948c334d96890714a4dd0ec862b258e27bee08cf6f
grid,ma2c,seen_S_to_N,51005,61005,6886de84cc4e108a1c5b81753bc8ff673e9f651a18d7b18b56b7146a0f460c59
grid,ma2c,seen_S_to_N,51006,61006,70f3864f87353e251ea66918a3303944742097f22d5caeef437f6c215a42a5aa
grid,ma2c,seen_S_to_N,51007,61007,e1793242deb9bf7e2114ab4e044f2d7b4108c50840494a7736f2edba0084790f
grid,ma2c,seen_S_to_N,51008,61008,8ea9f4141bcbc53e9743357e23934f38d24ea86f12d74cdb2defbe1d3de1540c
grid,ma2c,seen_S_to_N,51009,61009,1bbfbc931b1c8932e1755232a965c305bfe717602e53f78a458845c8e9758703
grid,ma2c,seen_S_to_N,51010,61010,240c018bbbadbde06ce9b35239f51c8ab4d51e17a6924f4fe7a12076c47b26b5
grid,ma2c,seen_Uniform,51001,61001,6b994c9b4cf4ebd3fcfdc1ff4f52299a1162dffa77ccd3d7678ed4c272b9a348
grid,ma2c,seen_Uniform,51002,61002,5ad23e32ac229200bd76282fcdf5ad48d9fa66095994899dd6ce7dd77c516c3b
grid,ma2c,seen_Uniform,51003,61003,bb9c03fe76dc1cd8c4d1c4254208c1f9b4253a0b67365404697d59bff75e2d8d
grid,ma2c,seen_Uniform,51004,61004,65b42fda0136a225a4f18e974f62aa0ce8e7ac696bd8a17802b87b23f24f410b
grid,ma2c,seen_Uniform,51005,61005,e3889073efb474027414cbb480e757d456a16d6e81f86cf489f378a9baf28efe
grid,ma2c,seen_Uniform,51006,61006,e137de4937780316e15882a977451dc60bc36959110b8e1b6e1fb59e114bed52
grid,ma2c,seen_Uniform,51007,61007,6da816740afd009dd98e76092afcb68f9aec6a71f6e81cbd95b4b8ee53d24a2c
grid,ma2c,seen_Uniform,51008,61008,67974161a65ca443a0b3a7b1cf57a5e1651d7bd97dbca06aa603d8540d554967
grid,ma2c,seen_Uniform,51009,61009,6334e0ef3bc612234f5f9016db741cc13862b19800b4f00a26ab088c482d5c7a
grid,ma2c,seen_Uniform,51010,61010,b1706baf7064d4da0d375dcee857ac74174aa1d5d289b99f85aecd9be024398b
grid,ma2c,seen_W_to_E,51001,61001,0ec99420666d6f06ff31b418f65104d946de75dab87894bc64cb2e181f7d1a73
grid,ma2c,seen_W_to_E,51002,61002,1bef2a222d08ae1fbfb375f94803649ddb77eb4d96027675ae891cbb2d229414
grid,ma2c,seen_W_to_E,51003,61003,b247e35954581686038853bef4d000009cad2ca3938a38c471611b13d758ab4f
grid,ma2c,seen_W_to_E,51004,61004,64747dde59c5004d2a473949b132878e545e39202a2c18752911196a46793417
grid,ma2c,seen_W_to_E,51005,61005,0beb7907e4a045728b518bb1af7a10ec69253422318904dcb8067fe4d8a74e63
grid,ma2c,seen_W_to_E,51006,61006,b61c8f93bfc352ae9128a1c303e22aeafa5d100de7c6bb196906c3124118ad10
grid,ma2c,seen_W_to_E,51007,61007,19e849964d098e2afb78f635a67005bd237d6a2d2177f193578341da7dcde12e
grid,ma2c,seen_W_to_E,51008,61008,47f80ce56a79b40323e74f988720e98d81d6c0bcae77df4c0261d3c98c8dc2b1
grid,ma2c,seen_W_to_E,51009,61009,8e9e12f7c321aa2958cf62f3b2bc79533297fefe54c52e9fdcf8d5c0232bc9cf
grid,ma2c,seen_W_to_E,51010,61010,c5c8f70df557dbfb39e5e80c860478d6a004f9fa7710c494ddf79ea4bac3fffa
grid,ma2c,switch_1200,51001,61001,0e475375bf530e15c6b3b65d0910e45a64eadbfd2a4636319d2b7d4014d9c3af
grid,ma2c,switch_1200,51002,61002,b7a2b52cbd9a8d64cbb949ae34dee876dc99b302ccded16df11db5955a85ea25
grid,ma2c,switch_1200,51003,61003,82f8950c61ad08d533c7d922c73a9aec8db5d00b8dff59193b414b0d088336c9
grid,ma2c,switch_1200,51004,61004,051d2aec3d6445ddf5226d7194cc4d1e259c124b155bb98a7c07e4685f5bd7f2
grid,ma2c,switch_1200,51005,61005,2bb6dc41a40f3efe15450d4e5b7feea98ac08aa1bd399d3b31b277533ab11521
grid,ma2c,switch_1200,51006,61006,81873deaed20388123e85bb169a62a8118a96741aef6ef4f4e04b3627da23878
grid,ma2c,switch_1200,51007,61007,5d97873a81e2cb8760c3a0d651018f3ea5f37e03522315232639fa07b6832ad9
grid,ma2c,switch_1200,51008,61008,ed7147e8692bf4e0537d9ef9c810b1a1aa3d5b7f938b843ec2c5c6e9c1226f8c
grid,ma2c,switch_1200,51009,61009,abfb5797262b5781369eb17b4c8c96215195f3bb45e0d9c275c7205c1ed4f660
grid,ma2c,switch_1200,51010,61010,d34440c456d65cb8f9a2b03b520e81b2fc9215221b322be8c018438356564156
grid,ma2c,switch_300,51001,61001,d0c2c7036454254e3a72a935282349ee103d3407ab0a60b0ae5439ca12c80d93
grid,ma2c,switch_300,51002,61002,039af2961588029c4bdcbe076620746d71cc8a6c25d160f0afc2e2fb400ee9b0
grid,ma2c,switch_300,51003,61003,e7e9fe23f89fd4c7c329087ad568af255e64f71addac82004cd9ceeb5a4db6e7
grid,ma2c,switch_300,51004,61004,46cb2d46e4d2ce3dbda82d7c4548aaef5adec54f5298b756c5baa87746a6671a
grid,ma2c,switch_300,51005,61005,1d40a52fd749b97829d1af9db5de57b118d0160e07274c0e9a58442279e1a531
grid,ma2c,switch_300,51006,61006,a31d1f53dbc75cbaed976bfd0892823ceb935a3fb46cf312409ec988caee101c
grid,ma2c,switch_300,51007,61007,9b2460b8aff1cd17132f095e2512c419f86feb8e4f1a84bfb3af08e1519290c6
grid,ma2c,switch_300,51008,61008,61c5cf606b93f9fa1c619fa16e2c5a11208f4362f4b151f830983a6e3719e0c2
grid,ma2c,switch_300,51009,61009,43ab82516bf69c453633b863962472fe6d428fa16dfc2aede720b47f1bf72229
grid,ma2c,switch_300,51010,61010,460cb4f833cda19cbe8d34191512634f9bee9345b3838119f0f887d953497d8a
grid,ma2c,switch_900,51001,61001,0b3aa209326141cf07c78576f354f155ac6aebaebfce3893cea3aaeba202b763
grid,ma2c,switch_900,51002,61002,06a8f3801a3c24ea0068b839da7129fe9883f716616f4b1a6d4c9d416880631c
grid,ma2c,switch_900,51003,61003,ac3a4007ef64506a551e953697e00544835937f3b83765ef2a5be37a88f555f2
grid,ma2c,switch_900,51004,61004,db7743a061ffff99a79e5b226eb5da79614cf1d73f12fc4937a3e56e923a81b3
grid,ma2c,switch_900,51005,61005,c4e02f5ea08220319b8e82cec26eada57056b61aab8ca0fe523e03373d432362
grid,ma2c,switch_900,51006,61006,e95d6c910f41b0d39e9815b342eb7355c5e8b67dc93e774baf67c852996f18d9
grid,ma2c,switch_900,51007,61007,4e194a6b3abccaa4c8f17daa2f6df9b384521c05f34d513cc8fca1144645397b
grid,ma2c,switch_900,51008,61008,d586d40cd52067c6fefd770ddb75fe385abc583ac34d38434086dd281f88ca44
grid,ma2c,switch_900,51009,61009,27eba8742de0c298e82091d70f8f54c434dcd8d7d1428a33be31f2d5311af0c5
grid,ma2c,switch_900,51010,61010,67f94d4bb750a81db0b9fb849939387dc34a11df44aee13b04b91ebe6ba6ca92
grid,ppo,mixture_1,51001,61001,7cb8a3d6a3a8a83cde98d1401297a72780dcb585ae47b6179e4f4d069efa7774
grid,ppo,mixture_1,51002,61002,c82f1d4952f6cda651ca56ba79f545f970c765c9a106a57a23206d7c9d009771
grid,ppo,mixture_1,51003,61003,5538be0677bae4c2bd7144b5a5555ad2daa61a9f8e22f425f1e089643df656d9
grid,ppo,mixture_1,51004,61004,985ab8435196c555b1ae0c53d8345d50d2905df425591579fe84422d7fb0bfc8
grid,ppo,mixture_1,51005,61005,3e0282583500537f05678321482aaa82a83f882ee97674fd73f723245d758c4b
grid,ppo,mixture_1,51006,61006,77d66d035e8253bf19483134cef8f4cc15acef9f58768954cc5768518580ab46
grid,ppo,mixture_1,51007,61007,1d454a23bd9fc2f603f9dfb052eafffa1ec60049abe278386e3e63b7da5744f7
grid,ppo,mixture_1,51008,61008,74e227a1fc61d63748eeaf7242d241a571f44a461fbf78ae94094dd133651f11
grid,ppo,mixture_1,51009,61009,b44144c918ddb7187afedd778f57edfa8971490befce356297d2c8225000cac0
grid,ppo,mixture_1,51010,61010,e596474fc129e11cb2ea349d3cd7457bee21776c7449552a85d9d3a6fb4cf2b1
grid,ppo,mixture_2,51001,61001,fab32fab56ef5d04a2c7cb2b3d213e6cac32c4f14b1326bd1b5165c1686bfe5f
grid,ppo,mixture_2,51002,61002,a2f9eb5a6e9a19dd78dffdd2109d8d64c535944c9679bfff4b4b257b96b08b85
grid,ppo,mixture_2,51003,61003,dacb8b1e0503697ab7c07a732d30ec6309ac075572591446db1714519e75775f
grid,ppo,mixture_2,51004,61004,140569ac8bd54bd4aefa0c6a07e4f8743fca4b3bc59154b1d5c71e86d82f470e
grid,ppo,mixture_2,51005,61005,d0fe44ad267c62d0145c88a48c85a99f147cb9df5554183a3bca03eab7fe4c93
grid,ppo,mixture_2,51006,61006,3bf4a5e25ba7c35db6811986895a983479111669205ba4cf113a79e87355a566
grid,ppo,mixture_2,51007,61007,55c3fb3d48d7da042838b9c23ed9441fd39e22b79cbb0e6b18d69a351f4557ab
grid,ppo,mixture_2,51008,61008,f59d3b2d473c05c93f8f72e5ff03bf1077703888ec982ce408b6999f50e3bb9d
grid,ppo,mixture_2,51009,61009,d749dac58065d8008c961bde0dd03f87ea3eebd1808beac29f2750bf3a26c3e2
grid,ppo,mixture_2,51010,61010,3038355b834e0e9fd9c6943d04dfff1b0e4bbd301df682966e7f6031e5e26d29
grid,ppo,mixture_3,51001,61001,d492bc1e769379eba873107a508bbf8fdb919c67a2c957b6cac45e7d61d947cd
grid,ppo,mixture_3,51002,61002,a99db7cc735fa9ab9256bb2704fe2a9e605411196c30923db9bf3d9df561c2e5
grid,ppo,mixture_3,51003,61003,3e616df4f7dfb6601e891dea2bef791fad270cfbe1187dd306dd4bc0840fa310
grid,ppo,mixture_3,51004,61004,322dd68dd55ea9816ad19c0f4e8703625d2bc21c429c89471515a801659ab94a
grid,ppo,mixture_3,51005,61005,7ef580120d1935930b750ca638a10cc38452e8e4d9fccee57f7082cae2da8f64
grid,ppo,mixture_3,51006,61006,08af3df93628bb58e0a3a0b7f7fd950351b1bef9405b0b2ec40d75a01eec48e4
grid,ppo,mixture_3,51007,61007,52bb54f7ac8cf007a76a27672555cf8be3dd7e551ee72305fde2dc0bfc3d1177
grid,ppo,mixture_3,51008,61008,727bab3eed4fec1ca69cb7dfe05059e3052b6a1204994c24ff4595b92ba52ef9
grid,ppo,mixture_3,51009,61009,83b8e2f059cbaeb7b49d88967de0ee9d2cf4e70a0fad84b8317a6a37b77a00a7
grid,ppo,mixture_3,51010,61010,62584af46bbcc9c71113a6799a06cf0b802f83a015adb7a6cc7a399ab2b8ed38
grid,ppo,peak_1.1,51001,61001,55f90ba54c023b74ba78bd676ec13f65857b2db911c4c73e09bd6642d03090be
grid,ppo,peak_1.1,51002,61002,b08379c97ef0dd683eff430f87792d116b817ed0d0ce8421fe4a6bcd20c3a21e
grid,ppo,peak_1.1,51003,61003,a2470578ee9257665c1a2970683903117ba2e2ea48b2cc2fbd405d1dfff673ab
grid,ppo,peak_1.1,51004,61004,f5c64a3c203eefa02997a262d1fa28f56ec0479cc8facbea1d825ac6d3e5fbe5
grid,ppo,peak_1.1,51005,61005,69d18c52090c90f2f12b7e152f29c57c62fad0c355f96922263a517dedfa85c9
grid,ppo,peak_1.1,51006,61006,f8d11772502b7ef1a738798c7cd9faff597f9350f5dc0f424e1cc9d06a0fb93e
grid,ppo,peak_1.1,51007,61007,7dae760846ab5fb00b7f8cfcdd9c6472c91b03cb546e9a841adfa32bd329be13
grid,ppo,peak_1.1,51008,61008,4eab391be8f318af3b1a47a7b07e989b08a8b2ae898759908acc7b802423ddd8
grid,ppo,peak_1.1,51009,61009,1821f667d2f4915514cda24983d1ff3503aad25afaef38c775cef7debb779ffd
grid,ppo,peak_1.1,51010,61010,49ab49cc04e001f92de4dbf540e3f8aaa1d5d93285e4b0dafd076015bdfed459
grid,ppo,peak_1.25,51001,61001,aea05171e2405a03d7beb5e25953aef0ee1742fa8f79200547b0d49435a14dc7
grid,ppo,peak_1.25,51002,61002,96279fe50bd893d0500ef78cff2cc3770efd720f4cc4e5a5e8ae9984150c9241
grid,ppo,peak_1.25,51003,61003,3020ebfd4ee22d864f63ae5588d1c0e2fe0e2769fe60dd8070376277e9230fd9
grid,ppo,peak_1.25,51004,61004,722f7e5d0a978be574dc1c04263da89cef99c0ad78d15c044eeda66beb4df7a0
grid,ppo,peak_1.25,51005,61005,df7bc7a7ed7cde2801f4b3ca0ea65cac16504e0644c80cecacfa08a2d55afff9
grid,ppo,peak_1.25,51006,61006,af4f219d282ef570b77e95826caf72d73ef2677420eef2ac584900b527cd3a9a
grid,ppo,peak_1.25,51007,61007,e540057dc2ea1b2589a3cb551eaea7d47e084861a9821752e36cf70a508b2eee
grid,ppo,peak_1.25,51008,61008,06b992e439de94b7f4f1aabd22244abca46fb5d74a553a8ecbffb633da5d8d2c
grid,ppo,peak_1.25,51009,61009,b7d6638cb9cf692bd413ea2932bde8941e39f0bec6cb532676f3886231a8c9e1
grid,ppo,peak_1.25,51010,61010,a66cfd3eb7b1dad1320166e049dd9c5712c3a2d8ec678194cae1400481c40651
grid,ppo,peak_1.5,51001,61001,1dfb759ccdfa2257827eab936507c985b73b11f50b8209fa9d7e2e0d801e5c53
grid,ppo,peak_1.5,51002,61002,c3fd5fa2b46fefaf2a5f8ba35b2c2107046f32bf33af842ac4434424d5c44174
grid,ppo,peak_1.5,51003,61003,a3b40b01c40e554fa0e1a92a2ae1e8be02180b1b57e066c37dab19664766cccc
grid,ppo,peak_1.5,51004,61004,016fac35c8bce50b6327fc9c3845b7cac24d82f35b4a2ec16170a09883622273
grid,ppo,peak_1.5,51005,61005,6969decd5fc8abae34d497ee7b2d9729a0946169d009e44b63e70ed673c28ad7
grid,ppo,peak_1.5,51006,61006,2b588349113cc0a789bc57276c45915dadf9df112a403fd1cf671d4914707b6a
grid,ppo,peak_1.5,51007,61007,2264a653118bf620527878a68ada5b1225fc9aabda8d1f9d5e7ef0536f126eef
grid,ppo,peak_1.5,51008,61008,2edde199050f27a86e6e141fe1bba117b6ec3746aebacaf824b457eb1f8f1b31
grid,ppo,peak_1.5,51009,61009,d43c152398174b71a6993d31d8081696ee9923b155eda795897ad5e96e551157
grid,ppo,peak_1.5,51010,61010,95588be6d7966c25fd8416fc8496a38e4f339e35b816c95ac7710c8d3a90cecb
grid,ppo,redistribution_0.25,51001,61001,8be6d0c032d9ae27b49ac9c8c3f1f7e0dad5cf9ac46792d378f16c64bb87c408
grid,ppo,redistribution_0.25,51002,61002,fc11648dcdf9c12a1299dbc09158bce876acc4e896f6aceb5768b9dae1ada28c
grid,ppo,redistribution_0.25,51003,61003,43f188e0aaf7e6116b9915c04b32b07f0a01032d5490f6677b088cae1786bb06
grid,ppo,redistribution_0.25,51004,61004,7f91470b305eb4777f2663165bec8c7d0b933e652975a58c17dfe3082cdb373e
grid,ppo,redistribution_0.25,51005,61005,4768f62b6488c1ddae3b907333580cabbba161d9c35a881ba766ad81174b396f
grid,ppo,redistribution_0.25,51006,61006,05adaa1b1691711995f4fe55a2153213f2dc843f2af5ef3055de7cb3e3929fd7
grid,ppo,redistribution_0.25,51007,61007,71e6fa6b71ae32b176edc2b4e22b8fa023466b4d396193b100555b42c2fb17f9
grid,ppo,redistribution_0.25,51008,61008,6da35bb2230f345777ef3fd4895ca0c4116d021b5e400f854008d605b4c90c73
grid,ppo,redistribution_0.25,51009,61009,9dc56baa6b8c46e3ebb6534da476f9dbdd323a2c8431e8ad1d9b7a512cbde3ab
grid,ppo,redistribution_0.25,51010,61010,55bd386b6b754618e1998fdb6f88e8f12347a7e641ad050d4b3c735458f291c6
grid,ppo,redistribution_0.5,51001,61001,2e269a0c4a87d52288467b4fda4e9a7cea666e174768845f6f1aa4a3671a30d0
grid,ppo,redistribution_0.5,51002,61002,1b7649ddcf7a8ce23df1f364dae86967d4b3d3f720cc321e5877e4f11c0b2839
grid,ppo,redistribution_0.5,51003,61003,20ed616e6baecca4dd79862ba236d07481fe31258c9d0eace9339d9d1e35f7e9
grid,ppo,redistribution_0.5,51004,61004,c8740f6617831c1c203798cc9802b93dbf042788c10b9b1ba0b299eb34865e93
grid,ppo,redistribution_0.5,51005,61005,46a70fb8fd2e4df1fc9dd76959ee7f860c50faf60dd2c21dac1f76e57fefd12f
grid,ppo,redistribution_0.5,51006,61006,eccba4b865da1364914827a293f89f92990759c1337464434f97cb53216befe8
grid,ppo,redistribution_0.5,51007,61007,ee3eb9f7c25a8bb2266cf69eb91bbd22bce452723ede1b6d23667991126f0529
grid,ppo,redistribution_0.5,51008,61008,a772132b551f0616d288a2ced8159e40a983bb4bd8862811cb65c1716cc44e78
grid,ppo,redistribution_0.5,51009,61009,f9a5384b9621e78f554e82b5ad355f65aeb8793ea1bcd08f6850c1b705019ada
grid,ppo,redistribution_0.5,51010,61010,8d6c102c819ca5e9bc1fa8dc59c56aa59e3925731c77c0b0296179a6456ae8e7
grid,ppo,redistribution_0.75,51001,61001,9edfb91368693cdbd6bf0244591aec8e57e4489f54e4423a3ff1901da00d0a32
grid,ppo,redistribution_0.75,51002,61002,a45a84f00e9f095e121ec0ac79799dd6ed586742ef2b022bb52434bc406b0010
grid,ppo,redistribution_0.75,51003,61003,ee7d8bed38116da65b172539c892eced4aabc6e43e3aa8be6b552c17755ea998
grid,ppo,redistribution_0.75,51004,61004,a5e5423fb5544eb82c86e5cf9c82abfcde5206e0b8027b0fa6fe4b20b718495d
grid,ppo,redistribution_0.75,51005,61005,416ed94dbd272d5fa1145bd1d37d1a2bad5f8f715d874a330ad571d0c52af572
grid,ppo,redistribution_0.75,51006,61006,f742e5275afdeb372b4c694b97eab0491694b2c01d1d17bd362ed683276df2f3
grid,ppo,redistribution_0.75,51007,61007,74ff763cbdfaf7e9a665ee15a566c912b9fedc21358996a386ab23a18d224ad8
grid,ppo,redistribution_0.75,51008,61008,6314d5fb76246e5c9a380161c457f1515b21bbba003e4b1745022bf8b4a45baf
grid,ppo,redistribution_0.75,51009,61009,7883f94f9539cd9ddf6faedde3667ecc9535da08516ed5bb93790e4025d373cf
grid,ppo,redistribution_0.75,51010,61010,f33f6f3fd73596c6b5cee7ffa483a7f4905b83dd85bb1f6006366b5701470e62
grid,ppo,seen_Center_to_Periphery,51001,61001,aa2fb3840144b1cd419bf2f45a7f00f17254387d2d5ea18ea8d67df2496faebe
grid,ppo,seen_Center_to_Periphery,51002,61002,c2e398da7ee8c4bd74130c0cbc64688c9c22919942daf8682ed01d7613c542a0
grid,ppo,seen_Center_to_Periphery,51003,61003,d4eb1b924958b4b9b8afa7bcfb01770ffd67f97c2e2ff7733511d75d5d9c3b92
grid,ppo,seen_Center_to_Periphery,51004,61004,df2edd2f60ef9352303c5d8076170a721c3d23965c0066f740c72a6c41c76caa
grid,ppo,seen_Center_to_Periphery,51005,61005,2e9a8a6967cb8d1c5accc1a31c8a727dac9d68629bda4c4036759a3ef11f158e
grid,ppo,seen_Center_to_Periphery,51006,61006,edfcc44272e6d53db47e4f5b2798c10e6df6e07f6471bd3d6221d56d77775963
grid,ppo,seen_Center_to_Periphery,51007,61007,695b70aeb40d0f9525c60695222ececf5fc840ccb0f03c07b4c4cacc2ba231e6
grid,ppo,seen_Center_to_Periphery,51008,61008,24c80ebfa681ec4a588428fd6260c0bf02adffa89804fdd3bc4e17baf6b2b136
grid,ppo,seen_Center_to_Periphery,51009,61009,beb7653d0164c862b6906cd7cba518e1b2784b5f012f704c9ab32ac516013df9
grid,ppo,seen_Center_to_Periphery,51010,61010,f969c2d06eb0aed634d1775984abe41162e3c06b9df853d3ca5860f220029453
grid,ppo,seen_E_to_W,51001,61001,8cd4abc0b02f3f43f90eede634e3c8ad4fa0d9bf2f7813cacee1664da0413c3d
grid,ppo,seen_E_to_W,51002,61002,b54a6ca82852c360a17958c8fa93dcbf65abd4895370069a28d802bb8e3809ab
grid,ppo,seen_E_to_W,51003,61003,b0332b4bd7ed994eea20dae9a8e7cb05a5fba65281d1f5251948a3315d1eff7a
grid,ppo,seen_E_to_W,51004,61004,fc5a533686ac34adb8f45a1b3dd29576144029996b50e314be8502946f4bdb07
grid,ppo,seen_E_to_W,51005,61005,86f70b843013c640b820940cb6de8f870488eade46ffe1e44763cb208b1269c2
grid,ppo,seen_E_to_W,51006,61006,1a6010fd2a31d3f290266216628e6b491c57c79b01e2518df4462077a29d7963
grid,ppo,seen_E_to_W,51007,61007,6feeb904b5035651feacd430af1414dc74d41925538553f515733eaef02ec230
grid,ppo,seen_E_to_W,51008,61008,92b8c9b877328263b131e8987fa61791c4361d9830cb39e1c56e8cfdc3ec50eb
grid,ppo,seen_E_to_W,51009,61009,1ab679dc79ed94578f6fbc9acf389e6567bc2feef1d7c29ffc17a52e4cfc3787
grid,ppo,seen_E_to_W,51010,61010,bb6da2da00cb597ae9610bc0cdb84658a1e544bb8db76595f66005f8889554bc
grid,ppo,seen_NE_to_SW,51001,61001,0ad6e753792d5afaa44c2b2150bc114c12a9f227648d8dec94680117f4ec46c4
grid,ppo,seen_NE_to_SW,51002,61002,a1f9a44cf4c9337fef6c0808467be06382e291467f8296ac3e1f8e06f477d3eb
grid,ppo,seen_NE_to_SW,51003,61003,3ad73462ec0aac0468c42904a2aef6b0c12f33eb9dd47e3ead877d4ffbf7a368
grid,ppo,seen_NE_to_SW,51004,61004,376386354c30b0a340d6e1a3bf540cea1d34cc34c1e89c27d12580ee5adc5d83
grid,ppo,seen_NE_to_SW,51005,61005,c8a5abfa0954d97f0c25fc6ba123e23563a31bc1cbc6084cd98b2656138d00ac
grid,ppo,seen_NE_to_SW,51006,61006,ce8ce02d0c5f456951ef7d47256d307dc2ea35ae6219b55508d5f7c21d4ebb21
grid,ppo,seen_NE_to_SW,51007,61007,635806d3c20dc9189b5c96dee808e4cc3be8100b45fc6ec141d09126cd0d2037
grid,ppo,seen_NE_to_SW,51008,61008,5408d0f1e0779f198bffda1175297835d8071fa2781a5c5e3373b74435789539
grid,ppo,seen_NE_to_SW,51009,61009,73f718321777bc33af76e6aea5043d1e453e1b7de8efb48fde42edaae728f931
grid,ppo,seen_NE_to_SW,51010,61010,6e6f1b21675efffbcb9ac37bf8dd51b27a91073555e9a24ee8f4cdcc0bf61b97
grid,ppo,seen_NW_to_SE,51001,61001,eda8d3d6de6fff78aae557f9ee46a74080019dfc108fcec1cd7b89405290f8b2
grid,ppo,seen_NW_to_SE,51002,61002,707ee219d275b42f729b8a6b57d6c3e03aa92d8c935a0e2ea944facde1a430b1
grid,ppo,seen_NW_to_SE,51003,61003,27324176bb34dc93bb964afbff24407c00ebdf856d62296722824ce7482425a2
grid,ppo,seen_NW_to_SE,51004,61004,84320512d94877c9d78b34af0ad4997bbaeea7d99ec3872ea5e2ff0104b51ce2
grid,ppo,seen_NW_to_SE,51005,61005,fb6c2f56e51d864b7c60ea36ed58d45dc0dd35fdf1dc3db2aaac75cebf3ccafd
grid,ppo,seen_NW_to_SE,51006,61006,32c2f6c69014d1a98fccf147333fe824ed085c9e1adb798e6eaff65c5ce5c4d0
grid,ppo,seen_NW_to_SE,51007,61007,037cca009b26e4042ab4d016ee96d6c46f5d873fe106603e0b18856c4e6df5f9
grid,ppo,seen_NW_to_SE,51008,61008,cc5bf0909d79299c907913898ecb7c42eff02f9b086ee70236bac8fc02bfa41f
grid,ppo,seen_NW_to_SE,51009,61009,9c1ad2a15e52bb5f038fcd8c56229830cafd333e8f56a2de2793ba550b402309
grid,ppo,seen_NW_to_SE,51010,61010,68e81a0ed118e45887c9940da6041dd2440957b5acd003b2592beada4cf977f0
grid,ppo,seen_N_to_S,51001,61001,ddb93ccf0362e0d9a7c53ae99a92000ae261b02c91c58df43bdb174b5d5745b0
grid,ppo,seen_N_to_S,51002,61002,113048e04a928dfa255e39bb87490b9cb218f3086ab886cfb97c8ffe7f445b5a
grid,ppo,seen_N_to_S,51003,61003,656863975be798565cf3cfbf3e58ff4a6b76663ae3d7795b6fc068a633fe4172
grid,ppo,seen_N_to_S,51004,61004,9654f90e84acdc1734d35595283c863b8ad620023a01249dbde6490b7d322922
grid,ppo,seen_N_to_S,51005,61005,cb5f503da61c7fe6e974b4bc55a6bb25f3ef405c653a34bd6a58200725d144f8
grid,ppo,seen_N_to_S,51006,61006,3866c3ae52c871ecd6bccc86a2cecebbc4702091b45c571c62f60e0887c8403d
grid,ppo,seen_N_to_S,51007,61007,1bdbd60728461d489cd169f0599b0370c85a0bdea1850716f06b592555c9c8f5
grid,ppo,seen_N_to_S,51008,61008,5d3ce05767519f2fbd7246de3520607e8e6e57fd97e67390bb1fe5ec42dd4712
grid,ppo,seen_N_to_S,51009,61009,3fe911bfc36f02806e3caf9c1e50db34a556136c9208dc4ef8593e7179dcc17e
grid,ppo,seen_N_to_S,51010,61010,c17b7c6cebf24ac9383f4ee2d16a61ed0551d4d9a68f270b3898c73f81a9295f
grid,ppo,seen_Periphery_to_Center,51001,61001,183630aeda791be6051297ab749f951c163e440eff2e9c27860c623922d5dcf6
grid,ppo,seen_Periphery_to_Center,51002,61002,832ddfec7c9003dcf556e26d786281e142e0a74bd0ed0f7a4f72f88a554a6281
grid,ppo,seen_Periphery_to_Center,51003,61003,c573d7b8631f33e02a8340f6a3f2bfe6d558f990daeb61080e5cb132338a4df5
grid,ppo,seen_Periphery_to_Center,51004,61004,db13f00e0dc285789d7185351671c6c94ae4aef7edb60885805d0ea917afa88b
grid,ppo,seen_Periphery_to_Center,51005,61005,f1b5fe61cf32bc2d033ca7f5efd4ab559a2ca98a7a8b2507af438f29ab05bce8
grid,ppo,seen_Periphery_to_Center,51006,61006,da5ecb7e4b65c8df988f01e7c09b6115acdca9ac9e3645f4166b01898070502a
grid,ppo,seen_Periphery_to_Center,51007,61007,f75119fd71b9bde00d9ae69258110a7f4b8c9b7fa85c9a00c142a4f72b7444f8
grid,ppo,seen_Periphery_to_Center,51008,61008,8912e7ce9f27b476d9d83b3d5fea2d6f12f4f8795a6fff52d673ae5300fb733c
grid,ppo,seen_Periphery_to_Center,51009,61009,6c236587eb0ba4f0e8599a8ad633dee0f6a774a193cdd7598199e9be5805a12d
grid,ppo,seen_Periphery_to_Center,51010,61010,b43c0ebb1727b8da42ef52b4bfa6b3e1540431868d1077fefe3d8ba835d49ef0
grid,ppo,seen_SE_to_NW,51001,61001,6feea49caf76d721c7f5f7e978e6bfdddc0ef9177e98faffe840d99f7191b6d8
grid,ppo,seen_SE_to_NW,51002,61002,bdce8532b286c2604f33306c51be73ad4ac147bef6ec36492aa2db662bc4b1bd
grid,ppo,seen_SE_to_NW,51003,61003,89bc6808b13021692804ef430557f4f756fac6fb35ad7bd9ac9e46f3d53611be
grid,ppo,seen_SE_to_NW,51004,61004,3cd3c6f238fc07266db310fa91a1a615e02487ae0dcac91a35f54337f9658e08
grid,ppo,seen_SE_to_NW,51005,61005,8f2fd6c884360cc044710ba590d050df8743dd46e6c5659f895923afaf599c55
grid,ppo,seen_SE_to_NW,51006,61006,0dc9ed1b6d09778f8d704d6d137e2586a8f4265ef531dc9c2da10d9e959e15ff
grid,ppo,seen_SE_to_NW,51007,61007,6e1424c2c7924b552dc49319a8653494df5d45ebbd52e1659b3f526fe5ec26e7
grid,ppo,seen_SE_to_NW,51008,61008,076808a4b221003050e681059f6ffaaf6a8da6dcef55b20b323ef7700c3ec721
grid,ppo,seen_SE_to_NW,51009,61009,db040c435afb324360c44bf751c0c4db62c68eec70fe9169660b0efb473e7c28
grid,ppo,seen_SE_to_NW,51010,61010,9654c469f7a05d970a3170b639de40d59c759df830ca3e2c0d0a941adb6161de
grid,ppo,seen_SW_to_NE,51001,61001,a6c8bb25563e4fd33205bd42cf703ff06908edbd5ce1267956eb66a72179db43
grid,ppo,seen_SW_to_NE,51002,61002,1293d1b2163ff055b07fe8e27eacb96e495a4185eefdec4c63cf4bc27c5d2f03
grid,ppo,seen_SW_to_NE,51003,61003,7e4893c073e3867d964a0f33444c1a59c5e39f1172f2e8ff191168a11038aa5f
grid,ppo,seen_SW_to_NE,51004,61004,060637e2d7f4071635ec5e58a197e73a37fe9123f605073e518557a9d0603e4a
grid,ppo,seen_SW_to_NE,51005,61005,4cb3f720ac0d18e6705b350ba9461526a95a450d7f59047a98887c99de2a1c06
grid,ppo,seen_SW_to_NE,51006,61006,2d0613d64f129f7ed6fd4a03cf1180f3f986553110ec50569e61d4f4f697787c
grid,ppo,seen_SW_to_NE,51007,61007,c061c161ea16e6b6344192d43818d76c77195bc4eb301cbeeadee030acc0c4d9
grid,ppo,seen_SW_to_NE,51008,61008,c6fa8c65bfd491952ffcfe4b399c79f07893705090b1a12b0a586e5db5b982ef
grid,ppo,seen_SW_to_NE,51009,61009,149b21c1c88b1a3844391f548c54cee27ba778856e40295634c758ae658cf4f5
grid,ppo,seen_SW_to_NE,51010,61010,d8a4faebcf41e4b41417710964064b344bc70e93c52bfa703d9acc7ca44def63
grid,ppo,seen_S_to_N,51001,61001,fed647eee358d097fe2dc17477c1c67c5c8ea5b4707fdd3efd6ffeec2c30bf75
grid,ppo,seen_S_to_N,51002,61002,fd28331495dfa065820205dd86a832e432fe36719395ef7a006294e415c5adac
grid,ppo,seen_S_to_N,51003,61003,c0e782b6d71291995860b7c60827bb41bbb7fa4bcd42ba1d2bed2f452798b21b
grid,ppo,seen_S_to_N,51004,61004,1816bddb3af26387cf27c3948c334d96890714a4dd0ec862b258e27bee08cf6f
grid,ppo,seen_S_to_N,51005,61005,6886de84cc4e108a1c5b81753bc8ff673e9f651a18d7b18b56b7146a0f460c59
grid,ppo,seen_S_to_N,51006,61006,70f3864f87353e251ea66918a3303944742097f22d5caeef437f6c215a42a5aa
grid,ppo,seen_S_to_N,51007,61007,e1793242deb9bf7e2114ab4e044f2d7b4108c50840494a7736f2edba0084790f
grid,ppo,seen_S_to_N,51008,61008,8ea9f4141bcbc53e9743357e23934f38d24ea86f12d74cdb2defbe1d3de1540c
grid,ppo,seen_S_to_N,51009,61009,1bbfbc931b1c8932e1755232a965c305bfe717602e53f78a458845c8e9758703
grid,ppo,seen_S_to_N,51010,61010,240c018bbbadbde06ce9b35239f51c8ab4d51e17a6924f4fe7a12076c47b26b5
grid,ppo,seen_Uniform,51001,61001,6b994c9b4cf4ebd3fcfdc1ff4f52299a1162dffa77ccd3d7678ed4c272b9a348
grid,ppo,seen_Uniform,51002,61002,5ad23e32ac229200bd76282fcdf5ad48d9fa66095994899dd6ce7dd77c516c3b
grid,ppo,seen_Uniform,51003,61003,bb9c03fe76dc1cd8c4d1c4254208c1f9b4253a0b67365404697d59bff75e2d8d
grid,ppo,seen_Uniform,51004,61004,65b42fda0136a225a4f18e974f62aa0ce8e7ac696bd8a17802b87b23f24f410b
grid,ppo,seen_Uniform,51005,61005,e3889073efb474027414cbb480e757d456a16d6e81f86cf489f378a9baf28efe
grid,ppo,seen_Uniform,51006,61006,e137de4937780316e15882a977451dc60bc36959110b8e1b6e1fb59e114bed52
grid,ppo,seen_Uniform,51007,61007,6da816740afd009dd98e76092afcb68f9aec6a71f6e81cbd95b4b8ee53d24a2c
grid,ppo,seen_Uniform,51008,61008,67974161a65ca443a0b3a7b1cf57a5e1651d7bd97dbca06aa603d8540d554967
grid,ppo,seen_Uniform,51009,61009,6334e0ef3bc612234f5f9016db741cc13862b19800b4f00a26ab088c482d5c7a
grid,ppo,seen_Uniform,51010,61010,b1706baf7064d4da0d375dcee857ac74174aa1d5d289b99f85aecd9be024398b
grid,ppo,seen_W_to_E,51001,61001,0ec99420666d6f06ff31b418f65104d946de75dab87894bc64cb2e181f7d1a73
grid,ppo,seen_W_to_E,51002,61002,1bef2a222d08ae1fbfb375f94803649ddb77eb4d96027675ae891cbb2d229414
grid,ppo,seen_W_to_E,51003,61003,b247e35954581686038853bef4d000009cad2ca3938a38c471611b13d758ab4f
grid,ppo,seen_W_to_E,51004,61004,64747dde59c5004d2a473949b132878e545e39202a2c18752911196a46793417
grid,ppo,seen_W_to_E,51005,61005,0beb7907e4a045728b518bb1af7a10ec69253422318904dcb8067fe4d8a74e63
grid,ppo,seen_W_to_E,51006,61006,b61c8f93bfc352ae9128a1c303e22aeafa5d100de7c6bb196906c3124118ad10
grid,ppo,seen_W_to_E,51007,61007,19e849964d098e2afb78f635a67005bd237d6a2d2177f193578341da7dcde12e
grid,ppo,seen_W_to_E,51008,61008,47f80ce56a79b40323e74f988720e98d81d6c0bcae77df4c0261d3c98c8dc2b1
grid,ppo,seen_W_to_E,51009,61009,8e9e12f7c321aa2958cf62f3b2bc79533297fefe54c52e9fdcf8d5c0232bc9cf
grid,ppo,seen_W_to_E,51010,61010,c5c8f70df557dbfb39e5e80c860478d6a004f9fa7710c494ddf79ea4bac3fffa
grid,ppo,switch_1200,51001,61001,0e475375bf530e15c6b3b65d0910e45a64eadbfd2a4636319d2b7d4014d9c3af
grid,ppo,switch_1200,51002,61002,b7a2b52cbd9a8d64cbb949ae34dee876dc99b302ccded16df11db5955a85ea25
grid,ppo,switch_1200,51003,61003,82f8950c61ad08d533c7d922c73a9aec8db5d00b8dff59193b414b0d088336c9
grid,ppo,switch_1200,51004,61004,051d2aec3d6445ddf5226d7194cc4d1e259c124b155bb98a7c07e4685f5bd7f2
grid,ppo,switch_1200,51005,61005,2bb6dc41a40f3efe15450d4e5b7feea98ac08aa1bd399d3b31b277533ab11521
grid,ppo,switch_1200,51006,61006,81873deaed20388123e85bb169a62a8118a96741aef6ef4f4e04b3627da23878
grid,ppo,switch_1200,51007,61007,5d97873a81e2cb8760c3a0d651018f3ea5f37e03522315232639fa07b6832ad9
grid,ppo,switch_1200,51008,61008,ed7147e8692bf4e0537d9ef9c810b1a1aa3d5b7f938b843ec2c5c6e9c1226f8c
grid,ppo,switch_1200,51009,61009,abfb5797262b5781369eb17b4c8c96215195f3bb45e0d9c275c7205c1ed4f660
grid,ppo,switch_1200,51010,61010,d34440c456d65cb8f9a2b03b520e81b2fc9215221b322be8c018438356564156
grid,ppo,switch_300,51001,61001,d0c2c7036454254e3a72a935282349ee103d3407ab0a60b0ae5439ca12c80d93
grid,ppo,switch_300,51002,61002,039af2961588029c4bdcbe076620746d71cc8a6c25d160f0afc2e2fb400ee9b0
grid,ppo,switch_300,51003,61003,e7e9fe23f89fd4c7c329087ad568af255e64f71addac82004cd9ceeb5a4db6e7
grid,ppo,switch_300,51004,61004,46cb2d46e4d2ce3dbda82d7c4548aaef5adec54f5298b756c5baa87746a6671a
grid,ppo,switch_300,51005,61005,1d40a52fd749b97829d1af9db5de57b118d0160e07274c0e9a58442279e1a531
grid,ppo,switch_300,51006,61006,a31d1f53dbc75cbaed976bfd0892823ceb935a3fb46cf312409ec988caee101c
grid,ppo,switch_300,51007,61007,9b2460b8aff1cd17132f095e2512c419f86feb8e4f1a84bfb3af08e1519290c6
grid,ppo,switch_300,51008,61008,61c5cf606b93f9fa1c619fa16e2c5a11208f4362f4b151f830983a6e3719e0c2
grid,ppo,switch_300,51009,61009,43ab82516bf69c453633b863962472fe6d428fa16dfc2aede720b47f1bf72229
grid,ppo,switch_300,51010,61010,460cb4f833cda19cbe8d34191512634f9bee9345b3838119f0f887d953497d8a
grid,ppo,switch_900,51001,61001,0b3aa209326141cf07c78576f354f155ac6aebaebfce3893cea3aaeba202b763
grid,ppo,switch_900,51002,61002,06a8f3801a3c24ea0068b839da7129fe9883f716616f4b1a6d4c9d416880631c
grid,ppo,switch_900,51003,61003,ac3a4007ef64506a551e953697e00544835937f3b83765ef2a5be37a88f555f2
grid,ppo,switch_900,51004,61004,db7743a061ffff99a79e5b226eb5da79614cf1d73f12fc4937a3e56e923a81b3
grid,ppo,switch_900,51005,61005,c4e02f5ea08220319b8e82cec26eada57056b61aab8ca0fe523e03373d432362
grid,ppo,switch_900,51006,61006,e95d6c910f41b0d39e9815b342eb7355c5e8b67dc93e774baf67c852996f18d9
grid,ppo,switch_900,51007,61007,4e194a6b3abccaa4c8f17daa2f6df9b384521c05f34d513cc8fca1144645397b
grid,ppo,switch_900,51008,61008,d586d40cd52067c6fefd770ddb75fe385abc583ac34d38434086dd281f88ca44
grid,ppo,switch_900,51009,61009,27eba8742de0c298e82091d70f8f54c434dcd8d7d1428a33be31f2d5311af0c5
grid,ppo,switch_900,51010,61010,67f94d4bb750a81db0b9fb849939387dc34a11df44aee13b04b91ebe6ba6ca92
monaco,ia2c,mixture_1,51001,61001,fdef42fec1c38684ee449427da935e2121af09a6a85ba308668502137d7843e9
monaco,ia2c,mixture_1,51002,61002,7704b61be331f085ae5757db3276669b551d12415d2ccbcdc80961101bde06d6
monaco,ia2c,mixture_1,51003,61003,9c14b4bc840a22e16c83bdc19603929d5f4f43d2aaeaa51698a7dbe1ca96496d
monaco,ia2c,mixture_1,51004,61004,ae17ae5a385e20b6eaa05b016ffb3d7008b8b61f7d8c41f5afcec2c2d69cb28e
monaco,ia2c,mixture_1,51005,61005,a0b7755d8e7f7b6520764e83863fbf02807b944cd30066a137d7308e0aabcab6
monaco,ia2c,mixture_1,51006,61006,b86773741f9b7a0130a39c93f805507d01931e6bae9c5e870e27a4980ec81578
monaco,ia2c,mixture_1,51007,61007,7d47f5c0364803d787602fe5b4cc0f41d5791e5e7c7b7444ccf5c975b7f5a6f1
monaco,ia2c,mixture_1,51008,61008,6b4e124da23257ef77ad5facafbe0a4b041cf0dd1864bd285e1d95d6af070ceb
monaco,ia2c,mixture_1,51009,61009,1fa02631d1db0e6b33b59fe3d8ac8111ff51c30091808a631a8f51d3822ab945
monaco,ia2c,mixture_1,51010,61010,70f4f3d0493442cb31b514a709878e37c05147a0e0225cfc909be4fafe2fa3f6
monaco,ia2c,mixture_2,51001,61001,f04da9724013aa1227cdc3bbfcfeb887e5330b67cc864c76dd6a8c337bff90d5
monaco,ia2c,mixture_2,51002,61002,4f616e485067189366860545ca8ee9eda6f2ae23e5465cb2b1c4d6b6862e0ad2
monaco,ia2c,mixture_2,51003,61003,d0805746d59ce3448beab6d829a6c38dcb070e38e1e5c2f4f9063f1101094898
monaco,ia2c,mixture_2,51004,61004,520c90ed89c10c593f71f603c8c125949cae95cf3bbf5d1486db49639923a6ef
monaco,ia2c,mixture_2,51005,61005,f65dcd70723c1d92f7f899d92a18f65562e95a54ca3aadfd8e68e7b5a10fe9c6
monaco,ia2c,mixture_2,51006,61006,0f6c1772cbf5221cd77920cb05f49de7e86a7d115b337f3488df859d156b2303
monaco,ia2c,mixture_2,51007,61007,e6205d1f6c4b8158bf4f2fa58be4d39a6eefe85e0de91da5f450bd1f5af8c006
monaco,ia2c,mixture_2,51008,61008,2d95280ca0c68c6ce808d47362c4c12e0f4baad5622d2b9db8ea23af55e3becb
monaco,ia2c,mixture_2,51009,61009,d216b9b2b3ebf2f0bf756b26bf2d306e79733979e653971571af70eb732bb77b
monaco,ia2c,mixture_2,51010,61010,d07ab6e6d8a666dc6c8db2587df34fda3a5fc128d0d2a5f5ec33c3a5f5abe539
monaco,ia2c,mixture_3,51001,61001,18e7a2c0629b5ab8f675c7ea8de7cf7d4d5cafe0cf714dca04c3c3751a58fb82
monaco,ia2c,mixture_3,51002,61002,4520e1261f0d893e05164ae3c9b74a12e2ade44bf7f51bff8acba6254850d8fd
monaco,ia2c,mixture_3,51003,61003,49d7090593edd7bf1eb7da03503725e024312155ec4ac727a5af5193949e227c
monaco,ia2c,mixture_3,51004,61004,9e64e736e9855d27c210763812569ab3e7ce72ea06eb196b3544190520a40ce1
monaco,ia2c,mixture_3,51005,61005,84d9fee2a92d273fb3cf065cb1f0412ad6ec622676ab17cdc418ec146d487ca7
monaco,ia2c,mixture_3,51006,61006,5e39bb9cf1381f7d6ea8bea8b45c578c370dec72757235b50736ef2b760678e6
monaco,ia2c,mixture_3,51007,61007,2863d21b2706cabecb6b8354252ec8a285376d9eccce8993941beb74e86a056e
monaco,ia2c,mixture_3,51008,61008,c6aaa6f1bdca1aa75bf3aaa1615b216db494473d1daf3a8bffc1d84c8ca3fc5d
monaco,ia2c,mixture_3,51009,61009,edc1d7ae916c02f3d7e3a1f3b6fd770af278ffac51f8e2fb07a65961a38fe2b3
monaco,ia2c,mixture_3,51010,61010,54a4de119cfa2220602ce9f25a78277561448ea420198a647f41290e37ca4734
monaco,ia2c,peak_1.1,51001,61001,98f7e6d7331339697507e47fd635ab16560e15317a3df069f42c25f8ea8ee49f
monaco,ia2c,peak_1.1,51002,61002,8617d6c60d9a3e5d4b0050ee2b90b0c4803d566ce06bfabc458a4329dc965e85
monaco,ia2c,peak_1.1,51003,61003,c692b574a14569adc6216426253a0ec51dbfdad1fd416d17f78b51d031a99fd0
monaco,ia2c,peak_1.1,51004,61004,234ab9f62d1dfb84f5d10f4e197ee51b032c190dc9254ffd3f5991481baadc83
monaco,ia2c,peak_1.1,51005,61005,581f02d1129e9f8cb1769235a840e9d8a779a17a3a9715383c32a74a27402d49
monaco,ia2c,peak_1.1,51006,61006,1ed79752c521fcfed26546eb72b71c00a90841787e8a83817eca44c1197c3038
monaco,ia2c,peak_1.1,51007,61007,87e27e11fc3e959882fc3a211bce4e137c7d97ffe12c4b3155d6fef99cb6f585
monaco,ia2c,peak_1.1,51008,61008,feebf6bfd430eeded3e96c9a065615ac9e45b54aee38a5d2cdd2d37ac0e8a262
monaco,ia2c,peak_1.1,51009,61009,8812fea56cb6337b7f26a05bfd8c1786ffc44dc69fab7727005f9cbfb989915e
monaco,ia2c,peak_1.1,51010,61010,115351b5e8a5079b0a75168a9830f7933cf98425f053929fb242bcb2ca41c4c1
monaco,ia2c,peak_1.25,51001,61001,26e53edd8ae080c0555055280a2e117ce3288149661b476c4d062076ec104005
monaco,ia2c,peak_1.25,51002,61002,97766a81adb0296a68354e1ae9591eb9c00dbfdda6faaca6f43f2cac1aedf11e
monaco,ia2c,peak_1.25,51003,61003,aedeeaf15c2637f54242e317dc8bf3f70569607accc9e96e20b4f323fa4f80d1
monaco,ia2c,peak_1.25,51004,61004,bd0b283cc58c21ea0e96aac68b70c726049b6343fe5d2ed506a4b1a967b29e5c
monaco,ia2c,peak_1.25,51005,61005,ea49e6037ce272f91abff4825f44e9a664a23aad1c265f758551285d708d13bf
monaco,ia2c,peak_1.25,51006,61006,90568636c3343c4f3e8da5f8c5036c021d3da15d21cdb9866cda32020a62ef5f
monaco,ia2c,peak_1.25,51007,61007,14e71be277e0f742422eb693de103252398d220e834aad9b86a05f6907d7e2ea
monaco,ia2c,peak_1.25,51008,61008,c45652a73215458c141ae6872e3391ebcc954484825298f146d27d0d09f7c1fc
monaco,ia2c,peak_1.25,51009,61009,66b2c3ff3f33add0398cd84de0dd872eb0d13c14d704e06610a8a4d154f334bd
monaco,ia2c,peak_1.25,51010,61010,cb872673b62910fac7533ef3e53fd475f82a62cbed79a07c4c214ea1a8070f2d
monaco,ia2c,peak_1.5,51001,61001,bc0514d0e7e0213db454eb6cbdfd8fb67c67566f41654a575535fa6d45d712f7
monaco,ia2c,peak_1.5,51002,61002,b26509c33a17410c6844a80c3ffe0cc138027d798d73039695e279f5ab0d1599
monaco,ia2c,peak_1.5,51003,61003,b1b7f95ada6e3739baeb50afcc53866126e427c82e24a7ddcb450c7fb8fc87a4
monaco,ia2c,peak_1.5,51004,61004,6cfc943f8d3faac0965e0bf822ba499ae9d1a0d8c25cd2dea5576f63dbde26d6
monaco,ia2c,peak_1.5,51005,61005,eb3342019a0df74fa0f4f8f906fa416b71b39504dafbb8e7b7fbd3a21f50ff49
monaco,ia2c,peak_1.5,51006,61006,3c7e3ec211ce7785507c23bc86d057d0567a5a33eb86124eaacb9c29c3959939
monaco,ia2c,peak_1.5,51007,61007,d17b7986b7cacc797dbb51744af9889f6492e7feef775eb6c475de07c760d132
monaco,ia2c,peak_1.5,51008,61008,ea324d3ce4c50a5282c8de087273fefe9f7b5e22b09a361ad1e1dffc3084f1d7
monaco,ia2c,peak_1.5,51009,61009,386cab2af1b2de85790943c79aa54e0817267c723ce0173d4054222e35997b9f
monaco,ia2c,peak_1.5,51010,61010,6fbf5fda109871c242745b41cfbbb5da7991e0ea4ace075a2e3bea99b94d8fd1
monaco,ia2c,redistribution_0.25,51001,61001,b62b5dc86a95a504ee8113c58ffb026e8131492b030d2cb50f7fa625ea8bfe7a
monaco,ia2c,redistribution_0.25,51002,61002,3b9eb842fb0eb16e85d4bf69c3768214cd4a4df511d8483d6cdd5135b2d0959f
monaco,ia2c,redistribution_0.25,51003,61003,17ac113e0225a5c46daceeccf22475c965779f2f050e6e2db792383a49daded0
monaco,ia2c,redistribution_0.25,51004,61004,dfd7848241b299ef2b24203bc46db5355694a0e93d960b54438a6ac9a452cca9
monaco,ia2c,redistribution_0.25,51005,61005,0f6d3acc48cdf71cd6ff01862054bc5072326271d9c7403c982607ac7d50704c
monaco,ia2c,redistribution_0.25,51006,61006,d12a7b3e075e534a76a855e2c2d53f5793ab69b988ddc1907853783422cafaf9
monaco,ia2c,redistribution_0.25,51007,61007,56939a6c41c5cf4f9843e9df4ac69f7a89f9757f6d4060db517754ae2f52da24
monaco,ia2c,redistribution_0.25,51008,61008,bdf60aa642712173b67bcec15b8fb2c14d8c078a8cf6af0cbb13823cf11a6a22
monaco,ia2c,redistribution_0.25,51009,61009,6e1dc0bddf8ee95c7db760500a366c36d425b2695bf4f8813ebcdae6aa6db0a7
monaco,ia2c,redistribution_0.25,51010,61010,060acaceffd1f193b8540cfa298afaa4cab39d5e4c8b74d757296dab4d1e8241
monaco,ia2c,redistribution_0.5,51001,61001,fc0a42445691f29903eee984f13a73486cbd21b81aeefe2021b4a56fe496a20c
monaco,ia2c,redistribution_0.5,51002,61002,4f4b687c87c62e5ff56ff3ee5ddfdce82c20fe8dab058b31496728bd28f2c693
monaco,ia2c,redistribution_0.5,51003,61003,074cb12493b4acb91f3f5e19c3d03dc1ff19468d75fa8292881ad553af3f53ef
monaco,ia2c,redistribution_0.5,51004,61004,9bf4774f663513d93d9a4cfe0a6497c373f90fdd60cb901e99953898047c829d
monaco,ia2c,redistribution_0.5,51005,61005,276dbff9473120b5560098711b246a24f6a276bd30c709b41c5dd3cad8f6f930
monaco,ia2c,redistribution_0.5,51006,61006,50c901e86ab1bc57db530b9c03269fee1ae79e59bf6f6c2ad4b28b4be47b3c8f
monaco,ia2c,redistribution_0.5,51007,61007,8692155ead223f1b37686ee7b27bf2628b314c2bee118eea9e02634566cf8672
monaco,ia2c,redistribution_0.5,51008,61008,c31b759d8c14c2bded3ce90572327290c71be4d0047ab6623e70009b9661b80a
monaco,ia2c,redistribution_0.5,51009,61009,81960460f22e9b7e381fe6c7e26cab91d53cd21985d8a5485c1a475a13d95891
monaco,ia2c,redistribution_0.5,51010,61010,685578e64dd0fb2f6b9904ea7c3225db23e1e9f1f8dbbb16ff96b1575c1efeba
monaco,ia2c,redistribution_0.75,51001,61001,de00e5e5f9d93c7ad1f6ac793e91f771aad54199f48bf4b25f2283124d59a5e5
monaco,ia2c,redistribution_0.75,51002,61002,a802cad4bb88b961470b4b857ba6fcba3f22658bde62be923b4e52da0e3184a3
monaco,ia2c,redistribution_0.75,51003,61003,0ed3bf047ff7eb6cf82ea3d1534854858819afe0c07d936276958eee3d8adc65
monaco,ia2c,redistribution_0.75,51004,61004,ffb1dad8ef5be0acd221f0b6466e8dd97a4dfe1dfda6d62935117745aa8bcd1b
monaco,ia2c,redistribution_0.75,51005,61005,78d045ecf63af9e6b3845e1495871f5c4dadc8e15f2cc4b2218a6e32c6a6412d
monaco,ia2c,redistribution_0.75,51006,61006,b40c2d9298736adee76631694ea714bd7b7a5b18cd7fd6e31a97ec1227c826ec
monaco,ia2c,redistribution_0.75,51007,61007,d3298d4657dc1f01ab07f19acb67bfad502498300b8979a304fe1cff8f5a6dfa
monaco,ia2c,redistribution_0.75,51008,61008,10811e7517659869824fc2b547f65ef651ebc370c888a09b681a0479a300e63b
monaco,ia2c,redistribution_0.75,51009,61009,be959c9acb128148ea9953be3f5e6681b7372261120cad744198a9b1821f33b6
monaco,ia2c,redistribution_0.75,51010,61010,fb7091f6746283b86c54f4722ed51b7ae88e0d63fb11602222c10c9f2d9c4a44
monaco,ia2c,seen_Center_to_Periphery,51001,61001,397112d08121c6071df95c22e7b0c07f70856269f293c5470f46f7785600895e
monaco,ia2c,seen_Center_to_Periphery,51002,61002,c04c9535e2b16418b500e423f59e53ad935b2e55e40a48fc257e6b94112f1fa0
monaco,ia2c,seen_Center_to_Periphery,51003,61003,f73d1b47a8dce47bfd4d1060aa9b75c8746a8916b06abec077dfb412cea966e7
monaco,ia2c,seen_Center_to_Periphery,51004,61004,5de705bd677e765ee211f7c851d47a881ecc4865c1939c3a4b62495673508899
monaco,ia2c,seen_Center_to_Periphery,51005,61005,5ff89feafcfa30482504b1fbbc89f11779bb3eb97c7dfe9bfb63e7d8bc06c426
monaco,ia2c,seen_Center_to_Periphery,51006,61006,bf272f17cfe1bca57d4fc6387dc9567af5406e0b819ab0e69209b7184c1dc733
monaco,ia2c,seen_Center_to_Periphery,51007,61007,18b47c37607b682c4e5e9c339e30f4cc0add6698fdef432d6bc8fa71378cf041
monaco,ia2c,seen_Center_to_Periphery,51008,61008,14c369550652e14f117ed454dae258ce23c44cbe8f06785f1f68f3b8a59d93c1
monaco,ia2c,seen_Center_to_Periphery,51009,61009,262c3d735fc141c6e9d637c6c9f4346d89dc36047d4058d0660297d84c64ad4a
monaco,ia2c,seen_Center_to_Periphery,51010,61010,8f767da4aaf13ef63f73ead47fd6ff931af0a37fbb65e473397ccabfa5b8be12
monaco,ia2c,seen_E_to_W,51001,61001,f9bcbf0b642a52679d9e203bc3ff529ddcef3354dd88b3398ba2e6e015faacad
monaco,ia2c,seen_E_to_W,51002,61002,105172035076aad4ebe27db3b2976a168eb88e97a6a501af0180dac443cd0d6c
monaco,ia2c,seen_E_to_W,51003,61003,02c6d7f50743984531f54c62de4930ceda383a9f898991d747bb2b5b4d044892
monaco,ia2c,seen_E_to_W,51004,61004,f3ea99889c496b20670839f72f4ab6e8c6a730ca74a06aad8ee00d6709593a5d
monaco,ia2c,seen_E_to_W,51005,61005,baf6e3b0595b06b540868a62c1c148553d5889c226aa056d507d14fc716bf050
monaco,ia2c,seen_E_to_W,51006,61006,c9cba7272fc4d5400f2082ccbeb1bfa143a45bd95af44185b0596778eb9995f6
monaco,ia2c,seen_E_to_W,51007,61007,a9067fdb763104476da05f995ff0e59bd8fa28e22e00b6058fd4967f6dceaa0c
monaco,ia2c,seen_E_to_W,51008,61008,211a5f0d679cf3377d487a45eeba737d507c25f1fa0c8c18fca0575b00989ecf
monaco,ia2c,seen_E_to_W,51009,61009,ced412ae20ca45c1e374e6082dc32f789091fb8b09c222e49c51041b7adeeeec
monaco,ia2c,seen_E_to_W,51010,61010,8d85a1fa1629180cac9617e6561dead90d29c5f828af1923e404f8be0d0dd775
monaco,ia2c,seen_NE_to_SW,51001,61001,cd3373bf69a615e764e660ebea56e720a429fbf93dbc0752448698079772be4c
monaco,ia2c,seen_NE_to_SW,51002,61002,9f2a670d5204fb706b511e1c465d149b3d1dfcde597ed8b8bef88841beb3236c
monaco,ia2c,seen_NE_to_SW,51003,61003,a19c58356c26ab3ab5517f02fae9629afc2b2e1f7d936db74851b504259764e6
monaco,ia2c,seen_NE_to_SW,51004,61004,143034fd789a2729bab8c49cbc2b5dd66806e1d39e36ef31e913ac2a51630779
monaco,ia2c,seen_NE_to_SW,51005,61005,de42ae14ca29b6fff5cf3efff233fbfd1b5311efbe87ac4953d6e9ef5da20ae9
monaco,ia2c,seen_NE_to_SW,51006,61006,4195a75ae8f18ea3a4676f110bec1bdc157ab1cf6e09bc39821cb56cfc7bb02a
monaco,ia2c,seen_NE_to_SW,51007,61007,9f0b74fc361359b8f2d5afdc682a22421ee68ab49cfe1b380e6139e8b5f02f59
monaco,ia2c,seen_NE_to_SW,51008,61008,4973bda3184fc908b299bdb6347cf97158bcbb7315569bfa9a3f8dafc85c4cd2
monaco,ia2c,seen_NE_to_SW,51009,61009,d0894f600b4e0c00216ea53887e1ec1865f0b2b8c77a27cc895ea6ee3853fe70
monaco,ia2c,seen_NE_to_SW,51010,61010,df94aa0d3985e6468cd16d2a37b055abe267a9cc013f2f071e89ce003bb55508
monaco,ia2c,seen_NW_to_SE,51001,61001,7415f405c52d45f94f212367a7c616825f1d7020bc7bebed74eb4184b4bb6b00
monaco,ia2c,seen_NW_to_SE,51002,61002,e88e26314b3301668425d4149b7b3462d675402339ab65778c6e8498cedeb66d
monaco,ia2c,seen_NW_to_SE,51003,61003,a0239950a592b32c87bbaaf4bae4fdb91507593794a5cebadaae2c17a7fc4fc3
monaco,ia2c,seen_NW_to_SE,51004,61004,3b46d0e6b8ad928e9ecc390072b8f45a53cab8e8e26c796dd0e1d57ea7871977
monaco,ia2c,seen_NW_to_SE,51005,61005,9a169c78648c5c925a7b178ac86fb077dfb154dbc39bfa392f672673128403a6
monaco,ia2c,seen_NW_to_SE,51006,61006,ded2a304eb6f873bb443e3f99ae5c3e37a54a9ea4bf020b4a07bae329048161a
monaco,ia2c,seen_NW_to_SE,51007,61007,e0e7fbf377183f9423df94a70a197ea7c9392c1eb5e1af2c4b8cc40fdffb6d8c
monaco,ia2c,seen_NW_to_SE,51008,61008,6b45c0fe537d8c8b40b1bf24caae962b00c584873fb7c607d67aa02a34155673
monaco,ia2c,seen_NW_to_SE,51009,61009,0be81666c7e1711f13fc194fc4bdff71b8105f06785a80a76c22fbb4fd329bc5
monaco,ia2c,seen_NW_to_SE,51010,61010,75fe6f5941ce485d4f933ff7f18852d592b42bb383ad23ead3fbde997b8af997
monaco,ia2c,seen_N_to_S,51001,61001,8ec8920866f2a7188451439d49349c1765de41763313a8553913842309b7de72
monaco,ia2c,seen_N_to_S,51002,61002,524424b409dce754a0b970e6ef991c4a03767b346b7c2702d96adfdbc50392c7
monaco,ia2c,seen_N_to_S,51003,61003,b9ff2d14f93ca932dafb0fe4ca488fad7c0452348f822aca5bf75f42f5149608
monaco,ia2c,seen_N_to_S,51004,61004,641eee18fc06796a7aaec0d63730384779307110b5605e606e995d818d39a5b3
monaco,ia2c,seen_N_to_S,51005,61005,9fad7c9f99b706d829516591a69f88fdc9e8d7fa6b65b434fcd5bf133eb4c1da
monaco,ia2c,seen_N_to_S,51006,61006,fc5670417b942d1f1b65a52470a6f26b538c0c2822e300a32d49f4d94f84b671
monaco,ia2c,seen_N_to_S,51007,61007,aef0df02f953ca841f93daa81bf180e747c9c5fa0bad6882f4e6f594bceb179c
monaco,ia2c,seen_N_to_S,51008,61008,3682c66f365865fcc8658aa2a6ea2a9b9830bbea7c07db51c50cd39a0fea3e3d
monaco,ia2c,seen_N_to_S,51009,61009,7c7821a82948910e8d939961f5b3851025b85bdb0143959b28380b2d6ff9c443
monaco,ia2c,seen_N_to_S,51010,61010,de76ae8f1170e3d90a948fc175c02adc3fe8d30e58c78cb9af4e2c8cedff8f3f
monaco,ia2c,seen_Periphery_to_Center,51001,61001,60a37f47215732e874a1baa860285c7efbaa7e6f228f90e2c25b014128879976
monaco,ia2c,seen_Periphery_to_Center,51002,61002,0d3bf91ebf613164cabce1ec7ce7aa52769ff075fc85a5f2bf4a34018fc731a9
monaco,ia2c,seen_Periphery_to_Center,51003,61003,54bdcab211a4f4931302d077f5ca764ad1766b4f0d4429bd925bca9c972c7b22
monaco,ia2c,seen_Periphery_to_Center,51004,61004,1436bc328f80bc0d09d171b24536ee4e4a7de1b026d66c133c05519b83c10450
monaco,ia2c,seen_Periphery_to_Center,51005,61005,396cc6c12ceb13a27201b0ef1965f358f6f15e15beefb4d13a74bfb2b4b9a3c4
monaco,ia2c,seen_Periphery_to_Center,51006,61006,91e9024d841c0320fed8c9d48608fdde0dea31860fb1e5152dd4d94f3fb751bd
monaco,ia2c,seen_Periphery_to_Center,51007,61007,214b9097588c7ba289679163740e887c571ad2bccb4d64cf3bee8a2a2aca94eb
monaco,ia2c,seen_Periphery_to_Center,51008,61008,664672f03a1833ef094f1cb612fc3076dbb5d163cc4c1da889b36c488487094f
monaco,ia2c,seen_Periphery_to_Center,51009,61009,bad501d8955d0f2a2fd0c85caba22ac02ca3a5593d78e4317bcfe086a76fdc24
monaco,ia2c,seen_Periphery_to_Center,51010,61010,ead84764998faf40cf455060bf4514c2efc09ba55a8643c6f3a28d0cc5b64763
monaco,ia2c,seen_SE_to_NW,51001,61001,9fe2a5c5de716ead5d07afadf45a5b36d2c038720c5760601039c4bfd7547f43
monaco,ia2c,seen_SE_to_NW,51002,61002,33a74884c1ebd396d53d2b1f79d5266e518510c63990ba1f929912d05e65ae75
monaco,ia2c,seen_SE_to_NW,51003,61003,20364cd64165cbfbcd051e70ac1f84acf9cd7c91f74bd35419a39f374acdcee8
monaco,ia2c,seen_SE_to_NW,51004,61004,86937283ccd4db4cbec67183be652faa875cdffe7201b66cfd2b5cbdc071ae38
monaco,ia2c,seen_SE_to_NW,51005,61005,3d45472eaee1e7314a755bb1c6c0e759d3e3eca256dd78a44acb2e2ad2796fc9
monaco,ia2c,seen_SE_to_NW,51006,61006,b69d240db1f15120ad9c17b54a5391be35987342f60041405a60de255d1737c5
monaco,ia2c,seen_SE_to_NW,51007,61007,7364d29ddbbb3e6b818e987990030dffd856026ff305af2dc09ec0d53514bb71
monaco,ia2c,seen_SE_to_NW,51008,61008,dbb125d406005efc038d510f3cfe9a6fbb03d69c75d5056f655358adccf83b4b
monaco,ia2c,seen_SE_to_NW,51009,61009,c8653a7e212fc55ce19d635619b1b920ad78a04750983082c1fec2e2c6f6a31a
monaco,ia2c,seen_SE_to_NW,51010,61010,55e43af3570ed8c00f2e67e94f06c5e24c9dcf079d522fa7c12667319c9b211e
monaco,ia2c,seen_SW_to_NE,51001,61001,616294b5e6be82e5cecf7ec0cec51494b494306e2c33e85f84fc1f637d53f781
monaco,ia2c,seen_SW_to_NE,51002,61002,d1835fe8df3bb6154468204abcd0b92e565254b53b987ed25a12cb170b1adb1e
monaco,ia2c,seen_SW_to_NE,51003,61003,7e742ec64c8e08a26056ac02b06bb5e2dda1376c4019becb1d7968381ca5a206
monaco,ia2c,seen_SW_to_NE,51004,61004,1ab28afea3d7137d6c67812d9b25dff33b061fcd5441a0ff6e01673b967659d6
monaco,ia2c,seen_SW_to_NE,51005,61005,363a6ba6a7e846825a03909f4f5fc6993c56d7c714e7695e60a3d64a2f2ae3a0
monaco,ia2c,seen_SW_to_NE,51006,61006,614f39c0fed3be004e5d449059c544d098d7c7bb936c0fa676241f6908281353
monaco,ia2c,seen_SW_to_NE,51007,61007,94e950f7abfe47db93326aec4237510fdd4cd8ac0a7cf9fedec06a64768de59f
monaco,ia2c,seen_SW_to_NE,51008,61008,cd2455b081886cd8913ff31877abf80d201a466d3e66cc7d4105c6175df43dbd
monaco,ia2c,seen_SW_to_NE,51009,61009,7253bac9675d1381d9b8b3a556c18e3496c09de60cd8e30c753b6b563af0c9f9
monaco,ia2c,seen_SW_to_NE,51010,61010,62ed2dbd4e750c1dddb4e713ba80823c5f3b02e65f485526c1243ddf38214ae2
monaco,ia2c,seen_S_to_N,51001,61001,2065ae375ebeb7a6f4205460555f97ccd67f6e8bd8643d2d4fb9f48043cea7b4
monaco,ia2c,seen_S_to_N,51002,61002,946c30e7a3e9a9b118d0a853a8bb1bc6f3051c514bfac4ec93b9322d60f8b57b
monaco,ia2c,seen_S_to_N,51003,61003,4151bbc4af3e89faf4aa2b005640604fb6b5b7e1f2fdf41a46eda12bd8f5e476
monaco,ia2c,seen_S_to_N,51004,61004,3238e2353a74597eb73712aa3204b10423ce451881aac89ac21047570ddce6d0
monaco,ia2c,seen_S_to_N,51005,61005,aa2788454221097572ddb0d5748d50bd03ced14b237eb5e248ec423f63844357
monaco,ia2c,seen_S_to_N,51006,61006,2ca436257cf607c102594068489a39413d19d74d5b26f850e1f02bf3d6612efb
monaco,ia2c,seen_S_to_N,51007,61007,74ca4adad9c2bc248fcbcc646fc86b1786967a0de7e30b4fc76b535157f8af2c
monaco,ia2c,seen_S_to_N,51008,61008,b3dc7d9ca58ea4807f532d744dd54eaafee8d90084170f987d1fcb3c2348e517
monaco,ia2c,seen_S_to_N,51009,61009,849aaf50acab94f88a88cb82ff2e6047bc6cf8b3fb66be8bb0df89fd09403494
monaco,ia2c,seen_S_to_N,51010,61010,c33208c682dd7ce34b22b10d9e3e925595a5d9fd91a26e807f0f155c50674b2d
monaco,ia2c,seen_Uniform,51001,61001,d0368e37be7f8bb2f3f9f4c5075f3a9e35bf5671116ae7f8214e3b1fbc283b6e
monaco,ia2c,seen_Uniform,51002,61002,0854a69a8f9dca285ca5aef2a31e89f23bcb8fdf9c3c18fd161bc7932d978e61
monaco,ia2c,seen_Uniform,51003,61003,4dd112c5236a981e6abd39b87fad5366a63fd8fcb6ac1424e5e08793ab91809b
monaco,ia2c,seen_Uniform,51004,61004,67187d9e225ee6e4722b7500ebd674b983969ccfea6499a07cf1faa0d77d89c6
monaco,ia2c,seen_Uniform,51005,61005,5f334202cfa3f9cb05ecf8f654e8c295d4d0104729720bb6986af5a2b1c0db72
monaco,ia2c,seen_Uniform,51006,61006,a98989ddde4e6a1bac70cd06d55fa79158ebae7a62aa70138d36b3b1a9365c6c
monaco,ia2c,seen_Uniform,51007,61007,792e01609c9a3a6293066f0c721f7fbb7d7b37af8d44f9853493dd23727cf60b
monaco,ia2c,seen_Uniform,51008,61008,29470a7fabd468a2516ed269117e1efc3bfb38bef79a19abc869beb723d82740
monaco,ia2c,seen_Uniform,51009,61009,d8a55dc38362a9682e400cf1257e8d9b050448fff5c171a3b6a633a54031fe47
monaco,ia2c,seen_Uniform,51010,61010,c145e4170a4c4599da4bdde3856300d3494ad1fca5b6fa6c2cff46387f2c55a5
monaco,ia2c,seen_W_to_E,51001,61001,229031ef64f620f1fed7ffbeec6f145d6401a39f417f93677ad49ce7f7caa06e
monaco,ia2c,seen_W_to_E,51002,61002,4d3f86d9156a912394e5b5d05fdd0fc7aef8edf76899ecc1fb0da82895f91818
monaco,ia2c,seen_W_to_E,51003,61003,15d54cbb394c09b6a56f046239cf8d24d4c39d9d026dcc9d74f3e0854699e2b6
monaco,ia2c,seen_W_to_E,51004,61004,8c0b56a3fac01880428515cbfd8c670f8ad2dc2918f2e0253ad69d1b515ba0a4
monaco,ia2c,seen_W_to_E,51005,61005,3d5893a082e22600fb184f92e50064214333c8b7166c0548ab44c237603f1ca9
monaco,ia2c,seen_W_to_E,51006,61006,0aeec3c8a3285fcadccbcce32e6f9d8450530716e7016034af9907ae3901fbfe
monaco,ia2c,seen_W_to_E,51007,61007,84108022421996e4cc3233753f68a960f119ca76ce0f312f99cf304d461bd28b
monaco,ia2c,seen_W_to_E,51008,61008,374c86768159842a80fcccf47644eec11a2e14075866bc831b1ec821cae91e08
monaco,ia2c,seen_W_to_E,51009,61009,6ac94b067225be6cac7da085cb3e7d99a835a9b0fc1813b703b939a2a06a7389
monaco,ia2c,seen_W_to_E,51010,61010,0fffe5622e776c63c2fe505f03884a8d69d9b751140d621949708223d0d80600
monaco,ia2c,switch_1200,51001,61001,653447db3beed541b525d678c8d7867dd7a5eef4e75891c231975555916ea5e4
monaco,ia2c,switch_1200,51002,61002,52cd1296529bdd31768de4ec480d1d809911c24abd2191b7b9bc87cd514d4688
monaco,ia2c,switch_1200,51003,61003,904a3b9a4bd14227dc6502e0581fc497599a7f065c345fc4f480ff3243cf1dd1
monaco,ia2c,switch_1200,51004,61004,88059b9deecacf77b524bb319e3315ca48fea290d5467016dcebded76d28653f
monaco,ia2c,switch_1200,51005,61005,f18264d66add314ffbcc85220e2454314d91af78928a8933819efa35cfeb4a8a
monaco,ia2c,switch_1200,51006,61006,14945633ff621c4a0171a83424b89ffe0194aa2f6abc6f5a34b10c327cf1f2b8
monaco,ia2c,switch_1200,51007,61007,5f7d5b83ec769db7af4efc90b551e39ce2228b2d0078ea8f6dbea5e6420051be
monaco,ia2c,switch_1200,51008,61008,d26f4dfc0e379b87bed0dd7396e78e906e848e838d0d69ab26be078b8627af0a
monaco,ia2c,switch_1200,51009,61009,bea31f8bbade8d9f437a6440f5bcb5fce5b9758db0d88c837e90c1dd8c58e8fd
monaco,ia2c,switch_1200,51010,61010,f95fc96ee4d6928ab01a93c00941b07b5d5a14ab80abc371a03e3376fbd82987
monaco,ia2c,switch_300,51001,61001,e76b64786c303948d0d06984e197e83be196bfea3d0f29d7febcc678846a9275
monaco,ia2c,switch_300,51002,61002,187f9d784cf5f381b7c426ed11f2d838a607ddfbb41a0c5b7b2700378ba76fde
monaco,ia2c,switch_300,51003,61003,5700bea69154c1ac199a5d27e3246bc7dc50671e7730c621d58f6c3d1d1b5c33
monaco,ia2c,switch_300,51004,61004,4930bb16863acb5014f28885436216a8ba6c4aa906193b34fd1295d44f3da88a
monaco,ia2c,switch_300,51005,61005,cf1c83c96da2e967581704996cc6ea691b0c7303deaf12fc66c6db7e731ba388
monaco,ia2c,switch_300,51006,61006,a38b3918bdb59406c75046e890067cd76f0d7a74fe50d3c12226065dea74eeca
monaco,ia2c,switch_300,51007,61007,7f5832438f75ef309713cfb4c8058d72f83aa8fb8cec7ebb62a31172c09b4065
monaco,ia2c,switch_300,51008,61008,479f684e63d20e0b404dcb3b683ce2772ccb9ae082042cc2f6e5cecb9814586c
monaco,ia2c,switch_300,51009,61009,98ecd56a170e48780ee9c99a78891e4350d764daffe23f05bc1c367c74eac189
monaco,ia2c,switch_300,51010,61010,7f83c90564f4db94ec252128248a6db2a5dc53bc6aa873f2c34d16d53f8df32f
monaco,ia2c,switch_900,51001,61001,7c37573bd81dec4c0b096e8c2ba6b8651f68c64958909ebe756fe8eb874d6459
monaco,ia2c,switch_900,51002,61002,53f1fa4c80ed29278bc421a180b3899249569f5195cbaad98199d834ecf9a7a6
monaco,ia2c,switch_900,51003,61003,4d795bfa5062cf4cdf244bd8737af881a5daa5982a04bf8a72127c4d485453ec
monaco,ia2c,switch_900,51004,61004,4486caef38000cf2810bc40aca41506e8d1df1b107c304287a730f072fc35d22
monaco,ia2c,switch_900,51005,61005,2eabe984dd78987a78f62a5645c0703188f1ae3d10713cb3a32eab997c77df86
monaco,ia2c,switch_900,51006,61006,44659ad5b0ae5755ee73e179f56d952c1351770f546b82a2a1437485ba07d517
monaco,ia2c,switch_900,51007,61007,2dbb8a802d47544161256f814aeb7b7f7e0c0c2fef97e4edc7b7e700d0f1f934
monaco,ia2c,switch_900,51008,61008,132238eb23d4a8ebd2369f889fb9ba980edc40aa8d5e0bc0a2abe77eeba8f674
monaco,ia2c,switch_900,51009,61009,89eca69da924a3d0068e43f67a2264902509f7ac8e16b3293818293b5ce42d5a
monaco,ia2c,switch_900,51010,61010,dcbb5953111ae70d3e87def540fe929594a43e235af99b7a732754e272fbfda5
monaco,iqll,mixture_1,51001,61001,fdef42fec1c38684ee449427da935e2121af09a6a85ba308668502137d7843e9
monaco,iqll,mixture_1,51002,61002,7704b61be331f085ae5757db3276669b551d12415d2ccbcdc80961101bde06d6
monaco,iqll,mixture_1,51003,61003,9c14b4bc840a22e16c83bdc19603929d5f4f43d2aaeaa51698a7dbe1ca96496d
monaco,iqll,mixture_1,51004,61004,ae17ae5a385e20b6eaa05b016ffb3d7008b8b61f7d8c41f5afcec2c2d69cb28e
monaco,iqll,mixture_1,51005,61005,a0b7755d8e7f7b6520764e83863fbf02807b944cd30066a137d7308e0aabcab6
monaco,iqll,mixture_1,51006,61006,b86773741f9b7a0130a39c93f805507d01931e6bae9c5e870e27a4980ec81578
monaco,iqll,mixture_1,51007,61007,7d47f5c0364803d787602fe5b4cc0f41d5791e5e7c7b7444ccf5c975b7f5a6f1
monaco,iqll,mixture_1,51008,61008,6b4e124da23257ef77ad5facafbe0a4b041cf0dd1864bd285e1d95d6af070ceb
monaco,iqll,mixture_1,51009,61009,1fa02631d1db0e6b33b59fe3d8ac8111ff51c30091808a631a8f51d3822ab945
monaco,iqll,mixture_1,51010,61010,70f4f3d0493442cb31b514a709878e37c05147a0e0225cfc909be4fafe2fa3f6
monaco,iqll,mixture_2,51001,61001,f04da9724013aa1227cdc3bbfcfeb887e5330b67cc864c76dd6a8c337bff90d5
monaco,iqll,mixture_2,51002,61002,4f616e485067189366860545ca8ee9eda6f2ae23e5465cb2b1c4d6b6862e0ad2
monaco,iqll,mixture_2,51003,61003,d0805746d59ce3448beab6d829a6c38dcb070e38e1e5c2f4f9063f1101094898
monaco,iqll,mixture_2,51004,61004,520c90ed89c10c593f71f603c8c125949cae95cf3bbf5d1486db49639923a6ef
monaco,iqll,mixture_2,51005,61005,f65dcd70723c1d92f7f899d92a18f65562e95a54ca3aadfd8e68e7b5a10fe9c6
monaco,iqll,mixture_2,51006,61006,0f6c1772cbf5221cd77920cb05f49de7e86a7d115b337f3488df859d156b2303
monaco,iqll,mixture_2,51007,61007,e6205d1f6c4b8158bf4f2fa58be4d39a6eefe85e0de91da5f450bd1f5af8c006
monaco,iqll,mixture_2,51008,61008,2d95280ca0c68c6ce808d47362c4c12e0f4baad5622d2b9db8ea23af55e3becb
monaco,iqll,mixture_2,51009,61009,d216b9b2b3ebf2f0bf756b26bf2d306e79733979e653971571af70eb732bb77b
monaco,iqll,mixture_2,51010,61010,d07ab6e6d8a666dc6c8db2587df34fda3a5fc128d0d2a5f5ec33c3a5f5abe539
monaco,iqll,mixture_3,51001,61001,18e7a2c0629b5ab8f675c7ea8de7cf7d4d5cafe0cf714dca04c3c3751a58fb82
monaco,iqll,mixture_3,51002,61002,4520e1261f0d893e05164ae3c9b74a12e2ade44bf7f51bff8acba6254850d8fd
monaco,iqll,mixture_3,51003,61003,49d7090593edd7bf1eb7da03503725e024312155ec4ac727a5af5193949e227c
monaco,iqll,mixture_3,51004,61004,9e64e736e9855d27c210763812569ab3e7ce72ea06eb196b3544190520a40ce1
monaco,iqll,mixture_3,51005,61005,84d9fee2a92d273fb3cf065cb1f0412ad6ec622676ab17cdc418ec146d487ca7
monaco,iqll,mixture_3,51006,61006,5e39bb9cf1381f7d6ea8bea8b45c578c370dec72757235b50736ef2b760678e6
monaco,iqll,mixture_3,51007,61007,2863d21b2706cabecb6b8354252ec8a285376d9eccce8993941beb74e86a056e
monaco,iqll,mixture_3,51008,61008,c6aaa6f1bdca1aa75bf3aaa1615b216db494473d1daf3a8bffc1d84c8ca3fc5d
monaco,iqll,mixture_3,51009,61009,edc1d7ae916c02f3d7e3a1f3b6fd770af278ffac51f8e2fb07a65961a38fe2b3
monaco,iqll,mixture_3,51010,61010,54a4de119cfa2220602ce9f25a78277561448ea420198a647f41290e37ca4734
monaco,iqll,peak_1.1,51001,61001,98f7e6d7331339697507e47fd635ab16560e15317a3df069f42c25f8ea8ee49f
monaco,iqll,peak_1.1,51002,61002,8617d6c60d9a3e5d4b0050ee2b90b0c4803d566ce06bfabc458a4329dc965e85
monaco,iqll,peak_1.1,51003,61003,c692b574a14569adc6216426253a0ec51dbfdad1fd416d17f78b51d031a99fd0
monaco,iqll,peak_1.1,51004,61004,234ab9f62d1dfb84f5d10f4e197ee51b032c190dc9254ffd3f5991481baadc83
monaco,iqll,peak_1.1,51005,61005,581f02d1129e9f8cb1769235a840e9d8a779a17a3a9715383c32a74a27402d49
monaco,iqll,peak_1.1,51006,61006,1ed79752c521fcfed26546eb72b71c00a90841787e8a83817eca44c1197c3038
monaco,iqll,peak_1.1,51007,61007,87e27e11fc3e959882fc3a211bce4e137c7d97ffe12c4b3155d6fef99cb6f585
monaco,iqll,peak_1.1,51008,61008,feebf6bfd430eeded3e96c9a065615ac9e45b54aee38a5d2cdd2d37ac0e8a262
monaco,iqll,peak_1.1,51009,61009,8812fea56cb6337b7f26a05bfd8c1786ffc44dc69fab7727005f9cbfb989915e
monaco,iqll,peak_1.1,51010,61010,115351b5e8a5079b0a75168a9830f7933cf98425f053929fb242bcb2ca41c4c1
monaco,iqll,peak_1.25,51001,61001,26e53edd8ae080c0555055280a2e117ce3288149661b476c4d062076ec104005
monaco,iqll,peak_1.25,51002,61002,97766a81adb0296a68354e1ae9591eb9c00dbfdda6faaca6f43f2cac1aedf11e
monaco,iqll,peak_1.25,51003,61003,aedeeaf15c2637f54242e317dc8bf3f70569607accc9e96e20b4f323fa4f80d1
monaco,iqll,peak_1.25,51004,61004,bd0b283cc58c21ea0e96aac68b70c726049b6343fe5d2ed506a4b1a967b29e5c
monaco,iqll,peak_1.25,51005,61005,ea49e6037ce272f91abff4825f44e9a664a23aad1c265f758551285d708d13bf
monaco,iqll,peak_1.25,51006,61006,90568636c3343c4f3e8da5f8c5036c021d3da15d21cdb9866cda32020a62ef5f
monaco,iqll,peak_1.25,51007,61007,14e71be277e0f742422eb693de103252398d220e834aad9b86a05f6907d7e2ea
monaco,iqll,peak_1.25,51008,61008,c45652a73215458c141ae6872e3391ebcc954484825298f146d27d0d09f7c1fc
monaco,iqll,peak_1.25,51009,61009,66b2c3ff3f33add0398cd84de0dd872eb0d13c14d704e06610a8a4d154f334bd
monaco,iqll,peak_1.25,51010,61010,cb872673b62910fac7533ef3e53fd475f82a62cbed79a07c4c214ea1a8070f2d
monaco,iqll,peak_1.5,51001,61001,bc0514d0e7e0213db454eb6cbdfd8fb67c67566f41654a575535fa6d45d712f7
monaco,iqll,peak_1.5,51002,61002,b26509c33a17410c6844a80c3ffe0cc138027d798d73039695e279f5ab0d1599
monaco,iqll,peak_1.5,51003,61003,b1b7f95ada6e3739baeb50afcc53866126e427c82e24a7ddcb450c7fb8fc87a4
monaco,iqll,peak_1.5,51004,61004,6cfc943f8d3faac0965e0bf822ba499ae9d1a0d8c25cd2dea5576f63dbde26d6
monaco,iqll,peak_1.5,51005,61005,eb3342019a0df74fa0f4f8f906fa416b71b39504dafbb8e7b7fbd3a21f50ff49
monaco,iqll,peak_1.5,51006,61006,3c7e3ec211ce7785507c23bc86d057d0567a5a33eb86124eaacb9c29c3959939
monaco,iqll,peak_1.5,51007,61007,d17b7986b7cacc797dbb51744af9889f6492e7feef775eb6c475de07c760d132
monaco,iqll,peak_1.5,51008,61008,ea324d3ce4c50a5282c8de087273fefe9f7b5e22b09a361ad1e1dffc3084f1d7
monaco,iqll,peak_1.5,51009,61009,386cab2af1b2de85790943c79aa54e0817267c723ce0173d4054222e35997b9f
monaco,iqll,peak_1.5,51010,61010,6fbf5fda109871c242745b41cfbbb5da7991e0ea4ace075a2e3bea99b94d8fd1
monaco,iqll,redistribution_0.25,51001,61001,b62b5dc86a95a504ee8113c58ffb026e8131492b030d2cb50f7fa625ea8bfe7a
monaco,iqll,redistribution_0.25,51002,61002,3b9eb842fb0eb16e85d4bf69c3768214cd4a4df511d8483d6cdd5135b2d0959f
monaco,iqll,redistribution_0.25,51003,61003,17ac113e0225a5c46daceeccf22475c965779f2f050e6e2db792383a49daded0
monaco,iqll,redistribution_0.25,51004,61004,dfd7848241b299ef2b24203bc46db5355694a0e93d960b54438a6ac9a452cca9
monaco,iqll,redistribution_0.25,51005,61005,0f6d3acc48cdf71cd6ff01862054bc5072326271d9c7403c982607ac7d50704c
monaco,iqll,redistribution_0.25,51006,61006,d12a7b3e075e534a76a855e2c2d53f5793ab69b988ddc1907853783422cafaf9
monaco,iqll,redistribution_0.25,51007,61007,56939a6c41c5cf4f9843e9df4ac69f7a89f9757f6d4060db517754ae2f52da24
monaco,iqll,redistribution_0.25,51008,61008,bdf60aa642712173b67bcec15b8fb2c14d8c078a8cf6af0cbb13823cf11a6a22
monaco,iqll,redistribution_0.25,51009,61009,6e1dc0bddf8ee95c7db760500a366c36d425b2695bf4f8813ebcdae6aa6db0a7
monaco,iqll,redistribution_0.25,51010,61010,060acaceffd1f193b8540cfa298afaa4cab39d5e4c8b74d757296dab4d1e8241
monaco,iqll,redistribution_0.5,51001,61001,fc0a42445691f29903eee984f13a73486cbd21b81aeefe2021b4a56fe496a20c
monaco,iqll,redistribution_0.5,51002,61002,4f4b687c87c62e5ff56ff3ee5ddfdce82c20fe8dab058b31496728bd28f2c693
monaco,iqll,redistribution_0.5,51003,61003,074cb12493b4acb91f3f5e19c3d03dc1ff19468d75fa8292881ad553af3f53ef
monaco,iqll,redistribution_0.5,51004,61004,9bf4774f663513d93d9a4cfe0a6497c373f90fdd60cb901e99953898047c829d
monaco,iqll,redistribution_0.5,51005,61005,276dbff9473120b5560098711b246a24f6a276bd30c709b41c5dd3cad8f6f930
monaco,iqll,redistribution_0.5,51006,61006,50c901e86ab1bc57db530b9c03269fee1ae79e59bf6f6c2ad4b28b4be47b3c8f
monaco,iqll,redistribution_0.5,51007,61007,8692155ead223f1b37686ee7b27bf2628b314c2bee118eea9e02634566cf8672
monaco,iqll,redistribution_0.5,51008,61008,c31b759d8c14c2bded3ce90572327290c71be4d0047ab6623e70009b9661b80a
monaco,iqll,redistribution_0.5,51009,61009,81960460f22e9b7e381fe6c7e26cab91d53cd21985d8a5485c1a475a13d95891
monaco,iqll,redistribution_0.5,51010,61010,685578e64dd0fb2f6b9904ea7c3225db23e1e9f1f8dbbb16ff96b1575c1efeba
monaco,iqll,redistribution_0.75,51001,61001,de00e5e5f9d93c7ad1f6ac793e91f771aad54199f48bf4b25f2283124d59a5e5
monaco,iqll,redistribution_0.75,51002,61002,a802cad4bb88b961470b4b857ba6fcba3f22658bde62be923b4e52da0e3184a3
monaco,iqll,redistribution_0.75,51003,61003,0ed3bf047ff7eb6cf82ea3d1534854858819afe0c07d936276958eee3d8adc65
monaco,iqll,redistribution_0.75,51004,61004,ffb1dad8ef5be0acd221f0b6466e8dd97a4dfe1dfda6d62935117745aa8bcd1b
monaco,iqll,redistribution_0.75,51005,61005,78d045ecf63af9e6b3845e1495871f5c4dadc8e15f2cc4b2218a6e32c6a6412d
monaco,iqll,redistribution_0.75,51006,61006,b40c2d9298736adee76631694ea714bd7b7a5b18cd7fd6e31a97ec1227c826ec
monaco,iqll,redistribution_0.75,51007,61007,d3298d4657dc1f01ab07f19acb67bfad502498300b8979a304fe1cff8f5a6dfa
monaco,iqll,redistribution_0.75,51008,61008,10811e7517659869824fc2b547f65ef651ebc370c888a09b681a0479a300e63b
monaco,iqll,redistribution_0.75,51009,61009,be959c9acb128148ea9953be3f5e6681b7372261120cad744198a9b1821f33b6
monaco,iqll,redistribution_0.75,51010,61010,fb7091f6746283b86c54f4722ed51b7ae88e0d63fb11602222c10c9f2d9c4a44
monaco,iqll,seen_Center_to_Periphery,51001,61001,397112d08121c6071df95c22e7b0c07f70856269f293c5470f46f7785600895e
monaco,iqll,seen_Center_to_Periphery,51002,61002,c04c9535e2b16418b500e423f59e53ad935b2e55e40a48fc257e6b94112f1fa0
monaco,iqll,seen_Center_to_Periphery,51003,61003,f73d1b47a8dce47bfd4d1060aa9b75c8746a8916b06abec077dfb412cea966e7
monaco,iqll,seen_Center_to_Periphery,51004,61004,5de705bd677e765ee211f7c851d47a881ecc4865c1939c3a4b62495673508899
monaco,iqll,seen_Center_to_Periphery,51005,61005,5ff89feafcfa30482504b1fbbc89f11779bb3eb97c7dfe9bfb63e7d8bc06c426
monaco,iqll,seen_Center_to_Periphery,51006,61006,bf272f17cfe1bca57d4fc6387dc9567af5406e0b819ab0e69209b7184c1dc733
monaco,iqll,seen_Center_to_Periphery,51007,61007,18b47c37607b682c4e5e9c339e30f4cc0add6698fdef432d6bc8fa71378cf041
monaco,iqll,seen_Center_to_Periphery,51008,61008,14c369550652e14f117ed454dae258ce23c44cbe8f06785f1f68f3b8a59d93c1
monaco,iqll,seen_Center_to_Periphery,51009,61009,262c3d735fc141c6e9d637c6c9f4346d89dc36047d4058d0660297d84c64ad4a
monaco,iqll,seen_Center_to_Periphery,51010,61010,8f767da4aaf13ef63f73ead47fd6ff931af0a37fbb65e473397ccabfa5b8be12
monaco,iqll,seen_E_to_W,51001,61001,f9bcbf0b642a52679d9e203bc3ff529ddcef3354dd88b3398ba2e6e015faacad
monaco,iqll,seen_E_to_W,51002,61002,105172035076aad4ebe27db3b2976a168eb88e97a6a501af0180dac443cd0d6c
monaco,iqll,seen_E_to_W,51003,61003,02c6d7f50743984531f54c62de4930ceda383a9f898991d747bb2b5b4d044892
monaco,iqll,seen_E_to_W,51004,61004,f3ea99889c496b20670839f72f4ab6e8c6a730ca74a06aad8ee00d6709593a5d
monaco,iqll,seen_E_to_W,51005,61005,baf6e3b0595b06b540868a62c1c148553d5889c226aa056d507d14fc716bf050
monaco,iqll,seen_E_to_W,51006,61006,c9cba7272fc4d5400f2082ccbeb1bfa143a45bd95af44185b0596778eb9995f6
monaco,iqll,seen_E_to_W,51007,61007,a9067fdb763104476da05f995ff0e59bd8fa28e22e00b6058fd4967f6dceaa0c
monaco,iqll,seen_E_to_W,51008,61008,211a5f0d679cf3377d487a45eeba737d507c25f1fa0c8c18fca0575b00989ecf
monaco,iqll,seen_E_to_W,51009,61009,ced412ae20ca45c1e374e6082dc32f789091fb8b09c222e49c51041b7adeeeec
monaco,iqll,seen_E_to_W,51010,61010,8d85a1fa1629180cac9617e6561dead90d29c5f828af1923e404f8be0d0dd775
monaco,iqll,seen_NE_to_SW,51001,61001,cd3373bf69a615e764e660ebea56e720a429fbf93dbc0752448698079772be4c
monaco,iqll,seen_NE_to_SW,51002,61002,9f2a670d5204fb706b511e1c465d149b3d1dfcde597ed8b8bef88841beb3236c
monaco,iqll,seen_NE_to_SW,51003,61003,a19c58356c26ab3ab5517f02fae9629afc2b2e1f7d936db74851b504259764e6
monaco,iqll,seen_NE_to_SW,51004,61004,143034fd789a2729bab8c49cbc2b5dd66806e1d39e36ef31e913ac2a51630779
monaco,iqll,seen_NE_to_SW,51005,61005,de42ae14ca29b6fff5cf3efff233fbfd1b5311efbe87ac4953d6e9ef5da20ae9
monaco,iqll,seen_NE_to_SW,51006,61006,4195a75ae8f18ea3a4676f110bec1bdc157ab1cf6e09bc39821cb56cfc7bb02a
monaco,iqll,seen_NE_to_SW,51007,61007,9f0b74fc361359b8f2d5afdc682a22421ee68ab49cfe1b380e6139e8b5f02f59
monaco,iqll,seen_NE_to_SW,51008,61008,4973bda3184fc908b299bdb6347cf97158bcbb7315569bfa9a3f8dafc85c4cd2
monaco,iqll,seen_NE_to_SW,51009,61009,d0894f600b4e0c00216ea53887e1ec1865f0b2b8c77a27cc895ea6ee3853fe70
monaco,iqll,seen_NE_to_SW,51010,61010,df94aa0d3985e6468cd16d2a37b055abe267a9cc013f2f071e89ce003bb55508
monaco,iqll,seen_NW_to_SE,51001,61001,7415f405c52d45f94f212367a7c616825f1d7020bc7bebed74eb4184b4bb6b00
monaco,iqll,seen_NW_to_SE,51002,61002,e88e26314b3301668425d4149b7b3462d675402339ab65778c6e8498cedeb66d
monaco,iqll,seen_NW_to_SE,51003,61003,a0239950a592b32c87bbaaf4bae4fdb91507593794a5cebadaae2c17a7fc4fc3
monaco,iqll,seen_NW_to_SE,51004,61004,3b46d0e6b8ad928e9ecc390072b8f45a53cab8e8e26c796dd0e1d57ea7871977
monaco,iqll,seen_NW_to_SE,51005,61005,9a169c78648c5c925a7b178ac86fb077dfb154dbc39bfa392f672673128403a6
monaco,iqll,seen_NW_to_SE,51006,61006,ded2a304eb6f873bb443e3f99ae5c3e37a54a9ea4bf020b4a07bae329048161a
monaco,iqll,seen_NW_to_SE,51007,61007,e0e7fbf377183f9423df94a70a197ea7c9392c1eb5e1af2c4b8cc40fdffb6d8c
monaco,iqll,seen_NW_to_SE,51008,61008,6b45c0fe537d8c8b40b1bf24caae962b00c584873fb7c607d67aa02a34155673
monaco,iqll,seen_NW_to_SE,51009,61009,0be81666c7e1711f13fc194fc4bdff71b8105f06785a80a76c22fbb4fd329bc5
monaco,iqll,seen_NW_to_SE,51010,61010,75fe6f5941ce485d4f933ff7f18852d592b42bb383ad23ead3fbde997b8af997
monaco,iqll,seen_N_to_S,51001,61001,8ec8920866f2a7188451439d49349c1765de41763313a8553913842309b7de72
monaco,iqll,seen_N_to_S,51002,61002,524424b409dce754a0b970e6ef991c4a03767b346b7c2702d96adfdbc50392c7
monaco,iqll,seen_N_to_S,51003,61003,b9ff2d14f93ca932dafb0fe4ca488fad7c0452348f822aca5bf75f42f5149608
monaco,iqll,seen_N_to_S,51004,61004,641eee18fc06796a7aaec0d63730384779307110b5605e606e995d818d39a5b3
monaco,iqll,seen_N_to_S,51005,61005,9fad7c9f99b706d829516591a69f88fdc9e8d7fa6b65b434fcd5bf133eb4c1da
monaco,iqll,seen_N_to_S,51006,61006,fc5670417b942d1f1b65a52470a6f26b538c0c2822e300a32d49f4d94f84b671
monaco,iqll,seen_N_to_S,51007,61007,aef0df02f953ca841f93daa81bf180e747c9c5fa0bad6882f4e6f594bceb179c
monaco,iqll,seen_N_to_S,51008,61008,3682c66f365865fcc8658aa2a6ea2a9b9830bbea7c07db51c50cd39a0fea3e3d
monaco,iqll,seen_N_to_S,51009,61009,7c7821a82948910e8d939961f5b3851025b85bdb0143959b28380b2d6ff9c443
monaco,iqll,seen_N_to_S,51010,61010,de76ae8f1170e3d90a948fc175c02adc3fe8d30e58c78cb9af4e2c8cedff8f3f
monaco,iqll,seen_Periphery_to_Center,51001,61001,60a37f47215732e874a1baa860285c7efbaa7e6f228f90e2c25b014128879976
monaco,iqll,seen_Periphery_to_Center,51002,61002,0d3bf91ebf613164cabce1ec7ce7aa52769ff075fc85a5f2bf4a34018fc731a9
monaco,iqll,seen_Periphery_to_Center,51003,61003,54bdcab211a4f4931302d077f5ca764ad1766b4f0d4429bd925bca9c972c7b22
monaco,iqll,seen_Periphery_to_Center,51004,61004,1436bc328f80bc0d09d171b24536ee4e4a7de1b026d66c133c05519b83c10450
monaco,iqll,seen_Periphery_to_Center,51005,61005,396cc6c12ceb13a27201b0ef1965f358f6f15e15beefb4d13a74bfb2b4b9a3c4
monaco,iqll,seen_Periphery_to_Center,51006,61006,91e9024d841c0320fed8c9d48608fdde0dea31860fb1e5152dd4d94f3fb751bd
monaco,iqll,seen_Periphery_to_Center,51007,61007,214b9097588c7ba289679163740e887c571ad2bccb4d64cf3bee8a2a2aca94eb
monaco,iqll,seen_Periphery_to_Center,51008,61008,664672f03a1833ef094f1cb612fc3076dbb5d163cc4c1da889b36c488487094f
monaco,iqll,seen_Periphery_to_Center,51009,61009,bad501d8955d0f2a2fd0c85caba22ac02ca3a5593d78e4317bcfe086a76fdc24
monaco,iqll,seen_Periphery_to_Center,51010,61010,ead84764998faf40cf455060bf4514c2efc09ba55a8643c6f3a28d0cc5b64763
monaco,iqll,seen_SE_to_NW,51001,61001,9fe2a5c5de716ead5d07afadf45a5b36d2c038720c5760601039c4bfd7547f43
monaco,iqll,seen_SE_to_NW,51002,61002,33a74884c1ebd396d53d2b1f79d5266e518510c63990ba1f929912d05e65ae75
monaco,iqll,seen_SE_to_NW,51003,61003,20364cd64165cbfbcd051e70ac1f84acf9cd7c91f74bd35419a39f374acdcee8
monaco,iqll,seen_SE_to_NW,51004,61004,86937283ccd4db4cbec67183be652faa875cdffe7201b66cfd2b5cbdc071ae38
monaco,iqll,seen_SE_to_NW,51005,61005,3d45472eaee1e7314a755bb1c6c0e759d3e3eca256dd78a44acb2e2ad2796fc9
monaco,iqll,seen_SE_to_NW,51006,61006,b69d240db1f15120ad9c17b54a5391be35987342f60041405a60de255d1737c5
monaco,iqll,seen_SE_to_NW,51007,61007,7364d29ddbbb3e6b818e987990030dffd856026ff305af2dc09ec0d53514bb71
monaco,iqll,seen_SE_to_NW,51008,61008,dbb125d406005efc038d510f3cfe9a6fbb03d69c75d5056f655358adccf83b4b
monaco,iqll,seen_SE_to_NW,51009,61009,c8653a7e212fc55ce19d635619b1b920ad78a04750983082c1fec2e2c6f6a31a
monaco,iqll,seen_SE_to_NW,51010,61010,55e43af3570ed8c00f2e67e94f06c5e24c9dcf079d522fa7c12667319c9b211e
monaco,iqll,seen_SW_to_NE,51001,61001,616294b5e6be82e5cecf7ec0cec51494b494306e2c33e85f84fc1f637d53f781
monaco,iqll,seen_SW_to_NE,51002,61002,d1835fe8df3bb6154468204abcd0b92e565254b53b987ed25a12cb170b1adb1e
monaco,iqll,seen_SW_to_NE,51003,61003,7e742ec64c8e08a26056ac02b06bb5e2dda1376c4019becb1d7968381ca5a206
monaco,iqll,seen_SW_to_NE,51004,61004,1ab28afea3d7137d6c67812d9b25dff33b061fcd5441a0ff6e01673b967659d6
monaco,iqll,seen_SW_to_NE,51005,61005,363a6ba6a7e846825a03909f4f5fc6993c56d7c714e7695e60a3d64a2f2ae3a0
monaco,iqll,seen_SW_to_NE,51006,61006,614f39c0fed3be004e5d449059c544d098d7c7bb936c0fa676241f6908281353
monaco,iqll,seen_SW_to_NE,51007,61007,94e950f7abfe47db93326aec4237510fdd4cd8ac0a7cf9fedec06a64768de59f
monaco,iqll,seen_SW_to_NE,51008,61008,cd2455b081886cd8913ff31877abf80d201a466d3e66cc7d4105c6175df43dbd
monaco,iqll,seen_SW_to_NE,51009,61009,7253bac9675d1381d9b8b3a556c18e3496c09de60cd8e30c753b6b563af0c9f9
monaco,iqll,seen_SW_to_NE,51010,61010,62ed2dbd4e750c1dddb4e713ba80823c5f3b02e65f485526c1243ddf38214ae2
monaco,iqll,seen_S_to_N,51001,61001,2065ae375ebeb7a6f4205460555f97ccd67f6e8bd8643d2d4fb9f48043cea7b4
monaco,iqll,seen_S_to_N,51002,61002,946c30e7a3e9a9b118d0a853a8bb1bc6f3051c514bfac4ec93b9322d60f8b57b
monaco,iqll,seen_S_to_N,51003,61003,4151bbc4af3e89faf4aa2b005640604fb6b5b7e1f2fdf41a46eda12bd8f5e476
monaco,iqll,seen_S_to_N,51004,61004,3238e2353a74597eb73712aa3204b10423ce451881aac89ac21047570ddce6d0
monaco,iqll,seen_S_to_N,51005,61005,aa2788454221097572ddb0d5748d50bd03ced14b237eb5e248ec423f63844357
monaco,iqll,seen_S_to_N,51006,61006,2ca436257cf607c102594068489a39413d19d74d5b26f850e1f02bf3d6612efb
monaco,iqll,seen_S_to_N,51007,61007,74ca4adad9c2bc248fcbcc646fc86b1786967a0de7e30b4fc76b535157f8af2c
monaco,iqll,seen_S_to_N,51008,61008,b3dc7d9ca58ea4807f532d744dd54eaafee8d90084170f987d1fcb3c2348e517
monaco,iqll,seen_S_to_N,51009,61009,849aaf50acab94f88a88cb82ff2e6047bc6cf8b3fb66be8bb0df89fd09403494
monaco,iqll,seen_S_to_N,51010,61010,c33208c682dd7ce34b22b10d9e3e925595a5d9fd91a26e807f0f155c50674b2d
monaco,iqll,seen_Uniform,51001,61001,d0368e37be7f8bb2f3f9f4c5075f3a9e35bf5671116ae7f8214e3b1fbc283b6e
monaco,iqll,seen_Uniform,51002,61002,0854a69a8f9dca285ca5aef2a31e89f23bcb8fdf9c3c18fd161bc7932d978e61
monaco,iqll,seen_Uniform,51003,61003,4dd112c5236a981e6abd39b87fad5366a63fd8fcb6ac1424e5e08793ab91809b
monaco,iqll,seen_Uniform,51004,61004,67187d9e225ee6e4722b7500ebd674b983969ccfea6499a07cf1faa0d77d89c6
monaco,iqll,seen_Uniform,51005,61005,5f334202cfa3f9cb05ecf8f654e8c295d4d0104729720bb6986af5a2b1c0db72
monaco,iqll,seen_Uniform,51006,61006,a98989ddde4e6a1bac70cd06d55fa79158ebae7a62aa70138d36b3b1a9365c6c
monaco,iqll,seen_Uniform,51007,61007,792e01609c9a3a6293066f0c721f7fbb7d7b37af8d44f9853493dd23727cf60b
monaco,iqll,seen_Uniform,51008,61008,29470a7fabd468a2516ed269117e1efc3bfb38bef79a19abc869beb723d82740
monaco,iqll,seen_Uniform,51009,61009,d8a55dc38362a9682e400cf1257e8d9b050448fff5c171a3b6a633a54031fe47
monaco,iqll,seen_Uniform,51010,61010,c145e4170a4c4599da4bdde3856300d3494ad1fca5b6fa6c2cff46387f2c55a5
monaco,iqll,seen_W_to_E,51001,61001,229031ef64f620f1fed7ffbeec6f145d6401a39f417f93677ad49ce7f7caa06e
monaco,iqll,seen_W_to_E,51002,61002,4d3f86d9156a912394e5b5d05fdd0fc7aef8edf76899ecc1fb0da82895f91818
monaco,iqll,seen_W_to_E,51003,61003,15d54cbb394c09b6a56f046239cf8d24d4c39d9d026dcc9d74f3e0854699e2b6
monaco,iqll,seen_W_to_E,51004,61004,8c0b56a3fac01880428515cbfd8c670f8ad2dc2918f2e0253ad69d1b515ba0a4
monaco,iqll,seen_W_to_E,51005,61005,3d5893a082e22600fb184f92e50064214333c8b7166c0548ab44c237603f1ca9
monaco,iqll,seen_W_to_E,51006,61006,0aeec3c8a3285fcadccbcce32e6f9d8450530716e7016034af9907ae3901fbfe
monaco,iqll,seen_W_to_E,51007,61007,84108022421996e4cc3233753f68a960f119ca76ce0f312f99cf304d461bd28b
monaco,iqll,seen_W_to_E,51008,61008,374c86768159842a80fcccf47644eec11a2e14075866bc831b1ec821cae91e08
monaco,iqll,seen_W_to_E,51009,61009,6ac94b067225be6cac7da085cb3e7d99a835a9b0fc1813b703b939a2a06a7389
monaco,iqll,seen_W_to_E,51010,61010,0fffe5622e776c63c2fe505f03884a8d69d9b751140d621949708223d0d80600
monaco,iqll,switch_1200,51001,61001,653447db3beed541b525d678c8d7867dd7a5eef4e75891c231975555916ea5e4
monaco,iqll,switch_1200,51002,61002,52cd1296529bdd31768de4ec480d1d809911c24abd2191b7b9bc87cd514d4688
monaco,iqll,switch_1200,51003,61003,904a3b9a4bd14227dc6502e0581fc497599a7f065c345fc4f480ff3243cf1dd1
monaco,iqll,switch_1200,51004,61004,88059b9deecacf77b524bb319e3315ca48fea290d5467016dcebded76d28653f
monaco,iqll,switch_1200,51005,61005,f18264d66add314ffbcc85220e2454314d91af78928a8933819efa35cfeb4a8a
monaco,iqll,switch_1200,51006,61006,14945633ff621c4a0171a83424b89ffe0194aa2f6abc6f5a34b10c327cf1f2b8
monaco,iqll,switch_1200,51007,61007,5f7d5b83ec769db7af4efc90b551e39ce2228b2d0078ea8f6dbea5e6420051be
monaco,iqll,switch_1200,51008,61008,d26f4dfc0e379b87bed0dd7396e78e906e848e838d0d69ab26be078b8627af0a
monaco,iqll,switch_1200,51009,61009,bea31f8bbade8d9f437a6440f5bcb5fce5b9758db0d88c837e90c1dd8c58e8fd
monaco,iqll,switch_1200,51010,61010,f95fc96ee4d6928ab01a93c00941b07b5d5a14ab80abc371a03e3376fbd82987
monaco,iqll,switch_300,51001,61001,e76b64786c303948d0d06984e197e83be196bfea3d0f29d7febcc678846a9275
monaco,iqll,switch_300,51002,61002,187f9d784cf5f381b7c426ed11f2d838a607ddfbb41a0c5b7b2700378ba76fde
monaco,iqll,switch_300,51003,61003,5700bea69154c1ac199a5d27e3246bc7dc50671e7730c621d58f6c3d1d1b5c33
monaco,iqll,switch_300,51004,61004,4930bb16863acb5014f28885436216a8ba6c4aa906193b34fd1295d44f3da88a
monaco,iqll,switch_300,51005,61005,cf1c83c96da2e967581704996cc6ea691b0c7303deaf12fc66c6db7e731ba388
monaco,iqll,switch_300,51006,61006,a38b3918bdb59406c75046e890067cd76f0d7a74fe50d3c12226065dea74eeca
monaco,iqll,switch_300,51007,61007,7f5832438f75ef309713cfb4c8058d72f83aa8fb8cec7ebb62a31172c09b4065
monaco,iqll,switch_300,51008,61008,479f684e63d20e0b404dcb3b683ce2772ccb9ae082042cc2f6e5cecb9814586c
monaco,iqll,switch_300,51009,61009,98ecd56a170e48780ee9c99a78891e4350d764daffe23f05bc1c367c74eac189
monaco,iqll,switch_300,51010,61010,7f83c90564f4db94ec252128248a6db2a5dc53bc6aa873f2c34d16d53f8df32f
monaco,iqll,switch_900,51001,61001,7c37573bd81dec4c0b096e8c2ba6b8651f68c64958909ebe756fe8eb874d6459
monaco,iqll,switch_900,51002,61002,53f1fa4c80ed29278bc421a180b3899249569f5195cbaad98199d834ecf9a7a6
monaco,iqll,switch_900,51003,61003,4d795bfa5062cf4cdf244bd8737af881a5daa5982a04bf8a72127c4d485453ec
monaco,iqll,switch_900,51004,61004,4486caef38000cf2810bc40aca41506e8d1df1b107c304287a730f072fc35d22
monaco,iqll,switch_900,51005,61005,2eabe984dd78987a78f62a5645c0703188f1ae3d10713cb3a32eab997c77df86
monaco,iqll,switch_900,51006,61006,44659ad5b0ae5755ee73e179f56d952c1351770f546b82a2a1437485ba07d517
monaco,iqll,switch_900,51007,61007,2dbb8a802d47544161256f814aeb7b7f7e0c0c2fef97e4edc7b7e700d0f1f934
monaco,iqll,switch_900,51008,61008,132238eb23d4a8ebd2369f889fb9ba980edc40aa8d5e0bc0a2abe77eeba8f674
monaco,iqll,switch_900,51009,61009,89eca69da924a3d0068e43f67a2264902509f7ac8e16b3293818293b5ce42d5a
monaco,iqll,switch_900,51010,61010,dcbb5953111ae70d3e87def540fe929594a43e235af99b7a732754e272fbfda5
monaco,ma2c,mixture_1,51001,61001,fdef42fec1c38684ee449427da935e2121af09a6a85ba308668502137d7843e9
monaco,ma2c,mixture_1,51002,61002,7704b61be331f085ae5757db3276669b551d12415d2ccbcdc80961101bde06d6
monaco,ma2c,mixture_1,51003,61003,9c14b4bc840a22e16c83bdc19603929d5f4f43d2aaeaa51698a7dbe1ca96496d
monaco,ma2c,mixture_1,51004,61004,ae17ae5a385e20b6eaa05b016ffb3d7008b8b61f7d8c41f5afcec2c2d69cb28e
monaco,ma2c,mixture_1,51005,61005,a0b7755d8e7f7b6520764e83863fbf02807b944cd30066a137d7308e0aabcab6
monaco,ma2c,mixture_1,51006,61006,b86773741f9b7a0130a39c93f805507d01931e6bae9c5e870e27a4980ec81578
monaco,ma2c,mixture_1,51007,61007,7d47f5c0364803d787602fe5b4cc0f41d5791e5e7c7b7444ccf5c975b7f5a6f1
monaco,ma2c,mixture_1,51008,61008,6b4e124da23257ef77ad5facafbe0a4b041cf0dd1864bd285e1d95d6af070ceb
monaco,ma2c,mixture_1,51009,61009,1fa02631d1db0e6b33b59fe3d8ac8111ff51c30091808a631a8f51d3822ab945
monaco,ma2c,mixture_1,51010,61010,70f4f3d0493442cb31b514a709878e37c05147a0e0225cfc909be4fafe2fa3f6
monaco,ma2c,mixture_2,51001,61001,f04da9724013aa1227cdc3bbfcfeb887e5330b67cc864c76dd6a8c337bff90d5
monaco,ma2c,mixture_2,51002,61002,4f616e485067189366860545ca8ee9eda6f2ae23e5465cb2b1c4d6b6862e0ad2
monaco,ma2c,mixture_2,51003,61003,d0805746d59ce3448beab6d829a6c38dcb070e38e1e5c2f4f9063f1101094898
monaco,ma2c,mixture_2,51004,61004,520c90ed89c10c593f71f603c8c125949cae95cf3bbf5d1486db49639923a6ef
monaco,ma2c,mixture_2,51005,61005,f65dcd70723c1d92f7f899d92a18f65562e95a54ca3aadfd8e68e7b5a10fe9c6
monaco,ma2c,mixture_2,51006,61006,0f6c1772cbf5221cd77920cb05f49de7e86a7d115b337f3488df859d156b2303
monaco,ma2c,mixture_2,51007,61007,e6205d1f6c4b8158bf4f2fa58be4d39a6eefe85e0de91da5f450bd1f5af8c006
monaco,ma2c,mixture_2,51008,61008,2d95280ca0c68c6ce808d47362c4c12e0f4baad5622d2b9db8ea23af55e3becb
monaco,ma2c,mixture_2,51009,61009,d216b9b2b3ebf2f0bf756b26bf2d306e79733979e653971571af70eb732bb77b
monaco,ma2c,mixture_2,51010,61010,d07ab6e6d8a666dc6c8db2587df34fda3a5fc128d0d2a5f5ec33c3a5f5abe539
monaco,ma2c,mixture_3,51001,61001,18e7a2c0629b5ab8f675c7ea8de7cf7d4d5cafe0cf714dca04c3c3751a58fb82
monaco,ma2c,mixture_3,51002,61002,4520e1261f0d893e05164ae3c9b74a12e2ade44bf7f51bff8acba6254850d8fd
monaco,ma2c,mixture_3,51003,61003,49d7090593edd7bf1eb7da03503725e024312155ec4ac727a5af5193949e227c
monaco,ma2c,mixture_3,51004,61004,9e64e736e9855d27c210763812569ab3e7ce72ea06eb196b3544190520a40ce1
monaco,ma2c,mixture_3,51005,61005,84d9fee2a92d273fb3cf065cb1f0412ad6ec622676ab17cdc418ec146d487ca7
monaco,ma2c,mixture_3,51006,61006,5e39bb9cf1381f7d6ea8bea8b45c578c370dec72757235b50736ef2b760678e6
monaco,ma2c,mixture_3,51007,61007,2863d21b2706cabecb6b8354252ec8a285376d9eccce8993941beb74e86a056e
monaco,ma2c,mixture_3,51008,61008,c6aaa6f1bdca1aa75bf3aaa1615b216db494473d1daf3a8bffc1d84c8ca3fc5d
monaco,ma2c,mixture_3,51009,61009,edc1d7ae916c02f3d7e3a1f3b6fd770af278ffac51f8e2fb07a65961a38fe2b3
monaco,ma2c,mixture_3,51010,61010,54a4de119cfa2220602ce9f25a78277561448ea420198a647f41290e37ca4734
monaco,ma2c,peak_1.1,51001,61001,98f7e6d7331339697507e47fd635ab16560e15317a3df069f42c25f8ea8ee49f
monaco,ma2c,peak_1.1,51002,61002,8617d6c60d9a3e5d4b0050ee2b90b0c4803d566ce06bfabc458a4329dc965e85
monaco,ma2c,peak_1.1,51003,61003,c692b574a14569adc6216426253a0ec51dbfdad1fd416d17f78b51d031a99fd0
monaco,ma2c,peak_1.1,51004,61004,234ab9f62d1dfb84f5d10f4e197ee51b032c190dc9254ffd3f5991481baadc83
monaco,ma2c,peak_1.1,51005,61005,581f02d1129e9f8cb1769235a840e9d8a779a17a3a9715383c32a74a27402d49
monaco,ma2c,peak_1.1,51006,61006,1ed79752c521fcfed26546eb72b71c00a90841787e8a83817eca44c1197c3038
monaco,ma2c,peak_1.1,51007,61007,87e27e11fc3e959882fc3a211bce4e137c7d97ffe12c4b3155d6fef99cb6f585
monaco,ma2c,peak_1.1,51008,61008,feebf6bfd430eeded3e96c9a065615ac9e45b54aee38a5d2cdd2d37ac0e8a262
monaco,ma2c,peak_1.1,51009,61009,8812fea56cb6337b7f26a05bfd8c1786ffc44dc69fab7727005f9cbfb989915e
monaco,ma2c,peak_1.1,51010,61010,115351b5e8a5079b0a75168a9830f7933cf98425f053929fb242bcb2ca41c4c1
monaco,ma2c,peak_1.25,51001,61001,26e53edd8ae080c0555055280a2e117ce3288149661b476c4d062076ec104005
monaco,ma2c,peak_1.25,51002,61002,97766a81adb0296a68354e1ae9591eb9c00dbfdda6faaca6f43f2cac1aedf11e
monaco,ma2c,peak_1.25,51003,61003,aedeeaf15c2637f54242e317dc8bf3f70569607accc9e96e20b4f323fa4f80d1
monaco,ma2c,peak_1.25,51004,61004,bd0b283cc58c21ea0e96aac68b70c726049b6343fe5d2ed506a4b1a967b29e5c
monaco,ma2c,peak_1.25,51005,61005,ea49e6037ce272f91abff4825f44e9a664a23aad1c265f758551285d708d13bf
monaco,ma2c,peak_1.25,51006,61006,90568636c3343c4f3e8da5f8c5036c021d3da15d21cdb9866cda32020a62ef5f
monaco,ma2c,peak_1.25,51007,61007,14e71be277e0f742422eb693de103252398d220e834aad9b86a05f6907d7e2ea
monaco,ma2c,peak_1.25,51008,61008,c45652a73215458c141ae6872e3391ebcc954484825298f146d27d0d09f7c1fc
monaco,ma2c,peak_1.25,51009,61009,66b2c3ff3f33add0398cd84de0dd872eb0d13c14d704e06610a8a4d154f334bd
monaco,ma2c,peak_1.25,51010,61010,cb872673b62910fac7533ef3e53fd475f82a62cbed79a07c4c214ea1a8070f2d
monaco,ma2c,peak_1.5,51001,61001,bc0514d0e7e0213db454eb6cbdfd8fb67c67566f41654a575535fa6d45d712f7
monaco,ma2c,peak_1.5,51002,61002,b26509c33a17410c6844a80c3ffe0cc138027d798d73039695e279f5ab0d1599
monaco,ma2c,peak_1.5,51003,61003,b1b7f95ada6e3739baeb50afcc53866126e427c82e24a7ddcb450c7fb8fc87a4
monaco,ma2c,peak_1.5,51004,61004,6cfc943f8d3faac0965e0bf822ba499ae9d1a0d8c25cd2dea5576f63dbde26d6
monaco,ma2c,peak_1.5,51005,61005,eb3342019a0df74fa0f4f8f906fa416b71b39504dafbb8e7b7fbd3a21f50ff49
monaco,ma2c,peak_1.5,51006,61006,3c7e3ec211ce7785507c23bc86d057d0567a5a33eb86124eaacb9c29c3959939
monaco,ma2c,peak_1.5,51007,61007,d17b7986b7cacc797dbb51744af9889f6492e7feef775eb6c475de07c760d132
monaco,ma2c,peak_1.5,51008,61008,ea324d3ce4c50a5282c8de087273fefe9f7b5e22b09a361ad1e1dffc3084f1d7
monaco,ma2c,peak_1.5,51009,61009,386cab2af1b2de85790943c79aa54e0817267c723ce0173d4054222e35997b9f
monaco,ma2c,peak_1.5,51010,61010,6fbf5fda109871c242745b41cfbbb5da7991e0ea4ace075a2e3bea99b94d8fd1
monaco,ma2c,redistribution_0.25,51001,61001,b62b5dc86a95a504ee8113c58ffb026e8131492b030d2cb50f7fa625ea8bfe7a
monaco,ma2c,redistribution_0.25,51002,61002,3b9eb842fb0eb16e85d4bf69c3768214cd4a4df511d8483d6cdd5135b2d0959f
monaco,ma2c,redistribution_0.25,51003,61003,17ac113e0225a5c46daceeccf22475c965779f2f050e6e2db792383a49daded0
monaco,ma2c,redistribution_0.25,51004,61004,dfd7848241b299ef2b24203bc46db5355694a0e93d960b54438a6ac9a452cca9
monaco,ma2c,redistribution_0.25,51005,61005,0f6d3acc48cdf71cd6ff01862054bc5072326271d9c7403c982607ac7d50704c
monaco,ma2c,redistribution_0.25,51006,61006,d12a7b3e075e534a76a855e2c2d53f5793ab69b988ddc1907853783422cafaf9
monaco,ma2c,redistribution_0.25,51007,61007,56939a6c41c5cf4f9843e9df4ac69f7a89f9757f6d4060db517754ae2f52da24
monaco,ma2c,redistribution_0.25,51008,61008,bdf60aa642712173b67bcec15b8fb2c14d8c078a8cf6af0cbb13823cf11a6a22
monaco,ma2c,redistribution_0.25,51009,61009,6e1dc0bddf8ee95c7db760500a366c36d425b2695bf4f8813ebcdae6aa6db0a7
monaco,ma2c,redistribution_0.25,51010,61010,060acaceffd1f193b8540cfa298afaa4cab39d5e4c8b74d757296dab4d1e8241
monaco,ma2c,redistribution_0.5,51001,61001,fc0a42445691f29903eee984f13a73486cbd21b81aeefe2021b4a56fe496a20c
monaco,ma2c,redistribution_0.5,51002,61002,4f4b687c87c62e5ff56ff3ee5ddfdce82c20fe8dab058b31496728bd28f2c693
monaco,ma2c,redistribution_0.5,51003,61003,074cb12493b4acb91f3f5e19c3d03dc1ff19468d75fa8292881ad553af3f53ef
monaco,ma2c,redistribution_0.5,51004,61004,9bf4774f663513d93d9a4cfe0a6497c373f90fdd60cb901e99953898047c829d
monaco,ma2c,redistribution_0.5,51005,61005,276dbff9473120b5560098711b246a24f6a276bd30c709b41c5dd3cad8f6f930
monaco,ma2c,redistribution_0.5,51006,61006,50c901e86ab1bc57db530b9c03269fee1ae79e59bf6f6c2ad4b28b4be47b3c8f
monaco,ma2c,redistribution_0.5,51007,61007,8692155ead223f1b37686ee7b27bf2628b314c2bee118eea9e02634566cf8672
monaco,ma2c,redistribution_0.5,51008,61008,c31b759d8c14c2bded3ce90572327290c71be4d0047ab6623e70009b9661b80a
monaco,ma2c,redistribution_0.5,51009,61009,81960460f22e9b7e381fe6c7e26cab91d53cd21985d8a5485c1a475a13d95891
monaco,ma2c,redistribution_0.5,51010,61010,685578e64dd0fb2f6b9904ea7c3225db23e1e9f1f8dbbb16ff96b1575c1efeba
monaco,ma2c,redistribution_0.75,51001,61001,de00e5e5f9d93c7ad1f6ac793e91f771aad54199f48bf4b25f2283124d59a5e5
monaco,ma2c,redistribution_0.75,51002,61002,a802cad4bb88b961470b4b857ba6fcba3f22658bde62be923b4e52da0e3184a3
monaco,ma2c,redistribution_0.75,51003,61003,0ed3bf047ff7eb6cf82ea3d1534854858819afe0c07d936276958eee3d8adc65
monaco,ma2c,redistribution_0.75,51004,61004,ffb1dad8ef5be0acd221f0b6466e8dd97a4dfe1dfda6d62935117745aa8bcd1b
monaco,ma2c,redistribution_0.75,51005,61005,78d045ecf63af9e6b3845e1495871f5c4dadc8e15f2cc4b2218a6e32c6a6412d
monaco,ma2c,redistribution_0.75,51006,61006,b40c2d9298736adee76631694ea714bd7b7a5b18cd7fd6e31a97ec1227c826ec
monaco,ma2c,redistribution_0.75,51007,61007,d3298d4657dc1f01ab07f19acb67bfad502498300b8979a304fe1cff8f5a6dfa
monaco,ma2c,redistribution_0.75,51008,61008,10811e7517659869824fc2b547f65ef651ebc370c888a09b681a0479a300e63b
monaco,ma2c,redistribution_0.75,51009,61009,be959c9acb128148ea9953be3f5e6681b7372261120cad744198a9b1821f33b6
monaco,ma2c,redistribution_0.75,51010,61010,fb7091f6746283b86c54f4722ed51b7ae88e0d63fb11602222c10c9f2d9c4a44
monaco,ma2c,seen_Center_to_Periphery,51001,61001,397112d08121c6071df95c22e7b0c07f70856269f293c5470f46f7785600895e
monaco,ma2c,seen_Center_to_Periphery,51002,61002,c04c9535e2b16418b500e423f59e53ad935b2e55e40a48fc257e6b94112f1fa0
monaco,ma2c,seen_Center_to_Periphery,51003,61003,f73d1b47a8dce47bfd4d1060aa9b75c8746a8916b06abec077dfb412cea966e7
monaco,ma2c,seen_Center_to_Periphery,51004,61004,5de705bd677e765ee211f7c851d47a881ecc4865c1939c3a4b62495673508899
monaco,ma2c,seen_Center_to_Periphery,51005,61005,5ff89feafcfa30482504b1fbbc89f11779bb3eb97c7dfe9bfb63e7d8bc06c426
monaco,ma2c,seen_Center_to_Periphery,51006,61006,bf272f17cfe1bca57d4fc6387dc9567af5406e0b819ab0e69209b7184c1dc733
monaco,ma2c,seen_Center_to_Periphery,51007,61007,18b47c37607b682c4e5e9c339e30f4cc0add6698fdef432d6bc8fa71378cf041
monaco,ma2c,seen_Center_to_Periphery,51008,61008,14c369550652e14f117ed454dae258ce23c44cbe8f06785f1f68f3b8a59d93c1
monaco,ma2c,seen_Center_to_Periphery,51009,61009,262c3d735fc141c6e9d637c6c9f4346d89dc36047d4058d0660297d84c64ad4a
monaco,ma2c,seen_Center_to_Periphery,51010,61010,8f767da4aaf13ef63f73ead47fd6ff931af0a37fbb65e473397ccabfa5b8be12
monaco,ma2c,seen_E_to_W,51001,61001,f9bcbf0b642a52679d9e203bc3ff529ddcef3354dd88b3398ba2e6e015faacad
monaco,ma2c,seen_E_to_W,51002,61002,105172035076aad4ebe27db3b2976a168eb88e97a6a501af0180dac443cd0d6c
monaco,ma2c,seen_E_to_W,51003,61003,02c6d7f50743984531f54c62de4930ceda383a9f898991d747bb2b5b4d044892
monaco,ma2c,seen_E_to_W,51004,61004,f3ea99889c496b20670839f72f4ab6e8c6a730ca74a06aad8ee00d6709593a5d
monaco,ma2c,seen_E_to_W,51005,61005,baf6e3b0595b06b540868a62c1c148553d5889c226aa056d507d14fc716bf050
monaco,ma2c,seen_E_to_W,51006,61006,c9cba7272fc4d5400f2082ccbeb1bfa143a45bd95af44185b0596778eb9995f6
monaco,ma2c,seen_E_to_W,51007,61007,a9067fdb763104476da05f995ff0e59bd8fa28e22e00b6058fd4967f6dceaa0c
monaco,ma2c,seen_E_to_W,51008,61008,211a5f0d679cf3377d487a45eeba737d507c25f1fa0c8c18fca0575b00989ecf
monaco,ma2c,seen_E_to_W,51009,61009,ced412ae20ca45c1e374e6082dc32f789091fb8b09c222e49c51041b7adeeeec
monaco,ma2c,seen_E_to_W,51010,61010,8d85a1fa1629180cac9617e6561dead90d29c5f828af1923e404f8be0d0dd775
monaco,ma2c,seen_NE_to_SW,51001,61001,cd3373bf69a615e764e660ebea56e720a429fbf93dbc0752448698079772be4c
monaco,ma2c,seen_NE_to_SW,51002,61002,9f2a670d5204fb706b511e1c465d149b3d1dfcde597ed8b8bef88841beb3236c
monaco,ma2c,seen_NE_to_SW,51003,61003,a19c58356c26ab3ab5517f02fae9629afc2b2e1f7d936db74851b504259764e6
monaco,ma2c,seen_NE_to_SW,51004,61004,143034fd789a2729bab8c49cbc2b5dd66806e1d39e36ef31e913ac2a51630779
monaco,ma2c,seen_NE_to_SW,51005,61005,de42ae14ca29b6fff5cf3efff233fbfd1b5311efbe87ac4953d6e9ef5da20ae9
monaco,ma2c,seen_NE_to_SW,51006,61006,4195a75ae8f18ea3a4676f110bec1bdc157ab1cf6e09bc39821cb56cfc7bb02a
monaco,ma2c,seen_NE_to_SW,51007,61007,9f0b74fc361359b8f2d5afdc682a22421ee68ab49cfe1b380e6139e8b5f02f59
monaco,ma2c,seen_NE_to_SW,51008,61008,4973bda3184fc908b299bdb6347cf97158bcbb7315569bfa9a3f8dafc85c4cd2
monaco,ma2c,seen_NE_to_SW,51009,61009,d0894f600b4e0c00216ea53887e1ec1865f0b2b8c77a27cc895ea6ee3853fe70
monaco,ma2c,seen_NE_to_SW,51010,61010,df94aa0d3985e6468cd16d2a37b055abe267a9cc013f2f071e89ce003bb55508
monaco,ma2c,seen_NW_to_SE,51001,61001,7415f405c52d45f94f212367a7c616825f1d7020bc7bebed74eb4184b4bb6b00
monaco,ma2c,seen_NW_to_SE,51002,61002,e88e26314b3301668425d4149b7b3462d675402339ab65778c6e8498cedeb66d
monaco,ma2c,seen_NW_to_SE,51003,61003,a0239950a592b32c87bbaaf4bae4fdb91507593794a5cebadaae2c17a7fc4fc3
monaco,ma2c,seen_NW_to_SE,51004,61004,3b46d0e6b8ad928e9ecc390072b8f45a53cab8e8e26c796dd0e1d57ea7871977
monaco,ma2c,seen_NW_to_SE,51005,61005,9a169c78648c5c925a7b178ac86fb077dfb154dbc39bfa392f672673128403a6
monaco,ma2c,seen_NW_to_SE,51006,61006,ded2a304eb6f873bb443e3f99ae5c3e37a54a9ea4bf020b4a07bae329048161a
monaco,ma2c,seen_NW_to_SE,51007,61007,e0e7fbf377183f9423df94a70a197ea7c9392c1eb5e1af2c4b8cc40fdffb6d8c
monaco,ma2c,seen_NW_to_SE,51008,61008,6b45c0fe537d8c8b40b1bf24caae962b00c584873fb7c607d67aa02a34155673
monaco,ma2c,seen_NW_to_SE,51009,61009,0be81666c7e1711f13fc194fc4bdff71b8105f06785a80a76c22fbb4fd329bc5
monaco,ma2c,seen_NW_to_SE,51010,61010,75fe6f5941ce485d4f933ff7f18852d592b42bb383ad23ead3fbde997b8af997
monaco,ma2c,seen_N_to_S,51001,61001,8ec8920866f2a7188451439d49349c1765de41763313a8553913842309b7de72
monaco,ma2c,seen_N_to_S,51002,61002,524424b409dce754a0b970e6ef991c4a03767b346b7c2702d96adfdbc50392c7
monaco,ma2c,seen_N_to_S,51003,61003,b9ff2d14f93ca932dafb0fe4ca488fad7c0452348f822aca5bf75f42f5149608
monaco,ma2c,seen_N_to_S,51004,61004,641eee18fc06796a7aaec0d63730384779307110b5605e606e995d818d39a5b3
monaco,ma2c,seen_N_to_S,51005,61005,9fad7c9f99b706d829516591a69f88fdc9e8d7fa6b65b434fcd5bf133eb4c1da
monaco,ma2c,seen_N_to_S,51006,61006,fc5670417b942d1f1b65a52470a6f26b538c0c2822e300a32d49f4d94f84b671
monaco,ma2c,seen_N_to_S,51007,61007,aef0df02f953ca841f93daa81bf180e747c9c5fa0bad6882f4e6f594bceb179c
monaco,ma2c,seen_N_to_S,51008,61008,3682c66f365865fcc8658aa2a6ea2a9b9830bbea7c07db51c50cd39a0fea3e3d
monaco,ma2c,seen_N_to_S,51009,61009,7c7821a82948910e8d939961f5b3851025b85bdb0143959b28380b2d6ff9c443
monaco,ma2c,seen_N_to_S,51010,61010,de76ae8f1170e3d90a948fc175c02adc3fe8d30e58c78cb9af4e2c8cedff8f3f
monaco,ma2c,seen_Periphery_to_Center,51001,61001,60a37f47215732e874a1baa860285c7efbaa7e6f228f90e2c25b014128879976
monaco,ma2c,seen_Periphery_to_Center,51002,61002,0d3bf91ebf613164cabce1ec7ce7aa52769ff075fc85a5f2bf4a34018fc731a9
monaco,ma2c,seen_Periphery_to_Center,51003,61003,54bdcab211a4f4931302d077f5ca764ad1766b4f0d4429bd925bca9c972c7b22
monaco,ma2c,seen_Periphery_to_Center,51004,61004,1436bc328f80bc0d09d171b24536ee4e4a7de1b026d66c133c05519b83c10450
monaco,ma2c,seen_Periphery_to_Center,51005,61005,396cc6c12ceb13a27201b0ef1965f358f6f15e15beefb4d13a74bfb2b4b9a3c4
monaco,ma2c,seen_Periphery_to_Center,51006,61006,91e9024d841c0320fed8c9d48608fdde0dea31860fb1e5152dd4d94f3fb751bd
monaco,ma2c,seen_Periphery_to_Center,51007,61007,214b9097588c7ba289679163740e887c571ad2bccb4d64cf3bee8a2a2aca94eb
monaco,ma2c,seen_Periphery_to_Center,51008,61008,664672f03a1833ef094f1cb612fc3076dbb5d163cc4c1da889b36c488487094f
monaco,ma2c,seen_Periphery_to_Center,51009,61009,bad501d8955d0f2a2fd0c85caba22ac02ca3a5593d78e4317bcfe086a76fdc24
monaco,ma2c,seen_Periphery_to_Center,51010,61010,ead84764998faf40cf455060bf4514c2efc09ba55a8643c6f3a28d0cc5b64763
monaco,ma2c,seen_SE_to_NW,51001,61001,9fe2a5c5de716ead5d07afadf45a5b36d2c038720c5760601039c4bfd7547f43
monaco,ma2c,seen_SE_to_NW,51002,61002,33a74884c1ebd396d53d2b1f79d5266e518510c63990ba1f929912d05e65ae75
monaco,ma2c,seen_SE_to_NW,51003,61003,20364cd64165cbfbcd051e70ac1f84acf9cd7c91f74bd35419a39f374acdcee8
monaco,ma2c,seen_SE_to_NW,51004,61004,86937283ccd4db4cbec67183be652faa875cdffe7201b66cfd2b5cbdc071ae38
monaco,ma2c,seen_SE_to_NW,51005,61005,3d45472eaee1e7314a755bb1c6c0e759d3e3eca256dd78a44acb2e2ad2796fc9
monaco,ma2c,seen_SE_to_NW,51006,61006,b69d240db1f15120ad9c17b54a5391be35987342f60041405a60de255d1737c5
monaco,ma2c,seen_SE_to_NW,51007,61007,7364d29ddbbb3e6b818e987990030dffd856026ff305af2dc09ec0d53514bb71
monaco,ma2c,seen_SE_to_NW,51008,61008,dbb125d406005efc038d510f3cfe9a6fbb03d69c75d5056f655358adccf83b4b
monaco,ma2c,seen_SE_to_NW,51009,61009,c8653a7e212fc55ce19d635619b1b920ad78a04750983082c1fec2e2c6f6a31a
monaco,ma2c,seen_SE_to_NW,51010,61010,55e43af3570ed8c00f2e67e94f06c5e24c9dcf079d522fa7c12667319c9b211e
monaco,ma2c,seen_SW_to_NE,51001,61001,616294b5e6be82e5cecf7ec0cec51494b494306e2c33e85f84fc1f637d53f781
monaco,ma2c,seen_SW_to_NE,51002,61002,d1835fe8df3bb6154468204abcd0b92e565254b53b987ed25a12cb170b1adb1e
monaco,ma2c,seen_SW_to_NE,51003,61003,7e742ec64c8e08a26056ac02b06bb5e2dda1376c4019becb1d7968381ca5a206
monaco,ma2c,seen_SW_to_NE,51004,61004,1ab28afea3d7137d6c67812d9b25dff33b061fcd5441a0ff6e01673b967659d6
monaco,ma2c,seen_SW_to_NE,51005,61005,363a6ba6a7e846825a03909f4f5fc6993c56d7c714e7695e60a3d64a2f2ae3a0
monaco,ma2c,seen_SW_to_NE,51006,61006,614f39c0fed3be004e5d449059c544d098d7c7bb936c0fa676241f6908281353
monaco,ma2c,seen_SW_to_NE,51007,61007,94e950f7abfe47db93326aec4237510fdd4cd8ac0a7cf9fedec06a64768de59f
monaco,ma2c,seen_SW_to_NE,51008,61008,cd2455b081886cd8913ff31877abf80d201a466d3e66cc7d4105c6175df43dbd
monaco,ma2c,seen_SW_to_NE,51009,61009,7253bac9675d1381d9b8b3a556c18e3496c09de60cd8e30c753b6b563af0c9f9
monaco,ma2c,seen_SW_to_NE,51010,61010,62ed2dbd4e750c1dddb4e713ba80823c5f3b02e65f485526c1243ddf38214ae2
monaco,ma2c,seen_S_to_N,51001,61001,2065ae375ebeb7a6f4205460555f97ccd67f6e8bd8643d2d4fb9f48043cea7b4
monaco,ma2c,seen_S_to_N,51002,61002,946c30e7a3e9a9b118d0a853a8bb1bc6f3051c514bfac4ec93b9322d60f8b57b
monaco,ma2c,seen_S_to_N,51003,61003,4151bbc4af3e89faf4aa2b005640604fb6b5b7e1f2fdf41a46eda12bd8f5e476
monaco,ma2c,seen_S_to_N,51004,61004,3238e2353a74597eb73712aa3204b10423ce451881aac89ac21047570ddce6d0
monaco,ma2c,seen_S_to_N,51005,61005,aa2788454221097572ddb0d5748d50bd03ced14b237eb5e248ec423f63844357
monaco,ma2c,seen_S_to_N,51006,61006,2ca436257cf607c102594068489a39413d19d74d5b26f850e1f02bf3d6612efb
monaco,ma2c,seen_S_to_N,51007,61007,74ca4adad9c2bc248fcbcc646fc86b1786967a0de7e30b4fc76b535157f8af2c
monaco,ma2c,seen_S_to_N,51008,61008,b3dc7d9ca58ea4807f532d744dd54eaafee8d90084170f987d1fcb3c2348e517
monaco,ma2c,seen_S_to_N,51009,61009,849aaf50acab94f88a88cb82ff2e6047bc6cf8b3fb66be8bb0df89fd09403494
monaco,ma2c,seen_S_to_N,51010,61010,c33208c682dd7ce34b22b10d9e3e925595a5d9fd91a26e807f0f155c50674b2d
monaco,ma2c,seen_Uniform,51001,61001,d0368e37be7f8bb2f3f9f4c5075f3a9e35bf5671116ae7f8214e3b1fbc283b6e
monaco,ma2c,seen_Uniform,51002,61002,0854a69a8f9dca285ca5aef2a31e89f23bcb8fdf9c3c18fd161bc7932d978e61
monaco,ma2c,seen_Uniform,51003,61003,4dd112c5236a981e6abd39b87fad5366a63fd8fcb6ac1424e5e08793ab91809b
monaco,ma2c,seen_Uniform,51004,61004,67187d9e225ee6e4722b7500ebd674b983969ccfea6499a07cf1faa0d77d89c6
monaco,ma2c,seen_Uniform,51005,61005,5f334202cfa3f9cb05ecf8f654e8c295d4d0104729720bb6986af5a2b1c0db72
monaco,ma2c,seen_Uniform,51006,61006,a98989ddde4e6a1bac70cd06d55fa79158ebae7a62aa70138d36b3b1a9365c6c
monaco,ma2c,seen_Uniform,51007,61007,792e01609c9a3a6293066f0c721f7fbb7d7b37af8d44f9853493dd23727cf60b
monaco,ma2c,seen_Uniform,51008,61008,29470a7fabd468a2516ed269117e1efc3bfb38bef79a19abc869beb723d82740
monaco,ma2c,seen_Uniform,51009,61009,d8a55dc38362a9682e400cf1257e8d9b050448fff5c171a3b6a633a54031fe47
monaco,ma2c,seen_Uniform,51010,61010,c145e4170a4c4599da4bdde3856300d3494ad1fca5b6fa6c2cff46387f2c55a5
monaco,ma2c,seen_W_to_E,51001,61001,229031ef64f620f1fed7ffbeec6f145d6401a39f417f93677ad49ce7f7caa06e
monaco,ma2c,seen_W_to_E,51002,61002,4d3f86d9156a912394e5b5d05fdd0fc7aef8edf76899ecc1fb0da82895f91818
monaco,ma2c,seen_W_to_E,51003,61003,15d54cbb394c09b6a56f046239cf8d24d4c39d9d026dcc9d74f3e0854699e2b6
monaco,ma2c,seen_W_to_E,51004,61004,8c0b56a3fac01880428515cbfd8c670f8ad2dc2918f2e0253ad69d1b515ba0a4
monaco,ma2c,seen_W_to_E,51005,61005,3d5893a082e22600fb184f92e50064214333c8b7166c0548ab44c237603f1ca9
monaco,ma2c,seen_W_to_E,51006,61006,0aeec3c8a3285fcadccbcce32e6f9d8450530716e7016034af9907ae3901fbfe
monaco,ma2c,seen_W_to_E,51007,61007,84108022421996e4cc3233753f68a960f119ca76ce0f312f99cf304d461bd28b
monaco,ma2c,seen_W_to_E,51008,61008,374c86768159842a80fcccf47644eec11a2e14075866bc831b1ec821cae91e08
monaco,ma2c,seen_W_to_E,51009,61009,6ac94b067225be6cac7da085cb3e7d99a835a9b0fc1813b703b939a2a06a7389
monaco,ma2c,seen_W_to_E,51010,61010,0fffe5622e776c63c2fe505f03884a8d69d9b751140d621949708223d0d80600
monaco,ma2c,switch_1200,51001,61001,653447db3beed541b525d678c8d7867dd7a5eef4e75891c231975555916ea5e4
monaco,ma2c,switch_1200,51002,61002,52cd1296529bdd31768de4ec480d1d809911c24abd2191b7b9bc87cd514d4688
monaco,ma2c,switch_1200,51003,61003,904a3b9a4bd14227dc6502e0581fc497599a7f065c345fc4f480ff3243cf1dd1
monaco,ma2c,switch_1200,51004,61004,88059b9deecacf77b524bb319e3315ca48fea290d5467016dcebded76d28653f
monaco,ma2c,switch_1200,51005,61005,f18264d66add314ffbcc85220e2454314d91af78928a8933819efa35cfeb4a8a
monaco,ma2c,switch_1200,51006,61006,14945633ff621c4a0171a83424b89ffe0194aa2f6abc6f5a34b10c327cf1f2b8
monaco,ma2c,switch_1200,51007,61007,5f7d5b83ec769db7af4efc90b551e39ce2228b2d0078ea8f6dbea5e6420051be
monaco,ma2c,switch_1200,51008,61008,d26f4dfc0e379b87bed0dd7396e78e906e848e838d0d69ab26be078b8627af0a
monaco,ma2c,switch_1200,51009,61009,bea31f8bbade8d9f437a6440f5bcb5fce5b9758db0d88c837e90c1dd8c58e8fd
monaco,ma2c,switch_1200,51010,61010,f95fc96ee4d6928ab01a93c00941b07b5d5a14ab80abc371a03e3376fbd82987
monaco,ma2c,switch_300,51001,61001,e76b64786c303948d0d06984e197e83be196bfea3d0f29d7febcc678846a9275
monaco,ma2c,switch_300,51002,61002,187f9d784cf5f381b7c426ed11f2d838a607ddfbb41a0c5b7b2700378ba76fde
monaco,ma2c,switch_300,51003,61003,5700bea69154c1ac199a5d27e3246bc7dc50671e7730c621d58f6c3d1d1b5c33
monaco,ma2c,switch_300,51004,61004,4930bb16863acb5014f28885436216a8ba6c4aa906193b34fd1295d44f3da88a
monaco,ma2c,switch_300,51005,61005,cf1c83c96da2e967581704996cc6ea691b0c7303deaf12fc66c6db7e731ba388
monaco,ma2c,switch_300,51006,61006,a38b3918bdb59406c75046e890067cd76f0d7a74fe50d3c12226065dea74eeca
monaco,ma2c,switch_300,51007,61007,7f5832438f75ef309713cfb4c8058d72f83aa8fb8cec7ebb62a31172c09b4065
monaco,ma2c,switch_300,51008,61008,479f684e63d20e0b404dcb3b683ce2772ccb9ae082042cc2f6e5cecb9814586c
monaco,ma2c,switch_300,51009,61009,98ecd56a170e48780ee9c99a78891e4350d764daffe23f05bc1c367c74eac189
monaco,ma2c,switch_300,51010,61010,7f83c90564f4db94ec252128248a6db2a5dc53bc6aa873f2c34d16d53f8df32f
monaco,ma2c,switch_900,51001,61001,7c37573bd81dec4c0b096e8c2ba6b8651f68c64958909ebe756fe8eb874d6459
monaco,ma2c,switch_900,51002,61002,53f1fa4c80ed29278bc421a180b3899249569f5195cbaad98199d834ecf9a7a6
monaco,ma2c,switch_900,51003,61003,4d795bfa5062cf4cdf244bd8737af881a5daa5982a04bf8a72127c4d485453ec
monaco,ma2c,switch_900,51004,61004,4486caef38000cf2810bc40aca41506e8d1df1b107c304287a730f072fc35d22
monaco,ma2c,switch_900,51005,61005,2eabe984dd78987a78f62a5645c0703188f1ae3d10713cb3a32eab997c77df86
monaco,ma2c,switch_900,51006,61006,44659ad5b0ae5755ee73e179f56d952c1351770f546b82a2a1437485ba07d517
monaco,ma2c,switch_900,51007,61007,2dbb8a802d47544161256f814aeb7b7f7e0c0c2fef97e4edc7b7e700d0f1f934
monaco,ma2c,switch_900,51008,61008,132238eb23d4a8ebd2369f889fb9ba980edc40aa8d5e0bc0a2abe77eeba8f674
monaco,ma2c,switch_900,51009,61009,89eca69da924a3d0068e43f67a2264902509f7ac8e16b3293818293b5ce42d5a
monaco,ma2c,switch_900,51010,61010,dcbb5953111ae70d3e87def540fe929594a43e235af99b7a732754e272fbfda5
monaco,ppo,mixture_1,51001,61001,fdef42fec1c38684ee449427da935e2121af09a6a85ba308668502137d7843e9
monaco,ppo,mixture_1,51002,61002,7704b61be331f085ae5757db3276669b551d12415d2ccbcdc80961101bde06d6
monaco,ppo,mixture_1,51003,61003,9c14b4bc840a22e16c83bdc19603929d5f4f43d2aaeaa51698a7dbe1ca96496d
monaco,ppo,mixture_1,51004,61004,ae17ae5a385e20b6eaa05b016ffb3d7008b8b61f7d8c41f5afcec2c2d69cb28e
monaco,ppo,mixture_1,51005,61005,a0b7755d8e7f7b6520764e83863fbf02807b944cd30066a137d7308e0aabcab6
monaco,ppo,mixture_1,51006,61006,b86773741f9b7a0130a39c93f805507d01931e6bae9c5e870e27a4980ec81578
monaco,ppo,mixture_1,51007,61007,7d47f5c0364803d787602fe5b4cc0f41d5791e5e7c7b7444ccf5c975b7f5a6f1
monaco,ppo,mixture_1,51008,61008,6b4e124da23257ef77ad5facafbe0a4b041cf0dd1864bd285e1d95d6af070ceb
monaco,ppo,mixture_1,51009,61009,1fa02631d1db0e6b33b59fe3d8ac8111ff51c30091808a631a8f51d3822ab945
monaco,ppo,mixture_1,51010,61010,70f4f3d0493442cb31b514a709878e37c05147a0e0225cfc909be4fafe2fa3f6
monaco,ppo,mixture_2,51001,61001,f04da9724013aa1227cdc3bbfcfeb887e5330b67cc864c76dd6a8c337bff90d5
monaco,ppo,mixture_2,51002,61002,4f616e485067189366860545ca8ee9eda6f2ae23e5465cb2b1c4d6b6862e0ad2
monaco,ppo,mixture_2,51003,61003,d0805746d59ce3448beab6d829a6c38dcb070e38e1e5c2f4f9063f1101094898
monaco,ppo,mixture_2,51004,61004,520c90ed89c10c593f71f603c8c125949cae95cf3bbf5d1486db49639923a6ef
monaco,ppo,mixture_2,51005,61005,f65dcd70723c1d92f7f899d92a18f65562e95a54ca3aadfd8e68e7b5a10fe9c6
monaco,ppo,mixture_2,51006,61006,0f6c1772cbf5221cd77920cb05f49de7e86a7d115b337f3488df859d156b2303
monaco,ppo,mixture_2,51007,61007,e6205d1f6c4b8158bf4f2fa58be4d39a6eefe85e0de91da5f450bd1f5af8c006
monaco,ppo,mixture_2,51008,61008,2d95280ca0c68c6ce808d47362c4c12e0f4baad5622d2b9db8ea23af55e3becb
monaco,ppo,mixture_2,51009,61009,d216b9b2b3ebf2f0bf756b26bf2d306e79733979e653971571af70eb732bb77b
monaco,ppo,mixture_2,51010,61010,d07ab6e6d8a666dc6c8db2587df34fda3a5fc128d0d2a5f5ec33c3a5f5abe539
monaco,ppo,mixture_3,51001,61001,18e7a2c0629b5ab8f675c7ea8de7cf7d4d5cafe0cf714dca04c3c3751a58fb82
monaco,ppo,mixture_3,51002,61002,4520e1261f0d893e05164ae3c9b74a12e2ade44bf7f51bff8acba6254850d8fd
monaco,ppo,mixture_3,51003,61003,49d7090593edd7bf1eb7da03503725e024312155ec4ac727a5af5193949e227c
monaco,ppo,mixture_3,51004,61004,9e64e736e9855d27c210763812569ab3e7ce72ea06eb196b3544190520a40ce1
monaco,ppo,mixture_3,51005,61005,84d9fee2a92d273fb3cf065cb1f0412ad6ec622676ab17cdc418ec146d487ca7
monaco,ppo,mixture_3,51006,61006,5e39bb9cf1381f7d6ea8bea8b45c578c370dec72757235b50736ef2b760678e6
monaco,ppo,mixture_3,51007,61007,2863d21b2706cabecb6b8354252ec8a285376d9eccce8993941beb74e86a056e
monaco,ppo,mixture_3,51008,61008,c6aaa6f1bdca1aa75bf3aaa1615b216db494473d1daf3a8bffc1d84c8ca3fc5d
monaco,ppo,mixture_3,51009,61009,edc1d7ae916c02f3d7e3a1f3b6fd770af278ffac51f8e2fb07a65961a38fe2b3
monaco,ppo,mixture_3,51010,61010,54a4de119cfa2220602ce9f25a78277561448ea420198a647f41290e37ca4734
monaco,ppo,peak_1.1,51001,61001,98f7e6d7331339697507e47fd635ab16560e15317a3df069f42c25f8ea8ee49f
monaco,ppo,peak_1.1,51002,61002,8617d6c60d9a3e5d4b0050ee2b90b0c4803d566ce06bfabc458a4329dc965e85
monaco,ppo,peak_1.1,51003,61003,c692b574a14569adc6216426253a0ec51dbfdad1fd416d17f78b51d031a99fd0
monaco,ppo,peak_1.1,51004,61004,234ab9f62d1dfb84f5d10f4e197ee51b032c190dc9254ffd3f5991481baadc83
monaco,ppo,peak_1.1,51005,61005,581f02d1129e9f8cb1769235a840e9d8a779a17a3a9715383c32a74a27402d49
monaco,ppo,peak_1.1,51006,61006,1ed79752c521fcfed26546eb72b71c00a90841787e8a83817eca44c1197c3038
monaco,ppo,peak_1.1,51007,61007,87e27e11fc3e959882fc3a211bce4e137c7d97ffe12c4b3155d6fef99cb6f585
monaco,ppo,peak_1.1,51008,61008,feebf6bfd430eeded3e96c9a065615ac9e45b54aee38a5d2cdd2d37ac0e8a262
monaco,ppo,peak_1.1,51009,61009,8812fea56cb6337b7f26a05bfd8c1786ffc44dc69fab7727005f9cbfb989915e
monaco,ppo,peak_1.1,51010,61010,115351b5e8a5079b0a75168a9830f7933cf98425f053929fb242bcb2ca41c4c1
monaco,ppo,peak_1.25,51001,61001,26e53edd8ae080c0555055280a2e117ce3288149661b476c4d062076ec104005
monaco,ppo,peak_1.25,51002,61002,97766a81adb0296a68354e1ae9591eb9c00dbfdda6faaca6f43f2cac1aedf11e
monaco,ppo,peak_1.25,51003,61003,aedeeaf15c2637f54242e317dc8bf3f70569607accc9e96e20b4f323fa4f80d1
monaco,ppo,peak_1.25,51004,61004,bd0b283cc58c21ea0e96aac68b70c726049b6343fe5d2ed506a4b1a967b29e5c
monaco,ppo,peak_1.25,51005,61005,ea49e6037ce272f91abff4825f44e9a664a23aad1c265f758551285d708d13bf
monaco,ppo,peak_1.25,51006,61006,90568636c3343c4f3e8da5f8c5036c021d3da15d21cdb9866cda32020a62ef5f
monaco,ppo,peak_1.25,51007,61007,14e71be277e0f742422eb693de103252398d220e834aad9b86a05f6907d7e2ea
monaco,ppo,peak_1.25,51008,61008,c45652a73215458c141ae6872e3391ebcc954484825298f146d27d0d09f7c1fc
monaco,ppo,peak_1.25,51009,61009,66b2c3ff3f33add0398cd84de0dd872eb0d13c14d704e06610a8a4d154f334bd
monaco,ppo,peak_1.25,51010,61010,cb872673b62910fac7533ef3e53fd475f82a62cbed79a07c4c214ea1a8070f2d
monaco,ppo,peak_1.5,51001,61001,bc0514d0e7e0213db454eb6cbdfd8fb67c67566f41654a575535fa6d45d712f7
monaco,ppo,peak_1.5,51002,61002,b26509c33a17410c6844a80c3ffe0cc138027d798d73039695e279f5ab0d1599
monaco,ppo,peak_1.5,51003,61003,b1b7f95ada6e3739baeb50afcc53866126e427c82e24a7ddcb450c7fb8fc87a4
monaco,ppo,peak_1.5,51004,61004,6cfc943f8d3faac0965e0bf822ba499ae9d1a0d8c25cd2dea5576f63dbde26d6
monaco,ppo,peak_1.5,51005,61005,eb3342019a0df74fa0f4f8f906fa416b71b39504dafbb8e7b7fbd3a21f50ff49
monaco,ppo,peak_1.5,51006,61006,3c7e3ec211ce7785507c23bc86d057d0567a5a33eb86124eaacb9c29c3959939
monaco,ppo,peak_1.5,51007,61007,d17b7986b7cacc797dbb51744af9889f6492e7feef775eb6c475de07c760d132
monaco,ppo,peak_1.5,51008,61008,ea324d3ce4c50a5282c8de087273fefe9f7b5e22b09a361ad1e1dffc3084f1d7
monaco,ppo,peak_1.5,51009,61009,386cab2af1b2de85790943c79aa54e0817267c723ce0173d4054222e35997b9f
monaco,ppo,peak_1.5,51010,61010,6fbf5fda109871c242745b41cfbbb5da7991e0ea4ace075a2e3bea99b94d8fd1
monaco,ppo,redistribution_0.25,51001,61001,b62b5dc86a95a504ee8113c58ffb026e8131492b030d2cb50f7fa625ea8bfe7a
monaco,ppo,redistribution_0.25,51002,61002,3b9eb842fb0eb16e85d4bf69c3768214cd4a4df511d8483d6cdd5135b2d0959f
monaco,ppo,redistribution_0.25,51003,61003,17ac113e0225a5c46daceeccf22475c965779f2f050e6e2db792383a49daded0
monaco,ppo,redistribution_0.25,51004,61004,dfd7848241b299ef2b24203bc46db5355694a0e93d960b54438a6ac9a452cca9
monaco,ppo,redistribution_0.25,51005,61005,0f6d3acc48cdf71cd6ff01862054bc5072326271d9c7403c982607ac7d50704c
monaco,ppo,redistribution_0.25,51006,61006,d12a7b3e075e534a76a855e2c2d53f5793ab69b988ddc1907853783422cafaf9
monaco,ppo,redistribution_0.25,51007,61007,56939a6c41c5cf4f9843e9df4ac69f7a89f9757f6d4060db517754ae2f52da24
monaco,ppo,redistribution_0.25,51008,61008,bdf60aa642712173b67bcec15b8fb2c14d8c078a8cf6af0cbb13823cf11a6a22
monaco,ppo,redistribution_0.25,51009,61009,6e1dc0bddf8ee95c7db760500a366c36d425b2695bf4f8813ebcdae6aa6db0a7
monaco,ppo,redistribution_0.25,51010,61010,060acaceffd1f193b8540cfa298afaa4cab39d5e4c8b74d757296dab4d1e8241
monaco,ppo,redistribution_0.5,51001,61001,fc0a42445691f29903eee984f13a73486cbd21b81aeefe2021b4a56fe496a20c
monaco,ppo,redistribution_0.5,51002,61002,4f4b687c87c62e5ff56ff3ee5ddfdce82c20fe8dab058b31496728bd28f2c693
monaco,ppo,redistribution_0.5,51003,61003,074cb12493b4acb91f3f5e19c3d03dc1ff19468d75fa8292881ad553af3f53ef
monaco,ppo,redistribution_0.5,51004,61004,9bf4774f663513d93d9a4cfe0a6497c373f90fdd60cb901e99953898047c829d
monaco,ppo,redistribution_0.5,51005,61005,276dbff9473120b5560098711b246a24f6a276bd30c709b41c5dd3cad8f6f930
monaco,ppo,redistribution_0.5,51006,61006,50c901e86ab1bc57db530b9c03269fee1ae79e59bf6f6c2ad4b28b4be47b3c8f
monaco,ppo,redistribution_0.5,51007,61007,8692155ead223f1b37686ee7b27bf2628b314c2bee118eea9e02634566cf8672
monaco,ppo,redistribution_0.5,51008,61008,c31b759d8c14c2bded3ce90572327290c71be4d0047ab6623e70009b9661b80a
monaco,ppo,redistribution_0.5,51009,61009,81960460f22e9b7e381fe6c7e26cab91d53cd21985d8a5485c1a475a13d95891
monaco,ppo,redistribution_0.5,51010,61010,685578e64dd0fb2f6b9904ea7c3225db23e1e9f1f8dbbb16ff96b1575c1efeba
monaco,ppo,redistribution_0.75,51001,61001,de00e5e5f9d93c7ad1f6ac793e91f771aad54199f48bf4b25f2283124d59a5e5
monaco,ppo,redistribution_0.75,51002,61002,a802cad4bb88b961470b4b857ba6fcba3f22658bde62be923b4e52da0e3184a3
monaco,ppo,redistribution_0.75,51003,61003,0ed3bf047ff7eb6cf82ea3d1534854858819afe0c07d936276958eee3d8adc65
monaco,ppo,redistribution_0.75,51004,61004,ffb1dad8ef5be0acd221f0b6466e8dd97a4dfe1dfda6d62935117745aa8bcd1b
monaco,ppo,redistribution_0.75,51005,61005,78d045ecf63af9e6b3845e1495871f5c4dadc8e15f2cc4b2218a6e32c6a6412d
monaco,ppo,redistribution_0.75,51006,61006,b40c2d9298736adee76631694ea714bd7b7a5b18cd7fd6e31a97ec1227c826ec
monaco,ppo,redistribution_0.75,51007,61007,d3298d4657dc1f01ab07f19acb67bfad502498300b8979a304fe1cff8f5a6dfa
monaco,ppo,redistribution_0.75,51008,61008,10811e7517659869824fc2b547f65ef651ebc370c888a09b681a0479a300e63b
monaco,ppo,redistribution_0.75,51009,61009,be959c9acb128148ea9953be3f5e6681b7372261120cad744198a9b1821f33b6
monaco,ppo,redistribution_0.75,51010,61010,fb7091f6746283b86c54f4722ed51b7ae88e0d63fb11602222c10c9f2d9c4a44
monaco,ppo,seen_Center_to_Periphery,51001,61001,397112d08121c6071df95c22e7b0c07f70856269f293c5470f46f7785600895e
monaco,ppo,seen_Center_to_Periphery,51002,61002,c04c9535e2b16418b500e423f59e53ad935b2e55e40a48fc257e6b94112f1fa0
monaco,ppo,seen_Center_to_Periphery,51003,61003,f73d1b47a8dce47bfd4d1060aa9b75c8746a8916b06abec077dfb412cea966e7
monaco,ppo,seen_Center_to_Periphery,51004,61004,5de705bd677e765ee211f7c851d47a881ecc4865c1939c3a4b62495673508899
monaco,ppo,seen_Center_to_Periphery,51005,61005,5ff89feafcfa30482504b1fbbc89f11779bb3eb97c7dfe9bfb63e7d8bc06c426
monaco,ppo,seen_Center_to_Periphery,51006,61006,bf272f17cfe1bca57d4fc6387dc9567af5406e0b819ab0e69209b7184c1dc733
monaco,ppo,seen_Center_to_Periphery,51007,61007,18b47c37607b682c4e5e9c339e30f4cc0add6698fdef432d6bc8fa71378cf041
monaco,ppo,seen_Center_to_Periphery,51008,61008,14c369550652e14f117ed454dae258ce23c44cbe8f06785f1f68f3b8a59d93c1
monaco,ppo,seen_Center_to_Periphery,51009,61009,262c3d735fc141c6e9d637c6c9f4346d89dc36047d4058d0660297d84c64ad4a
monaco,ppo,seen_Center_to_Periphery,51010,61010,8f767da4aaf13ef63f73ead47fd6ff931af0a37fbb65e473397ccabfa5b8be12
monaco,ppo,seen_E_to_W,51001,61001,f9bcbf0b642a52679d9e203bc3ff529ddcef3354dd88b3398ba2e6e015faacad
monaco,ppo,seen_E_to_W,51002,61002,105172035076aad4ebe27db3b2976a168eb88e97a6a501af0180dac443cd0d6c
monaco,ppo,seen_E_to_W,51003,61003,02c6d7f50743984531f54c62de4930ceda383a9f898991d747bb2b5b4d044892
monaco,ppo,seen_E_to_W,51004,61004,f3ea99889c496b20670839f72f4ab6e8c6a730ca74a06aad8ee00d6709593a5d
monaco,ppo,seen_E_to_W,51005,61005,baf6e3b0595b06b540868a62c1c148553d5889c226aa056d507d14fc716bf050
monaco,ppo,seen_E_to_W,51006,61006,c9cba7272fc4d5400f2082ccbeb1bfa143a45bd95af44185b0596778eb9995f6
monaco,ppo,seen_E_to_W,51007,61007,a9067fdb763104476da05f995ff0e59bd8fa28e22e00b6058fd4967f6dceaa0c
monaco,ppo,seen_E_to_W,51008,61008,211a5f0d679cf3377d487a45eeba737d507c25f1fa0c8c18fca0575b00989ecf
monaco,ppo,seen_E_to_W,51009,61009,ced412ae20ca45c1e374e6082dc32f789091fb8b09c222e49c51041b7adeeeec
monaco,ppo,seen_E_to_W,51010,61010,8d85a1fa1629180cac9617e6561dead90d29c5f828af1923e404f8be0d0dd775
monaco,ppo,seen_NE_to_SW,51001,61001,cd3373bf69a615e764e660ebea56e720a429fbf93dbc0752448698079772be4c
monaco,ppo,seen_NE_to_SW,51002,61002,9f2a670d5204fb706b511e1c465d149b3d1dfcde597ed8b8bef88841beb3236c
monaco,ppo,seen_NE_to_SW,51003,61003,a19c58356c26ab3ab5517f02fae9629afc2b2e1f7d936db74851b504259764e6
monaco,ppo,seen_NE_to_SW,51004,61004,143034fd789a2729bab8c49cbc2b5dd66806e1d39e36ef31e913ac2a51630779
monaco,ppo,seen_NE_to_SW,51005,61005,de42ae14ca29b6fff5cf3efff233fbfd1b5311efbe87ac4953d6e9ef5da20ae9
monaco,ppo,seen_NE_to_SW,51006,61006,4195a75ae8f18ea3a4676f110bec1bdc157ab1cf6e09bc39821cb56cfc7bb02a
monaco,ppo,seen_NE_to_SW,51007,61007,9f0b74fc361359b8f2d5afdc682a22421ee68ab49cfe1b380e6139e8b5f02f59
monaco,ppo,seen_NE_to_SW,51008,61008,4973bda3184fc908b299bdb6347cf97158bcbb7315569bfa9a3f8dafc85c4cd2
monaco,ppo,seen_NE_to_SW,51009,61009,d0894f600b4e0c00216ea53887e1ec1865f0b2b8c77a27cc895ea6ee3853fe70
monaco,ppo,seen_NE_to_SW,51010,61010,df94aa0d3985e6468cd16d2a37b055abe267a9cc013f2f071e89ce003bb55508
monaco,ppo,seen_NW_to_SE,51001,61001,7415f405c52d45f94f212367a7c616825f1d7020bc7bebed74eb4184b4bb6b00
monaco,ppo,seen_NW_to_SE,51002,61002,e88e26314b3301668425d4149b7b3462d675402339ab65778c6e8498cedeb66d
monaco,ppo,seen_NW_to_SE,51003,61003,a0239950a592b32c87bbaaf4bae4fdb91507593794a5cebadaae2c17a7fc4fc3
monaco,ppo,seen_NW_to_SE,51004,61004,3b46d0e6b8ad928e9ecc390072b8f45a53cab8e8e26c796dd0e1d57ea7871977
monaco,ppo,seen_NW_to_SE,51005,61005,9a169c78648c5c925a7b178ac86fb077dfb154dbc39bfa392f672673128403a6
monaco,ppo,seen_NW_to_SE,51006,61006,ded2a304eb6f873bb443e3f99ae5c3e37a54a9ea4bf020b4a07bae329048161a
monaco,ppo,seen_NW_to_SE,51007,61007,e0e7fbf377183f9423df94a70a197ea7c9392c1eb5e1af2c4b8cc40fdffb6d8c
monaco,ppo,seen_NW_to_SE,51008,61008,6b45c0fe537d8c8b40b1bf24caae962b00c584873fb7c607d67aa02a34155673
monaco,ppo,seen_NW_to_SE,51009,61009,0be81666c7e1711f13fc194fc4bdff71b8105f06785a80a76c22fbb4fd329bc5
monaco,ppo,seen_NW_to_SE,51010,61010,75fe6f5941ce485d4f933ff7f18852d592b42bb383ad23ead3fbde997b8af997
monaco,ppo,seen_N_to_S,51001,61001,8ec8920866f2a7188451439d49349c1765de41763313a8553913842309b7de72
monaco,ppo,seen_N_to_S,51002,61002,524424b409dce754a0b970e6ef991c4a03767b346b7c2702d96adfdbc50392c7
monaco,ppo,seen_N_to_S,51003,61003,b9ff2d14f93ca932dafb0fe4ca488fad7c0452348f822aca5bf75f42f5149608
monaco,ppo,seen_N_to_S,51004,61004,641eee18fc06796a7aaec0d63730384779307110b5605e606e995d818d39a5b3
monaco,ppo,seen_N_to_S,51005,61005,9fad7c9f99b706d829516591a69f88fdc9e8d7fa6b65b434fcd5bf133eb4c1da
monaco,ppo,seen_N_to_S,51006,61006,fc5670417b942d1f1b65a52470a6f26b538c0c2822e300a32d49f4d94f84b671
monaco,ppo,seen_N_to_S,51007,61007,aef0df02f953ca841f93daa81bf180e747c9c5fa0bad6882f4e6f594bceb179c
monaco,ppo,seen_N_to_S,51008,61008,3682c66f365865fcc8658aa2a6ea2a9b9830bbea7c07db51c50cd39a0fea3e3d
monaco,ppo,seen_N_to_S,51009,61009,7c7821a82948910e8d939961f5b3851025b85bdb0143959b28380b2d6ff9c443
monaco,ppo,seen_N_to_S,51010,61010,de76ae8f1170e3d90a948fc175c02adc3fe8d30e58c78cb9af4e2c8cedff8f3f
monaco,ppo,seen_Periphery_to_Center,51001,61001,60a37f47215732e874a1baa860285c7efbaa7e6f228f90e2c25b014128879976
monaco,ppo,seen_Periphery_to_Center,51002,61002,0d3bf91ebf613164cabce1ec7ce7aa52769ff075fc85a5f2bf4a34018fc731a9
monaco,ppo,seen_Periphery_to_Center,51003,61003,54bdcab211a4f4931302d077f5ca764ad1766b4f0d4429bd925bca9c972c7b22
monaco,ppo,seen_Periphery_to_Center,51004,61004,1436bc328f80bc0d09d171b24536ee4e4a7de1b026d66c133c05519b83c10450
monaco,ppo,seen_Periphery_to_Center,51005,61005,396cc6c12ceb13a27201b0ef1965f358f6f15e15beefb4d13a74bfb2b4b9a3c4
monaco,ppo,seen_Periphery_to_Center,51006,61006,91e9024d841c0320fed8c9d48608fdde0dea31860fb1e5152dd4d94f3fb751bd
monaco,ppo,seen_Periphery_to_Center,51007,61007,214b9097588c7ba289679163740e887c571ad2bccb4d64cf3bee8a2a2aca94eb
monaco,ppo,seen_Periphery_to_Center,51008,61008,664672f03a1833ef094f1cb612fc3076dbb5d163cc4c1da889b36c488487094f
monaco,ppo,seen_Periphery_to_Center,51009,61009,bad501d8955d0f2a2fd0c85caba22ac02ca3a5593d78e4317bcfe086a76fdc24
monaco,ppo,seen_Periphery_to_Center,51010,61010,ead84764998faf40cf455060bf4514c2efc09ba55a8643c6f3a28d0cc5b64763
monaco,ppo,seen_SE_to_NW,51001,61001,9fe2a5c5de716ead5d07afadf45a5b36d2c038720c5760601039c4bfd7547f43
monaco,ppo,seen_SE_to_NW,51002,61002,33a74884c1ebd396d53d2b1f79d5266e518510c63990ba1f929912d05e65ae75
monaco,ppo,seen_SE_to_NW,51003,61003,20364cd64165cbfbcd051e70ac1f84acf9cd7c91f74bd35419a39f374acdcee8
monaco,ppo,seen_SE_to_NW,51004,61004,86937283ccd4db4cbec67183be652faa875cdffe7201b66cfd2b5cbdc071ae38
monaco,ppo,seen_SE_to_NW,51005,61005,3d45472eaee1e7314a755bb1c6c0e759d3e3eca256dd78a44acb2e2ad2796fc9
monaco,ppo,seen_SE_to_NW,51006,61006,b69d240db1f15120ad9c17b54a5391be35987342f60041405a60de255d1737c5
monaco,ppo,seen_SE_to_NW,51007,61007,7364d29ddbbb3e6b818e987990030dffd856026ff305af2dc09ec0d53514bb71
monaco,ppo,seen_SE_to_NW,51008,61008,dbb125d406005efc038d510f3cfe9a6fbb03d69c75d5056f655358adccf83b4b
monaco,ppo,seen_SE_to_NW,51009,61009,c8653a7e212fc55ce19d635619b1b920ad78a04750983082c1fec2e2c6f6a31a
monaco,ppo,seen_SE_to_NW,51010,61010,55e43af3570ed8c00f2e67e94f06c5e24c9dcf079d522fa7c12667319c9b211e
monaco,ppo,seen_SW_to_NE,51001,61001,616294b5e6be82e5cecf7ec0cec51494b494306e2c33e85f84fc1f637d53f781
monaco,ppo,seen_SW_to_NE,51002,61002,d1835fe8df3bb6154468204abcd0b92e565254b53b987ed25a12cb170b1adb1e
monaco,ppo,seen_SW_to_NE,51003,61003,7e742ec64c8e08a26056ac02b06bb5e2dda1376c4019becb1d7968381ca5a206
monaco,ppo,seen_SW_to_NE,51004,61004,1ab28afea3d7137d6c67812d9b25dff33b061fcd5441a0ff6e01673b967659d6
monaco,ppo,seen_SW_to_NE,51005,61005,363a6ba6a7e846825a03909f4f5fc6993c56d7c714e7695e60a3d64a2f2ae3a0
monaco,ppo,seen_SW_to_NE,51006,61006,614f39c0fed3be004e5d449059c544d098d7c7bb936c0fa676241f6908281353
monaco,ppo,seen_SW_to_NE,51007,61007,94e950f7abfe47db93326aec4237510fdd4cd8ac0a7cf9fedec06a64768de59f
monaco,ppo,seen_SW_to_NE,51008,61008,cd2455b081886cd8913ff31877abf80d201a466d3e66cc7d4105c6175df43dbd
monaco,ppo,seen_SW_to_NE,51009,61009,7253bac9675d1381d9b8b3a556c18e3496c09de60cd8e30c753b6b563af0c9f9
monaco,ppo,seen_SW_to_NE,51010,61010,62ed2dbd4e750c1dddb4e713ba80823c5f3b02e65f485526c1243ddf38214ae2
monaco,ppo,seen_S_to_N,51001,61001,2065ae375ebeb7a6f4205460555f97ccd67f6e8bd8643d2d4fb9f48043cea7b4
monaco,ppo,seen_S_to_N,51002,61002,946c30e7a3e9a9b118d0a853a8bb1bc6f3051c514bfac4ec93b9322d60f8b57b
monaco,ppo,seen_S_to_N,51003,61003,4151bbc4af3e89faf4aa2b005640604fb6b5b7e1f2fdf41a46eda12bd8f5e476
monaco,ppo,seen_S_to_N,51004,61004,3238e2353a74597eb73712aa3204b10423ce451881aac89ac21047570ddce6d0
monaco,ppo,seen_S_to_N,51005,61005,aa2788454221097572ddb0d5748d50bd03ced14b237eb5e248ec423f63844357
monaco,ppo,seen_S_to_N,51006,61006,2ca436257cf607c102594068489a39413d19d74d5b26f850e1f02bf3d6612efb
monaco,ppo,seen_S_to_N,51007,61007,74ca4adad9c2bc248fcbcc646fc86b1786967a0de7e30b4fc76b535157f8af2c
monaco,ppo,seen_S_to_N,51008,61008,b3dc7d9ca58ea4807f532d744dd54eaafee8d90084170f987d1fcb3c2348e517
monaco,ppo,seen_S_to_N,51009,61009,849aaf50acab94f88a88cb82ff2e6047bc6cf8b3fb66be8bb0df89fd09403494
monaco,ppo,seen_S_to_N,51010,61010,c33208c682dd7ce34b22b10d9e3e925595a5d9fd91a26e807f0f155c50674b2d
monaco,ppo,seen_Uniform,51001,61001,d0368e37be7f8bb2f3f9f4c5075f3a9e35bf5671116ae7f8214e3b1fbc283b6e
monaco,ppo,seen_Uniform,51002,61002,0854a69a8f9dca285ca5aef2a31e89f23bcb8fdf9c3c18fd161bc7932d978e61
monaco,ppo,seen_Uniform,51003,61003,4dd112c5236a981e6abd39b87fad5366a63fd8fcb6ac1424e5e08793ab91809b
monaco,ppo,seen_Uniform,51004,61004,67187d9e225ee6e4722b7500ebd674b983969ccfea6499a07cf1faa0d77d89c6
monaco,ppo,seen_Uniform,51005,61005,5f334202cfa3f9cb05ecf8f654e8c295d4d0104729720bb6986af5a2b1c0db72
monaco,ppo,seen_Uniform,51006,61006,a98989ddde4e6a1bac70cd06d55fa79158ebae7a62aa70138d36b3b1a9365c6c
monaco,ppo,seen_Uniform,51007,61007,792e01609c9a3a6293066f0c721f7fbb7d7b37af8d44f9853493dd23727cf60b
monaco,ppo,seen_Uniform,51008,61008,29470a7fabd468a2516ed269117e1efc3bfb38bef79a19abc869beb723d82740
monaco,ppo,seen_Uniform,51009,61009,d8a55dc38362a9682e400cf1257e8d9b050448fff5c171a3b6a633a54031fe47
monaco,ppo,seen_Uniform,51010,61010,c145e4170a4c4599da4bdde3856300d3494ad1fca5b6fa6c2cff46387f2c55a5
monaco,ppo,seen_W_to_E,51001,61001,229031ef64f620f1fed7ffbeec6f145d6401a39f417f93677ad49ce7f7caa06e
monaco,ppo,seen_W_to_E,51002,61002,4d3f86d9156a912394e5b5d05fdd0fc7aef8edf76899ecc1fb0da82895f91818
monaco,ppo,seen_W_to_E,51003,61003,15d54cbb394c09b6a56f046239cf8d24d4c39d9d026dcc9d74f3e0854699e2b6
monaco,ppo,seen_W_to_E,51004,61004,8c0b56a3fac01880428515cbfd8c670f8ad2dc2918f2e0253ad69d1b515ba0a4
monaco,ppo,seen_W_to_E,51005,61005,3d5893a082e22600fb184f92e50064214333c8b7166c0548ab44c237603f1ca9
monaco,ppo,seen_W_to_E,51006,61006,0aeec3c8a3285fcadccbcce32e6f9d8450530716e7016034af9907ae3901fbfe
monaco,ppo,seen_W_to_E,51007,61007,84108022421996e4cc3233753f68a960f119ca76ce0f312f99cf304d461bd28b
monaco,ppo,seen_W_to_E,51008,61008,374c86768159842a80fcccf47644eec11a2e14075866bc831b1ec821cae91e08
monaco,ppo,seen_W_to_E,51009,61009,6ac94b067225be6cac7da085cb3e7d99a835a9b0fc1813b703b939a2a06a7389
monaco,ppo,seen_W_to_E,51010,61010,0fffe5622e776c63c2fe505f03884a8d69d9b751140d621949708223d0d80600
monaco,ppo,switch_1200,51001,61001,653447db3beed541b525d678c8d7867dd7a5eef4e75891c231975555916ea5e4
monaco,ppo,switch_1200,51002,61002,52cd1296529bdd31768de4ec480d1d809911c24abd2191b7b9bc87cd514d4688
monaco,ppo,switch_1200,51003,61003,904a3b9a4bd14227dc6502e0581fc497599a7f065c345fc4f480ff3243cf1dd1
monaco,ppo,switch_1200,51004,61004,88059b9deecacf77b524bb319e3315ca48fea290d5467016dcebded76d28653f
monaco,ppo,switch_1200,51005,61005,f18264d66add314ffbcc85220e2454314d91af78928a8933819efa35cfeb4a8a
monaco,ppo,switch_1200,51006,61006,14945633ff621c4a0171a83424b89ffe0194aa2f6abc6f5a34b10c327cf1f2b8
monaco,ppo,switch_1200,51007,61007,5f7d5b83ec769db7af4efc90b551e39ce2228b2d0078ea8f6dbea5e6420051be
monaco,ppo,switch_1200,51008,61008,d26f4dfc0e379b87bed0dd7396e78e906e848e838d0d69ab26be078b8627af0a
monaco,ppo,switch_1200,51009,61009,bea31f8bbade8d9f437a6440f5bcb5fce5b9758db0d88c837e90c1dd8c58e8fd
monaco,ppo,switch_1200,51010,61010,f95fc96ee4d6928ab01a93c00941b07b5d5a14ab80abc371a03e3376fbd82987
monaco,ppo,switch_300,51001,61001,e76b64786c303948d0d06984e197e83be196bfea3d0f29d7febcc678846a9275
monaco,ppo,switch_300,51002,61002,187f9d784cf5f381b7c426ed11f2d838a607ddfbb41a0c5b7b2700378ba76fde
monaco,ppo,switch_300,51003,61003,5700bea69154c1ac199a5d27e3246bc7dc50671e7730c621d58f6c3d1d1b5c33
monaco,ppo,switch_300,51004,61004,4930bb16863acb5014f28885436216a8ba6c4aa906193b34fd1295d44f3da88a
monaco,ppo,switch_300,51005,61005,cf1c83c96da2e967581704996cc6ea691b0c7303deaf12fc66c6db7e731ba388
monaco,ppo,switch_300,51006,61006,a38b3918bdb59406c75046e890067cd76f0d7a74fe50d3c12226065dea74eeca
monaco,ppo,switch_300,51007,61007,7f5832438f75ef309713cfb4c8058d72f83aa8fb8cec7ebb62a31172c09b4065
monaco,ppo,switch_300,51008,61008,479f684e63d20e0b404dcb3b683ce2772ccb9ae082042cc2f6e5cecb9814586c
monaco,ppo,switch_300,51009,61009,98ecd56a170e48780ee9c99a78891e4350d764daffe23f05bc1c367c74eac189
monaco,ppo,switch_300,51010,61010,7f83c90564f4db94ec252128248a6db2a5dc53bc6aa873f2c34d16d53f8df32f
monaco,ppo,switch_900,51001,61001,7c37573bd81dec4c0b096e8c2ba6b8651f68c64958909ebe756fe8eb874d6459
monaco,ppo,switch_900,51002,61002,53f1fa4c80ed29278bc421a180b3899249569f5195cbaad98199d834ecf9a7a6
monaco,ppo,switch_900,51003,61003,4d795bfa5062cf4cdf244bd8737af881a5daa5982a04bf8a72127c4d485453ec
monaco,ppo,switch_900,51004,61004,4486caef38000cf2810bc40aca41506e8d1df1b107c304287a730f072fc35d22
monaco,ppo,switch_900,51005,61005,2eabe984dd78987a78f62a5645c0703188f1ae3d10713cb3a32eab997c77df86
monaco,ppo,switch_900,51006,61006,44659ad5b0ae5755ee73e179f56d952c1351770f546b82a2a1437485ba07d517
monaco,ppo,switch_900,51007,61007,2dbb8a802d47544161256f814aeb7b7f7e0c0c2fef97e4edc7b7e700d0f1f934
monaco,ppo,switch_900,51008,61008,132238eb23d4a8ebd2369f889fb9ba980edc40aa8d5e0bc0a2abe77eeba8f674
monaco,ppo,switch_900,51009,61009,89eca69da924a3d0068e43f67a2264902509f7ac8e16b3293818293b5ce42d5a
monaco,ppo,switch_900,51010,61010,dcbb5953111ae70d3e87def540fe929594a43e235af99b7a732754e272fbfda5
