path,bytes,sha256
.codex,0,e3b0c44298fc1c149afbf4c8996fb92427ae41e4649b934ca495991b7852b855
.ipynb_checkpoints/result_plot-checkpoint.ipynb,21418,41a3b793c70de5870eecb51f314b4c545463aa93b2d66243f8d6c477b0ec41b8
docs/history/README.md,224,025cb908cc3597520c5c17182b6173220a1864af61f0f53f4103c6172ceaa9b9
docs/history/checksums.sha256,1906,d13d52169dd2d6fc4d9b763c1cc1f272dfc9c75227ed0e28745f82e5b87efc77
docs/history/integration_pilot_source.sha256,788,8582c3d8be147013fb2dceee8dbf3c1ce9ba67067d916f8514542e2b8e4579aa
docs/history/integration_pilot_source/experiments/checkpoint.py.txt,2513,4a8fd44f887645f9125d1046487377aa404aa4ffbbf853a82d12e85f5b6a54d4
docs/history/integration_pilot_source/experiments/cli.py.txt,6540,14ebabc2398a08eb0bae47a6ed648a7b44ecf12cfe6cbf5e88b52d1412c94513
docs/history/integration_pilot_source/experiments/dashboard.py.txt,15551,f5710fddb52de9ca7a5299217f86e1533f1daf93a9892dd62bc737c0ba69548b
docs/history/integration_pilot_source/experiments/reporting.py.txt,15336,c26dc335ffea72feffa6e7949c5531ddbc6eb1108abfc08306bedb84f62967a1
docs/history/integration_pilot_source/experiments/runner.py.txt,18558,ae4f4fe39e30d091d3f649bd9c69be03fc35b0d5dbd0ba659840b4a003b75257
docs/history/integration_pilot_source/tests/test_workflow.py.txt,3749,2de6a44df81f0b8853b59255693f2b27556ec6b624b9a639e839173163901226
docs/history/pre_integration/README.md.txt,5774,2fe6f95504a05ae56bbd721bc635983d51af1827bfe689b43c7f5e9686126af6
docs/history/pre_integration/main.py.txt,12528,517ba97991663b0ccf4c7e10dea535676503c782de1dadce80a7f25e438bebc4
docs/history/pre_integration/reviewer_revision_plan.md.txt,30824,cc406f0107aa427a4cdd6c1b57785da609db71c80f7c54f24b3e4ec31b2631dc
docs/history/pre_integration/reviewer_revision_plan_zh.md.txt,28832,82c335fe57e01002c64ece3da44d717b58f722cca56d1ec6c3cc762541c4df19
docs/history/pre_integration/revision/IMPLEMENTATION.md.txt,8491,209b3827122f2a78080319ce852c3106fcd015fe0b4ae3e5d560c0cf8ae54f79
docs/history/pre_integration/revision/README.md.txt,10493,625a3bce97abefd971a45dd6373bbb1b7ee3ff26d83664af8b3f2783efa99889
docs/history/pre_integration/revision/__init__.py.txt,76,ef4daf5a396d4244c89d4e688a0fde1d476dd4571507c44deceecf2446b81be6
docs/history/pre_integration/revision/checkpoint.py.txt,2510,2ea64181195db754a5dfe3369b2ec8e8da148d1a37928517200db5c703e61e6a
docs/history/pre_integration/revision/core.py.txt,6436,5e57d0ada042be60c00dd1f2c2617957c9d8745c32c0bbe2c6237f42a23f2112
docs/history/pre_integration/revision/demand.py.txt,3619,c2a2b23f3e80f09a548909e90b905922dab6816dba339da67898142b4150d33f
docs/history/pre_integration/revision/environment.py.txt,10429,0857840ae8f8d702d9ac0c43bcc8e281a588adfcec55a7f7de3e94c8060437c9
docs/history/pre_integration/revision/learning.py.txt,14317,4ffd44d1219c2fce67e6c9142eb3a9cbe28ae3a5f8aa5b3713acb75a37cdc552
docs/history/pre_integration/revision/recurrent.py.txt,2912,5e6f8bf312bff1eca7ea54a24ce8099e52388b2779d563df42fe4939e8994d15
docs/history/pre_integration/revision/runner.py.txt,16630,d2259d0a83242019f36c001f5c13cff0b8478f6a1613d8f1fbff92e232ea21c3
docs/history/pre_integration/revision/tests.py.txt,13277,38149fd33b69914e6c192dc6bb6066cc424e214cf088eee53bf1ece112b1e0c6
docs/history/pre_integration/revision/verify.py.txt,11035,9137dcd12904af58f5558fb303eae58cb823eb41a174d857c4990eecbe3fd020
docs/history/reviewer_guides_20260915T085603Z/checksums.sha256,279,e78711dac2e0fcc9a6a82294256f3ee9d3b2e079453c60378615632bfe1a418d
docs/history/reviewer_guides_20260915T085603Z/reviewer_revision_plan.md,31138,b7a36e968498365e1f479f45aa812a90d9ee0c39bb461e30c7983538ab0eadcc
docs/history/reviewer_guides_20260915T085603Z/reviewer_revision_plan_zh.md,29118,863a86775b9ce53afd973b4fd495b00a01db395d42297698450444a807615337
docs/history/traffic_generation_20260915T093732Z/README.md,9717,e764d9208f612bc15facbe7c19246cfbb06377c48c8ad2c14269ad0a896d3dfd
docs/history/traffic_generation_20260915T093732Z/README_zh.md,8971,91cafa3068cbcabc9a677ef3e4d3288a798cd135382be59a869bf295aa33c78d
docs/history/traffic_generation_20260915T093732Z/checksums.sha256,1794,2ddab01fb4f36697c5b5bd40703ea1e8f78ad4b6d8481c644b68d82ab8ffb4cb
docs/history/traffic_generation_20260915T093732Z/data_traffic/revised/test/README.md,362,217eccb3271a9abdb5b256cc83120faf5bbf2749614f7e22ac30dd48c177c9f1
docs/history/traffic_generation_20260915T093732Z/data_traffic/revised/train/README.md,365,422c4c5f4de01cce839f3295227cdde3cabb613368fe6a8f3db1239706fd8fe0
docs/history/traffic_generation_20260915T093732Z/data_traffic/revised/validation/README.md,380,b1562bf81d15855c7962a82dd92e71ce9bc070ab246c18842332cc1f3f812bea
docs/history/traffic_generation_20260915T093732Z/docs/site/README.md,1968,48e02ea98049bc476009ed90d2d6792cb93f0415bf692e2019cb971dbbb2206e
docs/history/traffic_generation_20260915T093732Z/docs/site/dist/assets/workspace.js,37078,aed7a5277c562f093ae86456b583adde2e0361eda812312616e3c40e05ea73ea
docs/history/traffic_generation_20260915T093732Z/real_net_subnet/demand_groups/revised/test/README.md,362,217eccb3271a9abdb5b256cc83120faf5bbf2749614f7e22ac30dd48c177c9f1
docs/history/traffic_generation_20260915T093732Z/real_net_subnet/demand_groups/revised/train/README.md,365,422c4c5f4de01cce839f3295227cdde3cabb613368fe6a8f3db1239706fd8fe0
docs/history/traffic_generation_20260915T093732Z/real_net_subnet/demand_groups/revised/validation/README.md,380,b1562bf81d15855c7962a82dd92e71ce9bc070ab246c18842332cc1f3f812bea
docs/history/traffic_generation_20260915T093732Z/reviewer_revision_plan.md,79296,a96ae6e5dec4edd9c69594df82d1b377b26a313e35c27ce9c90675f86f7cf691
docs/history/traffic_generation_20260915T093732Z/reviewer_revision_plan_zh.md,74753,1c26ad8f7a735f34de9d94f7db639b6788c2dfddc189637c32943f4885340651
docs/history/visual_pilot_commands_20260915T100036Z/README.md,10176,bfa861f093664998b5e4210053f2e135d506c7f3231e1de636bf80f3de9da057
docs/history/visual_pilot_commands_20260915T100036Z/README_zh.md,9379,d3925d02bfa6d793937e6eb9bbcd43985a6c5cf1dbcc20c42b85e7d7c5e047f9
docs/history/visual_pilot_commands_20260915T100036Z/checksums.sha256,1118,d1073226375bf65e7d6cc82e6908de9323536ffa8354ed82c331fc0f7ad13a03
docs/history/visual_pilot_commands_20260915T100036Z/docs/VISUALIZATION.md,8001,a1d232a07771a15bba9d2103aac2260d601ae19fbffc4370826d4d5753a2f13d
docs/history/visual_pilot_commands_20260915T100036Z/docs/site/README.md,2754,ef957c6dbf67243003c463e4a58eed4e505b6a38744ff08b1a4ab61c48f614c3
docs/history/visual_pilot_commands_20260915T100036Z/docs/site/dist/assets/workspace.js,44938,db84c154e6d1c96eaeeae4f6d80b988f3ccda219632892815b55e7ea80bec287
docs/history/visual_pilot_commands_20260915T100036Z/reviewer_revision_plan.md,88049,0a4de10dd5ba85fc092bdab092fd254dfdc79a01805cdbb0342cbf8204013462
docs/history/visual_pilot_commands_20260915T100036Z/reviewer_revision_plan_zh.md,82884,99b66f933d41c3538f958f943f06240ed0d101e22f042645c792e7320c0ce167
docs/history/visual_pilot_commands_20260915T100036Z/revision/README.md,11179,bda3019b437e03400c0f61c23735cbb84fc696ff334fea448663848d1b1835b6
docs/history/visualization_20260915T092606Z/README.md,8525,5df86a17f2e26c8f9e2c59520d9464b3f8c906e3fd7258caf2575ea8d920b08a
docs/history/visualization_20260915T092606Z/README_zh.md,7852,8fd2641223260a2fbb82d621bfc25048f478afbd19dc888da004cb5a2dddec10
docs/history/visualization_20260915T092606Z/checksums.sha256,1720,ebd50fa5a614da004a89a245f7746bb24141ae0601524db12dea70b99f1ab2c4
docs/history/visualization_20260915T092606Z/docs/INTEGRATION_REPORT.md,8115,2e9f8049dcd21d70c6ec4ef9042a522c191eca7d319e3a3a79267c9b7e50fea1
docs/history/visualization_20260915T092606Z/docs/site/README.md,962,3b1e4b6c30f8f0adead2c662ea2bd23d15ba5fec088918464f36a0603751d367
docs/history/visualization_20260915T092606Z/docs/site/dist/assets/workspace.js,36139,0de6582d0303f52feed6340a341ace4ba7c41a7944784035c4c8c3f3291f283c
docs/history/visualization_20260915T092606Z/envs/experiment_env.py,10455,0a5541def15d8ab2b0f69ecdb88ceb3692d0ad55c12e9da4235768d488ea0ae5
docs/history/visualization_20260915T092606Z/experiments/cli.py,6804,c959ae41a3482c5d84dcc93df57399894d010d8844c30fe1a7bf062bd584951c
docs/history/visualization_20260915T092606Z/experiments/dashboard.py,15777,98c4dd953ebfd6242f1ed3edc56c5f17909758df809ec5499ed64dd8646ab032
docs/history/visualization_20260915T092606Z/experiments/runner.py,18780,f2b0b0f573a422567f587e86a43a01407295bc12d9792427bd6082dc7973ed7e
docs/history/visualization_20260915T092606Z/experiments/verify.py,11539,a121bc79bf6bbe305fa6dc8ba094d96b6f27ef201d928c24d91ae345854d22b2
docs/history/visualization_20260915T092606Z/reviewer_revision_plan.md,75706,5d0867f8ccc7d0c9ef01da40612fba4a4201376d1f5907c11e26973d595b5afe
docs/history/visualization_20260915T092606Z/reviewer_revision_plan_zh.md,71349,7fb166cd97424e93294f08d10498ac2d56415340d7d7cfb41a049fce4628afac
docs/history/visualization_20260915T092606Z/revision/README.md,10738,9f234a7fec077d9fe4558f735c62e927c7e2daf9dbcbaf040dee38554bb4c3ef
output_adversary/checkpoint,265,613e0ed8a5ed3fd997d768c505ddffc2bfe3f06e13c9b0905217e73c527fcab2
output_adversary/checkpoint-450.data-00000-of-00001,385436,a5b3367596fd8dc2896c2a6d020a4cdf8f79b80583b07b6541038b22038e879e
output_adversary/checkpoint-450.index,480,517c3159cc214a9a2912950aa18dc0ca6362e7d0e4bd9618d995ff0de3b6a6ee
output_adversary/checkpoint-460.data-00000-of-00001,385436,01186517bba581ef2ebef528f872aee41b2ec9e9b627c683451ae89a2c9cd334
output_adversary/checkpoint-460.index,480,c7384d2b77f46cb550028467d44430a17d8da28f02acfc444935b187528207d3
output_adversary/checkpoint-470.data-00000-of-00001,385436,8a1dd10d540f1110b44c96cbe48cd5ec05bf11d6296ef616e65de97c1033cf6d
output_adversary/checkpoint-470.index,480,e84d7051fa5927ae5cd8510310dd5ef60e8def3042c44ba1af96c1d73c587eff
output_adversary/checkpoint-480.data-00000-of-00001,385436,efd6781a8a841203f431ff61d77e59e623185767aadb5d9788a2d90205f34a4f
output_adversary/checkpoint-480.index,480,4c540eb1997cef90488bb5e5dfde76a705c1528bf7000ce850a06f1f26c44702
output_adversary/checkpoint-490.data-00000-of-00001,385436,c53abfbe3335b02fa754e3a80f435933917eaf2526e974a0b3308dc17adfa38d
output_adversary/checkpoint-490.index,480,bac00e8b65ee6ab9788403651cbaaed678f1edf157c67e587b72397a1ec3c9b7
output_adversary/ia2c_large/manual_signal_stacks.log,0,e3b0c44298fc1c149afbf4c8996fb92427ae41e4649b934ca495991b7852b855
output_adversary/ia2c_large/model/checkpoint,745,9937207897cfd6ad3a8c34bda8dab5036b733dcbc71ed4bf32d1c9eb4d05f39b
output_adversary/ia2c_large/model/checkpoint-10.data-00000-of-00001,389596,b49a0d2f81b831ee5de4470964f996bff308f9c313dcf7ef7f5dd04f04c4a552
output_adversary/ia2c_large/model/checkpoint-10.index,480,4bfe5b9f3f813857971ed72697bf6ca45d6dabdaaa2a930c94a8e657435692f1
output_adversary/ia2c_large/model/checkpoint-20.data-00000-of-00001,389596,c6191861427849d6456fcae4e77f4be9f9e8e9c465b23e5c60d9e18d8b94bff0
output_adversary/ia2c_large/model/checkpoint-20.index,480,37fa94a701b178fd8786614805ab0010367fe8c5a4eb40ec20c8f89730beb8f1
output_adversary/ia2c_large/model/checkpoint-30.data-00000-of-00001,389596,51f0c65eac27fe40fa554afcba96fac65fbe9b8b065af1b9cf41d428b213f637
output_adversary/ia2c_large/model/checkpoint-30.index,480,910529dde3cbe2d5c37f65258702a77456dfeb7f75cef39122a03de4f0f02392
output_adversary/ia2c_large/model/checkpoint-40.data-00000-of-00001,389596,03223a6c029ab0ddd851b61aabd4bb07bcedc6906e37ed7a6f0b6384d2f72c75
output_adversary/ia2c_large/model/checkpoint-40.index,480,0fbee706ec34d82c14d5deec5ed702ea91b8da69023a14d703bbc27f95d0e8c0
output_adversary/ia2c_large/model/checkpoint-479.data-00000-of-00001,389596,ba49292ca44fa1f2a4dd1476b6a1ff38ad59d6ebcb5a7e93234a05cd9f95da4c
output_adversary/ia2c_large/model/checkpoint-479.index,480,ed93848065b732d6f64235f11db4228874514fd5bf977b03d23b8972d7ad329a
output_adversary/ia2c_large/model/checkpoint-484.data-00000-of-00001,389596,60ee06bec86f1212b4d31407d9e823da63c2578f9de46a488b01c95623240263
output_adversary/ia2c_large/model/checkpoint-484.index,480,59df1ce2c3275f597124810fa44183b52ca29d1f56770615f62b1b830debe83f
output_adversary/ia2c_large/model/checkpoint-489.data-00000-of-00001,389596,f805b5dbcb13d0895ca6af290750711d1bff123ac877493254811c0ea72afd15
output_adversary/ia2c_large/model/checkpoint-489.index,480,465e907c25cd7583c5d52c8dd20dda9cefed4df1d83edb75e043f9ffe9842c22
output_adversary/ia2c_large/model/checkpoint-494.data-00000-of-00001,389596,668a9a26da95951335b8abd6ec1ac3fba2d931d4233a559a0e942eced40b7506
output_adversary/ia2c_large/model/checkpoint-494.index,480,79a32bdc2ea91153e4a3ccc7a8aed96ebcda95b93ca347b92b045e6aed291dcc
output_adversary/ia2c_large/model/checkpoint-499.data-00000-of-00001,389596,b23e66246b0ff3c98d54cc766f3ab49dbef69fda24847a488a6231a4f6c1a541
output_adversary/ia2c_large/model/checkpoint-499.index,480,8b84c36765b49133cd867da25141ea12aa77185e053dc97ab509e58512cb86c9
output_adversary/ia2c_large/model/checkpoint-5.data-00000-of-00001,389596,1003566798fd10f038152610fb2b23fb3a3bff13da8889bd2fb9d9305e26f3df
output_adversary/ia2c_large/model/checkpoint-5.index,480,237032b449db5c4a5b5e786ae81204258f63453d899c2370e030b9b2c08c5eda
output_adversary/ia2c_large/model/checkpoint_meta.json,48,48e81c389de03ecd0bff9bad71ea28479a5a56f5ef963899077217afe18133d0
output_adversary/ia2c_large/sumo_port_8000.log,54,864efab5f3a03d4a44c31979de82c951b6278965e0383fe0c4aa6fe3b93c9c11
output_adversary/ia2c_large/train.log,49099,d29c75b5ea2edf0d756d9a659a3e2c1bfc5d7a972c048ca707e816962df88f97
output_adversary/ia2c_largecheckpoint-10.data-00000-of-00001,389596,b49a0d2f81b831ee5de4470964f996bff308f9c313dcf7ef7f5dd04f04c4a552
output_adversary/ia2c_largecheckpoint-10.index,480,4bfe5b9f3f813857971ed72697bf6ca45d6dabdaaa2a930c94a8e657435692f1
output_adversary/ia2c_largecheckpoint-20.data-00000-of-00001,389596,c6191861427849d6456fcae4e77f4be9f9e8e9c465b23e5c60d9e18d8b94bff0
output_adversary/ia2c_largecheckpoint-20.index,480,37fa94a701b178fd8786614805ab0010367fe8c5a4eb40ec20c8f89730beb8f1
output_adversary/ia2c_largecheckpoint-30.data-00000-of-00001,389596,51f0c65eac27fe40fa554afcba96fac65fbe9b8b065af1b9cf41d428b213f637
output_adversary/ia2c_largecheckpoint-30.index,480,910529dde3cbe2d5c37f65258702a77456dfeb7f75cef39122a03de4f0f02392
output_adversary/ia2c_largecheckpoint-40.data-00000-of-00001,389596,03223a6c029ab0ddd851b61aabd4bb07bcedc6906e37ed7a6f0b6384d2f72c75
output_adversary/ia2c_largecheckpoint-40.index,480,0fbee706ec34d82c14d5deec5ed702ea91b8da69023a14d703bbc27f95d0e8c0
output_adversary/iqll_large/manual_signal_stacks.log,0,e3b0c44298fc1c149afbf4c8996fb92427ae41e4649b934ca495991b7852b855
output_adversary/iqll_large/model/checkpoint,745,f9534af8aae3239a9f93ee4254eefdaad18ef20141699eb5385e493e51ece2fb
output_adversary/iqll_large/model/checkpoint-0.data-00000-of-00001,389596,a79a9017e714d60588fa690141c7be29bb6680ae20ba9703e94ec3702d8512e3
output_adversary/iqll_large/model/checkpoint-0.index,480,5cd3db725d59c748e6c603f42c1aae5d5a5cab773f67a92d5fbda8877f6e64eb
output_adversary/iqll_large/model/checkpoint-280.data-00000-of-00001,389596,5c61d4ebc7c0d89555e77d3d48381f283920374ded88243c2cb02b502eb1dc79
output_adversary/iqll_large/model/checkpoint-280.index,480,c50dc59dee13b2ef7b49b4e8d25085a1e9561583727f18d15814ad6653d99c83
output_adversary/iqll_large/model/checkpoint-479.data-00000-of-00001,389596,667174502aae626189ac561b209305024e19a17cbd652eb81a00f44ed7be1f10
output_adversary/iqll_large/model/checkpoint-479.index,480,ef86dabf995ea1a8994786c9a4dc78fb3e6d5c0defd45ebd271180a421e77c36
output_adversary/iqll_large/model/checkpoint-484.data-00000-of-00001,389596,c9bff8e61c3e0e34fb10d2296c564f27adec9d9ab1b1b5169b33af55ffc8655b
output_adversary/iqll_large/model/checkpoint-484.index,480,14b975f64fce87e7fc66ea195f4a1d7e76dc9591024bb42d25029694f54d4dbe
output_adversary/iqll_large/model/checkpoint-489.data-00000-of-00001,389596,cc2c7b09fbf116d3d992408d2a06d0aad67f92f524a809b198f956fb2f9fedad
output_adversary/iqll_large/model/checkpoint-489.index,480,a96f146a30296aae2b5472d318f304303635e95dc26fb7bb654973016bada9d0
output_adversary/iqll_large/model/checkpoint-494.data-00000-of-00001,389596,65e9f49a9abcfedddd1c145bf3501c8dac1cfdd7f4dc8abc31146698afa28c1a
output_adversary/iqll_large/model/checkpoint-494.index,480,9592858d9e03b50af03cd83e5b5528f500edfa47687416e6eac4949d48549248
output_adversary/iqll_large/model/checkpoint-499.data-00000-of-00001,389596,33be20054437b4a9d41e0f072ed2027214742a841ddaf2a79aae942198050fef
output_adversary/iqll_large/model/checkpoint-499.index,480,553f37519765813207ec1d104fd0a7931d9978df2b4d886f4629f68676bf4272
output_adversary/iqll_large/model/checkpoint_meta.json,48,48e81c389de03ecd0bff9bad71ea28479a5a56f5ef963899077217afe18133d0
output_adversary/iqll_large/sumo_port_8000.log,27437,6f6817995f78173c736321a000bb0b653023e72dd83cc0f7e4412e3ecc54db05
output_adversary/iqll_large/train.log,104965,d1e7fb5465276a1356a17b5edac8aac6c779602b07135cebaac0184b725a8b21
output_adversary/ma2c_large/manual_signal_stacks.log,0,e3b0c44298fc1c149afbf4c8996fb92427ae41e4649b934ca495991b7852b855
output_adversary/ma2c_large/model/checkpoint,745,2dca3076f7bc118bd1d3ba28394ceb9c5463e7ed15cee38629cf146c78a024b7
output_adversary/ma2c_large/model/checkpoint-479.data-00000-of-00001,389596,7bdc23d9d4a32903fdc329e5d2e10b538cf5d6dcf89b91fd38879ee86f59bada
output_adversary/ma2c_large/model/checkpoint-479.index,480,a9202ecade47f5ca205ae2523d33b13330d2b4260a19733ea8d31f43302367cc
output_adversary/ma2c_large/model/checkpoint-484.data-00000-of-00001,389596,49fd2dfadb58eef2d46f11214447f08888288eee360fc337842de176403e7a16
output_adversary/ma2c_large/model/checkpoint-484.index,480,45f446bbc6119518707192f934dfde5156b40a64f25403853ab1d26ecb8c57a5
output_adversary/ma2c_large/model/checkpoint-489.data-00000-of-00001,389596,4b12248a8380c932889acbdeb0dedfb16292bc593c0ca4a81285769a120ecdc0
output_adversary/ma2c_large/model/checkpoint-489.index,480,6ee644fd4c40c5b1f7bb6b11d73a74b09dcba700829c2c7848a6a4b5f0370c36
output_adversary/ma2c_large/model/checkpoint-494.data-00000-of-00001,389596,e8b229dcc4d7f2226612cfdc725dffc7abc4661a1768d34b69a11794007df204
output_adversary/ma2c_large/model/checkpoint-494.index,480,66be11dbfdf89311d8ec7d481d0aa438bdd257bbb36667b301a02ca5379b0278
output_adversary/ma2c_large/model/checkpoint-499.data-00000-of-00001,389596,1711f7742ba452e69eda6a67cb390d3f696d3231df56b10fc525479cb75e972f
output_adversary/ma2c_large/model/checkpoint-499.index,480,840d24c7ebdae8d3c29f0e6994a6b30bb88d6a20a69789cea868fa8a70efa666
output_adversary/ma2c_large/model/checkpoint_meta.json,48,48e81c389de03ecd0bff9bad71ea28479a5a56f5ef963899077217afe18133d0
output_adversary/ma2c_large/sumo_port_8000.log,0,e3b0c44298fc1c149afbf4c8996fb92427ae41e4649b934ca495991b7852b855
output_adversary/ma2c_large/train.log,100038,5d8af1488cb6031d2777d6b8adf282a4cbbdbf7f48554420e43458ea696ad051
output_adversary/ppo_large/manual_signal_stacks.log,0,e3b0c44298fc1c149afbf4c8996fb92427ae41e4649b934ca495991b7852b855
output_adversary/ppo_large/model/checkpoint,739,2799ca40ece952ee4f1fdaa2256e2cc734332e77af413bf92835241d539a9564
output_adversary/ppo_large/model/checkpoint-479.data-00000-of-00001,389596,c466b5aec4c9da6a52802f763f06a5d3561fc46de2cd8cc80412e826ed03af6f
output_adversary/ppo_large/model/checkpoint-479.index,480,e92aa95789cedb452e3251eead9395b1d77308eb8172772b6decf0e10c9289a7
output_adversary/ppo_large/model/checkpoint-484.data-00000-of-00001,389596,08669198562048a2ad13114fd929199e8aec7f62d6e90eb0a91eeeb6d69931c4
output_adversary/ppo_large/model/checkpoint-484.index,480,b15eb2adef02fa99454b8bbb63b9b7cef50f9a3d255f7ff6976ba9fc72bd250a
output_adversary/ppo_large/model/checkpoint-489.data-00000-of-00001,389596,ef1031bce2901e6b4b8337f7d758a0cf0fe3493ea0676a6b5eafa5ac6d97b23a
output_adversary/ppo_large/model/checkpoint-489.index,480,6411f325d745942894ea05f68394bf98cef08a7b26ca91e9a732e79b6d876383
output_adversary/ppo_large/model/checkpoint-494.data-00000-of-00001,389596,5a9f86226d714d86f680e29f40fb9ca78d44af9aa712a5f023cc52e5757b08b7
output_adversary/ppo_large/model/checkpoint-494.index,480,1dabae1d2e2f843fad1f8a718232ea87b457605bb364d414623f353241e4bdb3
output_adversary/ppo_large/model/checkpoint-499.data-00000-of-00001,389596,5bf586933f71f9f1cf288df16ddcfa93334fdfa1364940fa8ea69ebe3d4a219e
output_adversary/ppo_large/model/checkpoint-499.index,480,241f2aa9405ce315563b094b2cfce179d26ce29c70f4eeacc4c1f6873130548d
output_adversary/ppo_large/model/checkpoint_meta.json,48,48e81c389de03ecd0bff9bad71ea28479a5a56f5ef963899077217afe18133d0
output_adversary/ppo_large/sumo_port_8000.log,0,e3b0c44298fc1c149afbf4c8996fb92427ae41e4649b934ca495991b7852b855
output_adversary/ppo_large/train.log,49157,6ad64c0a59833698ab8018d7cccc36132465e2d1de652704241ebd0333207147
output_adversary/train.log,58455,b8f8f57fd7febd21c25c2d7f65b2da2b4773a103188dcd272bf98fefc5ebdf34
output_adversary_monaco/_shape_probe/sumo_port_8000.log,0,e3b0c44298fc1c149afbf4c8996fb92427ae41e4649b934ca495991b7852b855
output_adversary_monaco/ia2c_real_fresh/manual_signal_stacks.log,0,e3b0c44298fc1c149afbf4c8996fb92427ae41e4649b934ca495991b7852b855
output_adversary_monaco/ia2c_real_fresh/model/checkpoint,817,f137c6526d76c2941e6453699b5713f7f6d4c639ea7ee4063d7ae3d3a5c79006
output_adversary_monaco/ia2c_real_fresh/model/checkpoint-29.data-00000-of-00001,64604,816d771dde682c40a0fc9ef3c483f8fd5c081964df9addc1d9d31879f615b730
output_adversary_monaco/ia2c_real_fresh/model/checkpoint-29.index,398,046b8a97eb9aedbb6eefae27e6b0f1a2ad4a50a439b6d01132c00290f2c99546
output_adversary_monaco/ia2c_real_fresh/model/checkpoint-39.data-00000-of-00001,64604,50aec050c750f21f9a53242f4123344bb4124fd05e352e69596abaa9230bbb69
output_adversary_monaco/ia2c_real_fresh/model/checkpoint-39.index,398,82afcd5b73b3694dabf04c8186f59f0ba0574a7a92db95a1688e1a41c4ca3ef9
output_adversary_monaco/ia2c_real_fresh/model/checkpoint-459.data-00000-of-00001,64604,53a7bdf9561c072eeab91c297c51e7e22b62ec54d417db4c685e9214fef856ee
output_adversary_monaco/ia2c_real_fresh/model/checkpoint-459.index,398,e9c3ec525497e753401de121f5ed2e8283f92b04be443818bad5108e6b0a06dd
output_adversary_monaco/ia2c_real_fresh/model/checkpoint-469.data-00000-of-00001,64604,e1bac1da00b4a044498f839958cbeb99f8c7b366a090e2a5f3d3d2222c6e3d8b
output_adversary_monaco/ia2c_real_fresh/model/checkpoint-469.index,398,cb5297d248667db8e69a41583d6d77c5c60c88b3e2ae07f5833b08c70e24625d
output_adversary_monaco/ia2c_real_fresh/model/checkpoint-479.data-00000-of-00001,64604,2a501022071f0766ca80a8696da79475d00d085d2961b899ae1aef307dcb985c
output_adversary_monaco/ia2c_real_fresh/model/checkpoint-479.index,398,977584a767ef6fbcdf9519f9d3eb5bcb00d591b806d14cb517af68337620afc7
output_adversary_monaco/ia2c_real_fresh/model/checkpoint-489.data-00000-of-00001,64604,68c009cdbd6f95d300efa1d73928663e8bff250e88618dbd7c9afca1cc96e560
output_adversary_monaco/ia2c_real_fresh/model/checkpoint-489.index,398,7f07b5ff9d98065391ed90c24e4c6cb7ec611ec49aee1db5d0b5eb88fb056b8b
output_adversary_monaco/ia2c_real_fresh/model/checkpoint-49.data-00000-of-00001,64604,0254f227e0bce1098593898ea70f8f41f33d5105f94a5c44f360631161baf224
output_adversary_monaco/ia2c_real_fresh/model/checkpoint-49.index,398,95b5206b53b8aeee361a9740c8fa1cb78ea275850c0d87c7526ad92b6e54123b
output_adversary_monaco/ia2c_real_fresh/model/checkpoint-499.data-00000-of-00001,64604,197e247a4822f5bd10118b36fa931b8f5069b671d4f18a0f32a6f14154cb0678
output_adversary_monaco/ia2c_real_fresh/model/checkpoint-499.index,398,49520540433c56d2c6e978131090b11ba58132c994b8c77a688664ac214fee0f
output_adversary_monaco/ia2c_real_fresh/model/checkpoint-59.data-00000-of-00001,64604,7b30be5e9540db60d571672605f0aa475a2e27941284463b01a51e6753754a99
output_adversary_monaco/ia2c_real_fresh/model/checkpoint-59.index,398,0422a6d71a2db268b585059f577149c9802fa05c830c97211364ec51a9ecea26
output_adversary_monaco/ia2c_real_fresh/model/checkpoint-69.data-00000-of-00001,64604,00478e369893146f7e3632f1e2ffc042e86b6f8ffd389405230bc1da72605225
output_adversary_monaco/ia2c_real_fresh/model/checkpoint-69.index,398,70cd4ab881756ff9e2dd066262438eee050a00d0b648fd96e8f0c9a78886e3af
output_adversary_monaco/ia2c_real_fresh/model/checkpoint_meta.json,48,48e81c389de03ecd0bff9bad71ea28479a5a56f5ef963899077217afe18133d0
output_adversary_monaco/ia2c_real_fresh/sumo_port_8000.log,54,864efab5f3a03d4a44c31979de82c951b6278965e0383fe0c4aa6fe3b93c9c11
output_adversary_monaco/ia2c_real_fresh/train.log,43506,9a96fd0a0fdb20fd51817e0f5c245972513599e2ce2ac417322aac82116f3b0f
output_adversary_monaco/iqll_real/model/checkpoint,775,b3d0ffd1fc0042e249ced0c02a7e69d2588ee32b75d255cf734bf4f826ec858f
output_adversary_monaco/iqll_real/model/checkpoint-459.data-00000-of-00001,64604,5fcd215d28095311bd88860fb75cc24d8ae9043f61049e4517ed4176eec0ed0e
output_adversary_monaco/iqll_real/model/checkpoint-459.index,398,2eac11fb93487a1903288462dad495929a195e5b0c422abfe217f3e573fd3198
output_adversary_monaco/iqll_real/model/checkpoint-469.data-00000-of-00001,64604,131a9ae37e40d9ef991f9d4eb52d5c07f5ffc320e800f7d33182ce23ea867e6b
output_adversary_monaco/iqll_real/model/checkpoint-469.index,398,e4c1ca360778df7294e3e569d819977ed4a579c75c83fe4a0176b979d5cda7e4
output_adversary_monaco/iqll_real/model/checkpoint-479.data-00000-of-00001,64604,bbdddecf3a1654eb312596cecd7d0419bafc13bb7c2b1b59f7225e608c3d53bf
output_adversary_monaco/iqll_real/model/checkpoint-479.index,398,a64c8ada10880cc883c218b94e3a3a56f8cf86ceb5f9c9059ac89107e65aaea0
output_adversary_monaco/iqll_real/model/checkpoint-489.data-00000-of-00001,64604,86f4a6362c0fda49ba3306fefb8bc596f3905df0d12229d2f0b10282c918d612
output_adversary_monaco/iqll_real/model/checkpoint-489.index,398,38bad586a7b0bab6acc4a94ccb09e175aae3a1b6c5d8856b1e838d169cb12a29
output_adversary_monaco/iqll_real/model/checkpoint-499.data-00000-of-00001,64604,71ea3051a0a89872c5d79429891f754ee016816ba7fe0726e2b6399f3c688723
output_adversary_monaco/iqll_real/model/checkpoint-499.index,398,c263b1c61d13ca9957aadbdeacadc6759d74eb3c8417e1ad37eb380a31ad1e1f
output_adversary_monaco/iqll_real/sumo_port_8000.log,0,e3b0c44298fc1c149afbf4c8996fb92427ae41e4649b934ca495991b7852b855
output_adversary_monaco/iqll_real/train.log,46019,443a4b1b7c7cbce72d3c6c0a026ac0e17f4ed3aa846738c0f437d399e25f54a0
output_adversary_monaco/ma2c_real_fresh/manual_signal_stacks.log,0,e3b0c44298fc1c149afbf4c8996fb92427ae41e4649b934ca495991b7852b855
output_adversary_monaco/ma2c_real_fresh/model/checkpoint,817,b95de7f5b623ab64fc002f48edbbe6a981beb2127d58def42a80ee32f2f554c6
output_adversary_monaco/ma2c_real_fresh/model/checkpoint-459.data-00000-of-00001,68700,f6e7e79288313779dfe78b3c8fa8d4c4065c27dbedf775ae37a75c85bce42608
output_adversary_monaco/ma2c_real_fresh/model/checkpoint-459.index,398,c85f39065b86b0013786b91560b010c12b574802c53121674f2a0966a0569eb6
output_adversary_monaco/ma2c_real_fresh/model/checkpoint-469.data-00000-of-00001,68700,0fa6946a86d4478b60ff5ccd39474d46349cbd5f29de390e65d3e2800f960a7c
output_adversary_monaco/ma2c_real_fresh/model/checkpoint-469.index,398,61f8a57a9ff2660d296e2026d7076e838a88a67e300489950d05e0ee1955b584
output_adversary_monaco/ma2c_real_fresh/model/checkpoint-479.data-00000-of-00001,68700,83f0fc09374511eaed39e80bacbf376e10ebe8b6dfec99a2e53dc643cc61c3ce
output_adversary_monaco/ma2c_real_fresh/model/checkpoint-479.index,398,7f5ddf466dce1ac1a07c9b613cbe12baa19bb23a00aa809e5cbaf3df7ad668b7
output_adversary_monaco/ma2c_real_fresh/model/checkpoint-489.data-00000-of-00001,68700,33179fc5fa6ae0ce03a30fe19716b592924586b28c0060b54e6e9fa4af35c2e0
output_adversary_monaco/ma2c_real_fresh/model/checkpoint-489.index,398,35dfb13f9ac41c697b0361e4f499568685010b80d98ea582b25a0786296cf7d9
output_adversary_monaco/ma2c_real_fresh/model/checkpoint-499.data-00000-of-00001,68700,ad1602103cd0c0964a57910dfa650282cb5af7c702e23df9cc7a30cbed6b3f8d
output_adversary_monaco/ma2c_real_fresh/model/checkpoint-499.index,398,0e9c3dfc725efadb7ec3723ffb45956457ff895620a2e423fe7ad2ab78e1e9a2
output_adversary_monaco/ma2c_real_fresh/model/checkpoint_meta.json,48,48e81c389de03ecd0bff9bad71ea28479a5a56f5ef963899077217afe18133d0
output_adversary_monaco/ma2c_real_fresh/sumo_port_8000.log,0,e3b0c44298fc1c149afbf4c8996fb92427ae41e4649b934ca495991b7852b855
output_adversary_monaco/ma2c_real_fresh/train.log,116912,cafbb920676e2532122cde06b10cc7d17827bed0f88260d54ad9b54b9a7fdfb5
output_adversary_monaco/ma2c_real_old/model/checkpoint,805,6edad20267ad2dfb28cab7fa3fae6ad6bf93986185eb82b15118808a8d1854f5
output_adversary_monaco/ma2c_real_old/model/checkpoint-459.data-00000-of-00001,68700,16b071ebdf2c0e5999856171453db7a203b2c96e6dbef6aa0d72127c23747b49
output_adversary_monaco/ma2c_real_old/model/checkpoint-459.index,398,9f9c7c4ab1846b9d1565fec07d37d43695f91a926125f4d48ae73471093f70b7
output_adversary_monaco/ma2c_real_old/model/checkpoint-469.data-00000-of-00001,68700,a0de8bf926d1dad6e5195f858838c6ae64089d1bb8246cd81aea93de4da9106c
output_adversary_monaco/ma2c_real_old/model/checkpoint-469.index,398,a2c2b7b409f66466cfea0f549aff8379e29c2269ad8bcc677dc359f441373199
output_adversary_monaco/ma2c_real_old/model/checkpoint-479.data-00000-of-00001,68700,b605cbc48f4aa52e1c1f90167a9126b52e1ea98373f21173e17d7541cefaad74
output_adversary_monaco/ma2c_real_old/model/checkpoint-479.index,398,f22990dd9e1d48adf1a114ff4c222d8479671782ad9c80900914ece544b23f0b
output_adversary_monaco/ma2c_real_old/model/checkpoint-489.data-00000-of-00001,68700,84690d91912987e3a58beb2c3b61c867fb08d32dbe80d2ee8064f1544359e9bb
output_adversary_monaco/ma2c_real_old/model/checkpoint-489.index,398,1226e367ab8a74ffa8c3a80a88f3d3c69a9af476a49b1cca9f68fabc40580051
output_adversary_monaco/ma2c_real_old/model/checkpoint-499.data-00000-of-00001,68700,8b5d0a6b92b44e58050e201117250528fcf275b2eaeb9c41a41dfb6309aed900
output_adversary_monaco/ma2c_real_old/model/checkpoint-499.index,398,bbd83faedee1ff6df11565c8de97751719d7c6f217a79b8249237f377aaa244d
output_adversary_monaco/ma2c_real_old/sumo_port_8000.log,0,e3b0c44298fc1c149afbf4c8996fb92427ae41e4649b934ca495991b7852b855
output_adversary_monaco/ma2c_real_old/train.log,40523,31990c904663c6a22618644bac250454a5423f1cda2d1961f5c7111499377296
output_adversary_monaco/ppo_real_fresh/model/checkpoint,811,25e38aa855543f597b346f317e639fc711233fc476546cf3cd0596c1eb3e247f
output_adversary_monaco/ppo_real_fresh/model/checkpoint-459.data-00000-of-00001,64604,0bc186481f8b9e33b2ccc9628f443f707c5f72ae8733bccc5f9b064590826efc
output_adversary_monaco/ppo_real_fresh/model/checkpoint-459.index,398,a16499aab8b965cd1013a517ee9fca8dadbd6ccdc84e9ea87d3c60f0720afbf0
output_adversary_monaco/ppo_real_fresh/model/checkpoint-469.data-00000-of-00001,64604,6a08691765686782d1382d2ceef51e2198051e596fcf0fa9a91be7d4836616bc
output_adversary_monaco/ppo_real_fresh/model/checkpoint-469.index,398,1362f058c44117191a457cb332dc7cb1ecf3d239bae70a198e8fe8f7e90861e7
output_adversary_monaco/ppo_real_fresh/model/checkpoint-479.data-00000-of-00001,64604,46ac5c9213edaedbfe7543c85d9123f96215c206e8ee8b61c4eb47505a83c22f
output_adversary_monaco/ppo_real_fresh/model/checkpoint-479.index,398,69c8cd80bbc140edc325c7d15082e588c9f6a9bd7c6e5d60364efa9317e4d49c
output_adversary_monaco/ppo_real_fresh/model/checkpoint-489.data-00000-of-00001,64604,1e09459c687a3df62e50a341de9737a672742006fd430d4d290a3f93523bc77d
output_adversary_monaco/ppo_real_fresh/model/checkpoint-489.index,398,187cd4e10138ad6f8e800eedf6dd29cd0f41b5fba13f222dbc277503d83c67b3
output_adversary_monaco/ppo_real_fresh/model/checkpoint-499.data-00000-of-00001,64604,ba897442930a81b3fca77efd81159c9a801a90e0d6b7c48e2a08162c703ed246
output_adversary_monaco/ppo_real_fresh/model/checkpoint-499.index,398,1e7e594b1788fe287f35ace449fa19ab562d0f0064e7c0fe4b1a1b76fbdad215
output_adversary_monaco/ppo_real_fresh/sumo_port_8000.log,0,e3b0c44298fc1c149afbf4c8996fb92427ae41e4649b934ca495991b7852b855
output_adversary_monaco/ppo_real_fresh/train.log,41386,6acda7777594d2c523537ef85ac0ca868b064ce0c75204459de7fb18ac0948b4
output_coevolution/ia2c_large/coev_meta.json,74,4aa1dbb5c25d285ba64bacacb6d7f0d267e7e2f91022911a24799c0133f12dea
output_coevolution/ia2c_large/data/coev_stall_watchdog_stacks.log,14231,c5ab85782c1e9e21cb168f9e7f03457f30ddac5226dd05516318db7d2d912765
output_coevolution/ia2c_large/data/sumo_port_8000.log,0,e3b0c44298fc1c149afbf4c8996fb92427ae41e4649b934ca495991b7852b855
output_coevolution/ia2c_large/log/1772789085.log,6787174,1634b7130f89bffc6f1f12d943f68e166054dfe4d769ae1074ed5d4956d9f00f
output_coevolution/ia2c_large/model_adversary/checkpoint,817,c88b6206fbc6555889053b4dc19f25adb5488d927cf764fa665eab337d54026a
output_coevolution/ia2c_large/model_adversary/checkpoint-959.data-00000-of-00001,389596,6cd227f3b191e3afc83e03d111770a991b82518ba311f3f36b2c0741463b087e
output_coevolution/ia2c_large/model_adversary/checkpoint-959.index,480,1aa3925a52262e5db0f000a889a468ea3a28bf38934b32ce81e9ad2f927602a5
output_coevolution/ia2c_large/model_adversary/checkpoint-969.data-00000-of-00001,389596,61ebdf6746818c2245b33dfceee53be3b75397de14123bcf269a90385715f182
output_coevolution/ia2c_large/model_adversary/checkpoint-969.index,480,3cf0b46341383444561cd54f9db1e50233ef6bd3263a5f27003c75b6e7d9b927
output_coevolution/ia2c_large/model_adversary/checkpoint-979.data-00000-of-00001,389596,f3f39558693ac87a2460f02267d34dd729ff13b287f33c526518b712ca4f8843
output_coevolution/ia2c_large/model_adversary/checkpoint-979.index,480,f006ab516adc18024e0c0639600484cb5406af3f84eb3a53c61858ccfa5bb281
output_coevolution/ia2c_large/model_adversary/checkpoint-989.data-00000-of-00001,389596,387d6aff726bd5bc6d4edb3240c2fe4fbd50f382e3414071bb1e0828c361f226
output_coevolution/ia2c_large/model_adversary/checkpoint-989.index,480,52644c1c8669810c89af7fea7fdd624276871204947908ecf77138c2058cbba5
output_coevolution/ia2c_large/model_adversary/checkpoint-999.data-00000-of-00001,389596,ccf69c36a79e5f84ba01f34c9db8b29d1ba11c0e590bff4541b7a9b6c73274cf
output_coevolution/ia2c_large/model_adversary/checkpoint-999.index,480,257f1ff00a63a48f9e2638335a4bf9538619cfdfadb1d168e4f2c60fbb03e990
output_coevolution/ia2c_large/model_traffic/checkpoint,829,305c1d255fb026f60a7d07fdabf950a38805943b6b838dbcbdfbf5c2fbcb0259
output_coevolution/ia2c_large/model_traffic/checkpoint-2320920.data-00000-of-00001,12274520,33187273d9f8fa5e038f44362e28a01309aad29938dc619fcec305200414e021
output_coevolution/ia2c_large/model_traffic/checkpoint-2320920.index,13940,d129e57400bfdd5633e47bdbcbd04aa77374f9590d86f66e6fde918ea02374bf
output_coevolution/iqll_large/coev_meta.json,74,c96753f68230d0ffe9c0ec5d4a47e8c531830021f742dab5a185d10a0306a8f8
output_coevolution/iqll_large/data/sumo_port_8000.log,78,a1dd80353b0e59a70b464d4b4a18677cfbbd8cef38b15a0b56f689347345d4b7
output_coevolution/iqll_large/log/1772528199.log,4246741,e95d624d4a4935228abedda436c3931bf6585ed2b0e69fdb9b47ca54fdcdcc12
output_coevolution/iqll_large/log/1773360719.log,4250242,deceefac6f335c08ae14612839d7549c0bda5536c1802855063e5b0259517114
output_coevolution/iqll_large/model_adversary/checkpoint,817,8cf6ec057a73ba739b60904eb80540e5929d5e1d5566eefa6b419d813a1da868
output_coevolution/iqll_large/model_adversary/checkpoint-959.data-00000-of-00001,389596,5cd3b45d761b8673ae72dae26b0b6cef3a426afa97c697ff7222750926942ba3
output_coevolution/iqll_large/model_adversary/checkpoint-959.index,480,95dc06e975456b64e57ddddf4ae2d071273eb9eb8c30dcafbcbe8804880c06a4
output_coevolution/iqll_large/model_adversary/checkpoint-969.data-00000-of-00001,389596,1157004995cc180d1dd7711397db9385cb92abd831355bdf8e5f9860bf91527b
output_coevolution/iqll_large/model_adversary/checkpoint-969.index,480,338a0175fa9697f6e57b11868e1c4ab93a5e42f0a2550967360ec95608ecc5a5
output_coevolution/iqll_large/model_adversary/checkpoint-979.data-00000-of-00001,389596,8b6fcc4998f74841ed40952960f486b4336f053503b77941fdee142e1d7e42a3
output_coevolution/iqll_large/model_adversary/checkpoint-979.index,480,a57621a106c07ec0ab331a58d157610ba3ce90e8a57d06fccfd5bb3c6454cb21
output_coevolution/iqll_large/model_adversary/checkpoint-989.data-00000-of-00001,389596,0e81b9085c8ed1fb8bb3bd006ca6cb32b116a8fd9f59823e3aaaabc43257bdd0
output_coevolution/iqll_large/model_adversary/checkpoint-989.index,480,c713c1039c202dece585b22fb7c0477882aa0211b197c33910de31b415b6fe39
output_coevolution/iqll_large/model_adversary/checkpoint-999.data-00000-of-00001,389596,0adff3fc86f03e73d6e99e9b1f6a689850ca71fedb1980ae54ee63b1cb21efc9
output_coevolution/iqll_large/model_adversary/checkpoint-999.index,480,63f8d7cb91c32971934da939c48e5ee1fbc0e0194a0342cc67a30958ae30eb8e
output_coevolution/iqll_large/model_traffic/checkpoint,829,ba570769d485dbdd16c7fcac299544364f75576fc07033b9d24e65eb98ee7e98
output_coevolution/iqll_large/model_traffic/checkpoint-2267760.data-00000-of-00001,16100,0aaf492a957ca8475608206d82b0c5f87c3914d19d01cb2f02c5983882de31c7
output_coevolution/iqll_large/model_traffic/checkpoint-2267760.index,1546,b73ed4a4ee3a9a63bcc37bf63d60bd3580439214ac1c58a3a767d81856a28fe0
output_coevolution/iqll_large/model_traffic/checkpoint-2280960.data-00000-of-00001,16100,fae75cceebbe70de8df86e9708505c71c8c63635950da2bec032f2cd38590245
output_coevolution/iqll_large/model_traffic/checkpoint-2280960.index,1546,8125286addc087138a01dee085dbb1126c737e659e7cc780c0e687924e558070
output_coevolution/iqll_large/model_traffic/checkpoint-2294160.data-00000-of-00001,16100,6ebc2392297bb7aada0ea07a8b9fc03a39cc6529e5adcd70ac97b6af4a1a1e9c
output_coevolution/iqll_large/model_traffic/checkpoint-2294160.index,1546,f3b31de39f6bc93dbe181646088703af587494e3d523b4658fccc3d2615d46e9
output_coevolution/iqll_large/model_traffic/checkpoint-2307360.data-00000-of-00001,16100,a9f8af431cfff5d6e3a376f1aa0529f6b8a561b8b479cb0a32fe063c45206f0a
output_coevolution/iqll_large/model_traffic/checkpoint-2307360.index,1546,e6382928dd2579f62199c4e35bf91130ef75faab4d4c2e5947e7a179fa326af3
output_coevolution/iqll_large/model_traffic/checkpoint-2320560.data-00000-of-00001,16100,e05a22a27196789c872d53deb0509a66a4790b46e004a906ec13c17aa2a494ce
output_coevolution/iqll_large/model_traffic/checkpoint-2320560.index,1546,a91ef11faccb9f913e088cdade7ded91e8f099078913e6223c3dbe0047602ea7
output_coevolution/log/1770386141.log,78,8ce9cb8c6ecebddf90a88ed7242a79e0cbb38be537c6a0851611d778a18ed4d3
output_coevolution/log/1770386360.log,4652,c0856a281eade2625786263cdb2cdd6f90a410844f300e81c7779798909180cb
output_coevolution/log/1770386916.log,4570,126af7779fb598085f6c5620078f5db9b8fe49767af255f3fa54c801d5c5c480
output_coevolution/log/1770387291.log,4821,6a36fd835ea85aaa5bd59d22e1e2124f2040626b7f4818f77c6f36e994baa4be
output_coevolution/log/1770387650.log,4570,08201385d6fe93378c5514fc860141d9c5fe0902a573d04afef144919e7c67c6
output_coevolution/log/1770388455.log,4970,e4f184cac09d67bd561136f5b2ba49006eec022639088f7dedc9c55e5d3f53aa
output_coevolution/log/1770397767.log,3937,7e300c1b5f5d5063b70aee82be2745366d533e2f0c5e0813a5fe0bb3ccfb6ff7
output_coevolution/log/1770398027.log,3937,5fb97849c55fb3d5fa109ce11cb0d73cb7959631cced5be37f53c5d75c244930
output_coevolution/log/1770398394.log,4687,f0b640035b6ff3b0d18ac13f7db921a5716bbbb2f6b5fcc7ac3b128c9065cdcd
output_coevolution/log/1770413298.log,4811,2fd17e92057112a5d86791daa00411d7b8b4a90ce6529c371871e06f7ca541ae
output_coevolution/log/1770414317.log,4811,254c6dbb68613f1844592f3da4831c5fce59b94d6fcfdb11dda3e10c1e1b006b
output_coevolution/log/1770414648.log,4811,90e377747b39ae8ca39b196b3ff22e0a9b06fce7d6d1b6e0c8bb6b2d7ff34a28
output_coevolution/log/1770415241.log,4811,b73a82a31061e015c808495c04d62748ffeb3bf28f4b0e4ab5e04cf3e310dcb7
output_coevolution/log/1770496515.log,5644,59339e9c34e809330470b97cd421130d2080bc846e8f657647ec465c30a7f7bf
output_coevolution/log/1770497097.log,6604,56ce60d4bc1a390b0f8647777c0dd0409f526c100e752c165cc976bc017afc61
output_coevolution/log/1770498202.log,7566,43b43f0244ee1ebf5c5409352ccfabcb1d8215454eb7414d351bf4cee1abc9d2
output_coevolution/log/1770501044.log,5455,68846df9af2aa1e813d1142e17850280d828e45bc2337ebb3c3dae205805d54e
output_coevolution/log/1770503077.log,5455,32b0a00597faf3e1343b1c7ddc616b028039858fe1b8534fc2084ac26e866b26
output_coevolution/log/1770555337.log,7228,d3d1f769174e42f1bf1ccec677431f29d71d319d9a51e22925ab4357a105bc89
output_coevolution/ma2c_large/coev_meta.json,74,c96753f68230d0ffe9c0ec5d4a47e8c531830021f742dab5a185d10a0306a8f8
output_coevolution/ma2c_large/data/sumo_port_8000.log,0,e3b0c44298fc1c149afbf4c8996fb92427ae41e4649b934ca495991b7852b855
output_coevolution/ma2c_large/log/1772141214.log,4095292,ed4767e09b310570c7d2f1566d42d5998678ae3c6b7a70f9d3c45300dbe63888
output_coevolution/ma2c_large/log/1772884419.log,4261056,d4d608ab23d11edd23aa7380d84ab340fb076a6addd6e2af919a737fb19d3570
output_coevolution/ma2c_large/model_adversary/checkpoint,817,4137a838ca15062e349be796c2f7e7b056b4abf2f146fdeb0b0349e532b7b5ec
output_coevolution/ma2c_large/model_adversary/checkpoint-959.data-00000-of-00001,389596,613cd6d9202266fa2728257778e2589dbca08986dbac9a3a19379cc72b0919ca
output_coevolution/ma2c_large/model_adversary/checkpoint-959.index,480,3e0acd4d25ac38b5a2b215344b4944fdbe922c8906d8b0586d119b8d94eb295b
output_coevolution/ma2c_large/model_adversary/checkpoint-969.data-00000-of-00001,389596,690df539490a6973ba232a80d2074633461f1bf448fe34605d6053ccd942ceec
output_coevolution/ma2c_large/model_adversary/checkpoint-969.index,480,16e5312ca9ea12b9bb7e33e191fe7aa7ca24c5845e39ca60ec707e3aefd8679c
output_coevolution/ma2c_large/model_adversary/checkpoint-979.data-00000-of-00001,389596,733381da750290a597b633cdb9193f834df81408bcb38db69cf79ac805ffe1a2
output_coevolution/ma2c_large/model_adversary/checkpoint-979.index,480,9826c41b12b086486710170ef605a074127811afbeb2469671655f20f1985f3f
output_coevolution/ma2c_large/model_adversary/checkpoint-989.data-00000-of-00001,389596,517fd1d289d3e3001f3b9459da9b6b29dffd08f84d517a8e77cfa06743c0b122
output_coevolution/ma2c_large/model_adversary/checkpoint-989.index,480,d9922fbc288c7d1340d853b5ba05a19ab4e0ae0b00c1cb155fdb3c14e5acbd0a
output_coevolution/ma2c_large/model_adversary/checkpoint-999.data-00000-of-00001,389596,537982fba7454cbac6e0727fbaf34ca56ba5c0ca346dccea35166e9fdddd5090
output_coevolution/ma2c_large/model_adversary/checkpoint-999.index,480,92bfb95605999996f452e997553edda0e4f9c9f2339f63c7cfea45e36b8e67ec
output_coevolution/ma2c_large/model_traffic/checkpoint,829,d0e64f03262bf6c684513095f1685cc298d61c089eb01aa35b9772a840767b6d
output_coevolution/ma2c_large/model_traffic/checkpoint-2320560.data-00000-of-00001,15727960,cc41e2036f80e80c92f42b5a2019c5d6ee4958cee08bba00734d3b7222eb9e9d
output_coevolution/ma2c_large/model_traffic/checkpoint-2320560.index,16924,4e2c92812036c5cba56a8ca49ec5241fc1eb4b3e1c51c45fe5afee93a4b5f797
output_coevolution/model/checkpoint,81,168264b0393d3beb247125a5e122990b7721f35893fc6e593e2a5693fadf4d06
output_coevolution/model/checkpoint-0.data-00000-of-00001,385436,7f0fc9b5e4b5dbe4c56f3e5429d003b3dab186ec48b7e5e37b78bdf25a05210d
output_coevolution/model/checkpoint-0.index,480,e87413e4108af7b9f5c3c8bd15ad15fb4f6f05623689f3e46341ba94a8cf3320
output_coevolution/model/checkpoint-720.data-00000-of-00001,12274520,9753e062b13dc75f2c75a9a93be7d0f44972130338119eaf20d6207a73c6e4fe
output_coevolution/model/checkpoint-720.index,13940,2b3e09b015d7ba50b6e60b1e8df3cfc514dd03967ac0e94b57b70207659d0477
output_coevolution/ppo_large/coev_meta.json,74,c96753f68230d0ffe9c0ec5d4a47e8c531830021f742dab5a185d10a0306a8f8
output_coevolution/ppo_large/data/sumo_port_8000.log,110,1fdf69775dec4973a3d8884a5449b6c05bdea2c25f802697cd89cb46fbee11c6
output_coevolution/ppo_large/log/1773265237.log,89846,9c086f38c023e126df864d9d7311e4bd01061e1edaded0e1b4a417fcc8c9470d
output_coevolution/ppo_large/log/1773306429.log,6755012,bb4719490110c4476e7c0074d8bcf9e1d7bfd26ca14bdd5e01321260f1b011a3
output_coevolution/ppo_large/model_adversary/checkpoint,811,db285997954f9f8b9520d730c704955135553bb34f45308220a240557f6cbd63
output_coevolution/ppo_large/model_adversary/checkpoint-959.data-00000-of-00001,389596,f876fdda7649f9da4e17070914c88f61671808d94c37e1a4144077be2d6d318b
output_coevolution/ppo_large/model_adversary/checkpoint-959.index,480,197d5654c36f4bc2c7155e6a38ef40844a3b0940508b0613901cf371c12dba72
output_coevolution/ppo_large/model_adversary/checkpoint-969.data-00000-of-00001,389596,4fa6f855ea13954253f078aeb48faf22e7ef0a75b1ee00ec8cbe8d8d755a4321
output_coevolution/ppo_large/model_adversary/checkpoint-969.index,480,37fc1c8bdf46106a82528d88213dde88a5823e86b6c3e7a10c5d39f7aac26d4b
output_coevolution/ppo_large/model_adversary/checkpoint-979.data-00000-of-00001,389596,a3d9d59da07329a89604b438ed88211b21cc74d405672a9d9549f71c14e4db28
output_coevolution/ppo_large/model_adversary/checkpoint-979.index,480,ed6376c03aa60f6b8149047eb5934a9e58fca12fca2424ff7bdc3c2664e748ab
output_coevolution/ppo_large/model_adversary/checkpoint-989.data-00000-of-00001,389596,8aa8f25a7615990b2c87d3e9ed171899aac7f4d4ed40225de457a0d6de0d506c
output_coevolution/ppo_large/model_adversary/checkpoint-989.index,480,00341f51fb246119c33c2ffb9433f07faf936c22e877ee7b4385ca7f0f2e495d
output_coevolution/ppo_large/model_adversary/checkpoint-999.data-00000-of-00001,389596,e627e9eed678bce271e047095bb0f83581a2b7485f8531cff9a352bfbbba4315
output_coevolution/ppo_large/model_adversary/checkpoint-999.index,480,77104f2067292b347d22a28d69f797395fef5c9fc3b999c03fe14dfe0ca7f5eb
output_coevolution/ppo_large/model_traffic/checkpoint,823,e9cfd6f10cd76a9507ccaa927caca5b68a6df7601e4aecc564de73fdeefea65a
output_coevolution/ppo_large/model_traffic/checkpoint-2320560.data-00000-of-00001,12274520,344817b9029b022dbcd97bcbe375dd649d0b454bf7dc3694fff93b3d10324175
output_coevolution/ppo_large/model_traffic/checkpoint-2320560.index,13940,e9323b79408af66393ea9fbc6064bdc4865d4c083fbca2805b4cacc77a01fc51
output_coevolution_real/ia2c_from_real_fresh/data/sumo_port_8000.log,0,e3b0c44298fc1c149afbf4c8996fb92427ae41e4649b934ca495991b7852b855
output_coevolution_real/ia2c_from_real_fresh/log/1775126302.log,0,e3b0c44298fc1c149afbf4c8996fb92427ae41e4649b934ca495991b7852b855
output_coevolution_real/ia2c_from_real_fresh/model_adversary/checkpoint,907,32c214c2fa7c06794ec7464250cd486e4c29409392b4f2c122c8b42b00fcb091
output_coevolution_real/ia2c_from_real_fresh/model_adversary/checkpoint-959.data-00000-of-00001,34876436,c0ec8aab5ea4bfc749c03ec6e56f81a26ccb2b8b31bd7f626fe8dffad3a8a54e
output_coevolution_real/ia2c_from_real_fresh/model_adversary/checkpoint-959.index,39142,5ff1be20ff6fed71b973340b16699ebcfe95d4ead46e014a71a381c9cc3aaa6e
output_coevolution_real/ia2c_from_real_fresh/model_adversary/checkpoint-969.data-00000-of-00001,34876436,f9cc937e52913911ecab4bd83b878b704df8b34d887ebd82003104f401fb5709
output_coevolution_real/ia2c_from_real_fresh/model_adversary/checkpoint-969.index,39142,5bf40b8e9c1ab4a414d8696552069fc75e922fa35eecab7c3f7891f151ef9229
output_coevolution_real/ia2c_from_real_fresh/model_adversary/checkpoint-979.data-00000-of-00001,34876436,0ffa35ecf1117bfd1f45f9ab46c15b7ab68370aba2299bd28bf53de0d21c8d29
output_coevolution_real/ia2c_from_real_fresh/model_adversary/checkpoint-979.index,39142,9e5ac790026daa003518945a918b608724061f330e827134699c4e225e1497ee
output_coevolution_real/ia2c_from_real_fresh/model_adversary/checkpoint-989.data-00000-of-00001,34876436,4dddfa4feb45d843a4a4d2fc8766bfe743db1e79c70de7b1904edf3e3a4ba5cb
output_coevolution_real/ia2c_from_real_fresh/model_adversary/checkpoint-989.index,39142,a4b8c28e2b2291aa008d9a62b674049271a6e0dc3e49a266270643c7688132e2
output_coevolution_real/ia2c_from_real_fresh/model_adversary/checkpoint-999.data-00000-of-00001,34876436,18c809bf9869c854455f021b8fa1f92ae6341a88b69921fb73f23558bbb3a96d
output_coevolution_real/ia2c_from_real_fresh/model_adversary/checkpoint-999.index,39142,2f610ded60c13288fa5bc6e22038399e57cdd62b023830ace8ba7544687e5c02
output_coevolution_real/ia2c_from_real_fresh/model_traffic/checkpoint,919,91c0b311f13efec3f181b78c7ad9498288146167117e4859fcc583c39c1ba6f3
output_coevolution_real/ia2c_from_real_fresh/model_traffic/checkpoint-2268240.data-00000-of-00001,11603944,e50daa5c29b2577205834a8c8df7c6b2d7209c4484cc81e5b02ed080e1ded596
output_coevolution_real/ia2c_from_real_fresh/model_traffic/checkpoint-2268240.index,12363,aca28a221bdef368e2a440c9c3952edfc8e55c3e8cdaead6f104ec008cbafb20
output_coevolution_real/ia2c_from_real_fresh/model_traffic/checkpoint-2281440.data-00000-of-00001,11603944,b876326782134aa97797109cfcbc21d6f060e80b937906b53df669199bb292d7
output_coevolution_real/ia2c_from_real_fresh/model_traffic/checkpoint-2281440.index,12363,f0884d4679ce1a51937050fef9b9425f177d43c06ea753d1880bbfcd5dcf42e3
output_coevolution_real/ia2c_from_real_fresh/model_traffic/checkpoint-2294640.data-00000-of-00001,11603944,27e5dc5e72ac76e8baed018e76e31c40c3fd8576e79b9a84e347ad60a5b0c602
output_coevolution_real/ia2c_from_real_fresh/model_traffic/checkpoint-2294640.index,12363,95b89c817de035f4ffd9a9ab400844733583150012d678c952a515ec82f32ec2
output_coevolution_real/ia2c_from_real_fresh/model_traffic/checkpoint-2307840.data-00000-of-00001,11603944,abe7d5b5980a921955fdaea39afc6728fdac6547e4d2eaf4f8aa1aac58d65520
output_coevolution_real/ia2c_from_real_fresh/model_traffic/checkpoint-2307840.index,12363,3bef0c793d52b2d55fa67e5f87e006c6612247ae3bf11c5f417926c25e275b09
output_coevolution_real/ia2c_from_real_fresh/model_traffic/checkpoint-2321040.data-00000-of-00001,11603944,240b91961fccff50d1e092eb2afe943aecf73c5c083227be3c9c3facbda9a9fa
output_coevolution_real/ia2c_from_real_fresh/model_traffic/checkpoint-2321040.index,12363,a7bca5e6ea50ba6d8177d1008f6c674a9b1dd7aada75dc05babb6dfe1372f053
output_coevolution_real/iql-lr/data/sumo_port_8000.log,78,a1dd80353b0e59a70b464d4b4a18677cfbbd8cef38b15a0b56f689347345d4b7
output_coevolution_real/iql-lr/log/1775324744.log,0,e3b0c44298fc1c149afbf4c8996fb92427ae41e4649b934ca495991b7852b855
output_coevolution_real/iql-lr/log/1775328019.log,0,e3b0c44298fc1c149afbf4c8996fb92427ae41e4649b934ca495991b7852b855
output_coevolution_real/iql-lr/model_adversary/checkpoint,817,d51e6d6b671fa76f7ca51d130db020b3a6b8dc0da818d3d56871a5a818d667a4
output_coevolution_real/iql-lr/model_adversary/checkpoint-950.data-00000-of-00001,86668,ed046abb6b8c5c5dc574c0143e2029d1350b3438e2c892275cc4356d74ddf3f1
output_coevolution_real/iql-lr/model_adversary/checkpoint-950.index,6353,55dcae28a998f3b182232ea9e93fbe3070e901ea62f73bc96e92210e7e67d837
output_coevolution_real/iql-lr/model_adversary/checkpoint-960.data-00000-of-00001,86668,8ef7a84f1339ceace037b86e0161bbc4c74727cb9fa7aac1c3524cb33075ebcd
output_coevolution_real/iql-lr/model_adversary/checkpoint-960.index,6353,19f758e884fc90415f03c00e0d242df95e3707516f166a762d9dfc61dc9231e0
output_coevolution_real/iql-lr/model_adversary/checkpoint-970.data-00000-of-00001,86668,f6afa76f0d8bdf308ee99bbf9addbeb17d1c5a764731f39576ab873b6cd82879
output_coevolution_real/iql-lr/model_adversary/checkpoint-970.index,6353,8a528cc8a621595436b9cd1f8f6796ebd4f1db0763fbb8f5e17f96b1d001679b
output_coevolution_real/iql-lr/model_adversary/checkpoint-980.data-00000-of-00001,86668,3aece0729026f698308bf31ad37c5c0c855c0343dad7bc47145b192c843933f9
output_coevolution_real/iql-lr/model_adversary/checkpoint-980.index,6353,6163b3e561d29fb94d40efe07b6ae4a946b6089a80429f05d20c3fdf49ff1c81
output_coevolution_real/iql-lr/model_adversary/checkpoint-990.data-00000-of-00001,86668,1fa4625b1c2f89212635b662924ea7af6bfa68dab4dc564a6a09ac6e89428ef6
output_coevolution_real/iql-lr/model_adversary/checkpoint-990.index,6353,ec0a6657af1b319bade1b1a64da1d4f9529b737557d3fb1ecc24d148721fc895
output_coevolution_real/iql-lr/model_traffic/checkpoint,829,6c0bd1a66e0d3fed0a410163e0fa31b4284c5361facf5890456e46a9a09ed3b3
output_coevolution_real/iql-lr/model_traffic/checkpoint-1595880.data-00000-of-00001,7280,c4c7934cfcdf8c187afe35549a98134adf22f964216f529faafe71507754c0fb
output_coevolution_real/iql-lr/model_traffic/checkpoint-1595880.index,1705,7a33304a26bcc0c436bd7dffd7dfe3fe6c1d3a4de9e2b094f1bdddae4a686442
output_coevolution_real/iql-lr/model_traffic/checkpoint-1609080.data-00000-of-00001,7280,f352476f049a1f601f037303b6943d721b9583eeae0178c0d21cc13c1716f5ae
output_coevolution_real/iql-lr/model_traffic/checkpoint-1609080.index,1705,e19ce579325242dca4ed4fb3cb73502696ce67643386d8ed2e3282cc428182fd
output_coevolution_real/iql-lr/model_traffic/checkpoint-1622280.data-00000-of-00001,7280,eaed42beeca77d068550184f2fa1881c4a3e67b424781b9849409d4d31ca9051
output_coevolution_real/iql-lr/model_traffic/checkpoint-1622280.index,1705,7000fbb73b0cd17cdf65089d4dff2dda636b0cc1ef17db51b124fda4bb64f3c9
output_coevolution_real/iql-lr/model_traffic/checkpoint-1635480.data-00000-of-00001,7280,b01051815109d72fa60f0d7c9af4a7f749ba2128c6aeee4d76387a18b31dcb40
output_coevolution_real/iql-lr/model_traffic/checkpoint-1635480.index,1705,64e2eab4c40fee9a2da8a19431662dcf86fa3c584580d779ad0806c9875b6cbc
output_coevolution_real/iql-lr/model_traffic/checkpoint-1648680.data-00000-of-00001,7280,0105916a3ef63dce6ff8f28f6fd7d4793e8d290fb2515f66a74146969cfe2ec2
output_coevolution_real/iql-lr/model_traffic/checkpoint-1648680.index,1705,08b1537d136a9bffe9ca3c322c1c7dd6007ed51c7d7a663cb09681ee50b3c7e5
output_coevolution_real/ma2c_from_retrain_v2/data/sumo_port_8000.log,0,e3b0c44298fc1c149afbf4c8996fb92427ae41e4649b934ca495991b7852b855
output_coevolution_real/ma2c_from_retrain_v2/log/1775383711.log,2109849,f07e64b06649e5e4022857e61b22915721b0830d4d530daf959dadab1f9ec22d
output_coevolution_real/ma2c_from_retrain_v2/model_adversary/checkpoint,907,0c9514bad18f4fb793d6d74e7b35349d7093bf23562f3b12ebd4df35ce43b604
output_coevolution_real/ma2c_from_retrain_v2/model_adversary/checkpoint-959.data-00000-of-00001,46248468,f50e02932e07728631e78e0fe6574394604ed9d39090c91fb4cdb1f441b38ece
output_coevolution_real/ma2c_from_retrain_v2/model_adversary/checkpoint-959.index,49885,ea33e0fac2d482fa55da0b0fb7da2266a6dd90dc2cf21782712a7c79c1d43f2f
output_coevolution_real/ma2c_from_retrain_v2/model_adversary/checkpoint-969.data-00000-of-00001,46248468,2fe09de3ce72398879f76622e07247169bdf40bc61038a5201c5cb9b502cfc2c
output_coevolution_real/ma2c_from_retrain_v2/model_adversary/checkpoint-969.index,49885,dd3e5abb4344159b48d2646ca11b048f15b7c7304479b96e9bb1e77a26996a51
output_coevolution_real/ma2c_from_retrain_v2/model_adversary/checkpoint-979.data-00000-of-00001,46248468,b8500d764f0e5be643f361a97a2bcaabd1990c2885b083953a0bc37ae4759df4
output_coevolution_real/ma2c_from_retrain_v2/model_adversary/checkpoint-979.index,49885,46cdc602b754d7ac6bdcadfd3d6518ff87f8ebc571ed79353fd914ed5f4c6034
output_coevolution_real/ma2c_from_retrain_v2/model_adversary/checkpoint-989.data-00000-of-00001,46248468,640c02f7285cf127dac11d7f3fdc97e863179cf0c1954621cce748b915de7775
output_coevolution_real/ma2c_from_retrain_v2/model_adversary/checkpoint-989.index,49885,34df105a8b9bdffb50f8d40b6a292a680e249a1b95aba2884110e54e69ef6fd3
output_coevolution_real/ma2c_from_retrain_v2/model_adversary/checkpoint-999.data-00000-of-00001,46248468,cfdbf19b18d1902329cc815fc402048355ddf0aeadb8e454dbd04f630131ca54
output_coevolution_real/ma2c_from_retrain_v2/model_adversary/checkpoint-999.index,49885,0f7b840a030ed11f0919a876a546ec7a8e8614c08196884d2821fb94a6b49b10
output_coevolution_real/ma2c_from_retrain_v2/model_traffic/checkpoint,919,d702e9f0af74b21c2081399ac65261948b077f4abcf79b560b587891a4e58428
output_coevolution_real/ma2c_from_retrain_v2/model_traffic/checkpoint-2267760.data-00000-of-00001,15393256,c4d195ee74f57bd7667074d12e188782b56818439824eaba0012dcce423e68ee
output_coevolution_real/ma2c_from_retrain_v2/model_traffic/checkpoint-2267760.index,15677,6284d6a1b9598ff18966964668a5cdc83334d020bf0a43578fd00fbbdde0a17a
output_coevolution_real/ma2c_from_retrain_v2/model_traffic/checkpoint-2280960.data-00000-of-00001,15393256,ab6e9f0de2c17306df91b093d0002c41e3be3e62f5db86cb5a92f54be58c5d38
output_coevolution_real/ma2c_from_retrain_v2/model_traffic/checkpoint-2280960.index,15677,f57f774d6de9083ccea7b627def4e1e48ca2c04afc09ff79b841317e16008ddd
output_coevolution_real/ma2c_from_retrain_v2/model_traffic/checkpoint-2294160.data-00000-of-00001,15393256,c1c2c1c2caaae02c589f3f433f0cc3e31efdc4b164a8fddf0a604306afc90b9d
output_coevolution_real/ma2c_from_retrain_v2/model_traffic/checkpoint-2294160.index,15677,03303f3ce4f9c1dadef9a3cfb166eadb26a67e0d63149bbcb0f0b3a6d625f545
output_coevolution_real/ma2c_from_retrain_v2/model_traffic/checkpoint-2307360.data-00000-of-00001,15393256,4e5cb5f38ae699813609df0af64866cdee1108f83509159ee4a5211eb0d8cade
output_coevolution_real/ma2c_from_retrain_v2/model_traffic/checkpoint-2307360.index,15677,3b351eb322292328ef9b4c08985cfc318a2725ec726d731e9e99ba365dae0ba7
output_coevolution_real/ma2c_from_retrain_v2/model_traffic/checkpoint-2320560.data-00000-of-00001,15393256,f1a4251f48a1aff961e318eed5070f0862cdbaff3f3a0a2ab08e1178d022e239
output_coevolution_real/ma2c_from_retrain_v2/model_traffic/checkpoint-2320560.index,15677,ad6f4be27be34a5c827b049aa7a22b31681c07328b4b2d2883a16ce6b520d5f8
output_coevolution_real/ma2c_real_old/data/sumo_port_8000.log,132,8ddfe0098a191033d492043cc1c61d9c0a13e41252dd03bed688e77d5e534124
output_coevolution_real/ma2c_real_old/log/1775629718.log,1379159,b8127c0a913d20d623afc849b6d3e264148340e925c11e085a80f74e2e194e49
output_coevolution_real/ma2c_real_old/model_adversary/checkpoint,865,0d92f380d64e7d3260f6102bb273ca976f40ee2d5c138b37b0163ee13b05fd87
output_coevolution_real/ma2c_real_old/model_adversary/checkpoint-609.data-00000-of-00001,46248468,332821362ef2621e6f8938b4f72a914aedd56755304546d54ecee178b77df4e9
output_coevolution_real/ma2c_real_old/model_adversary/checkpoint-609.index,49885,802307dcb642cec605dfa9a2b4f84cf3ddc09665bcbe5e5fbe5eb7f0faa01beb
output_coevolution_real/ma2c_real_old/model_adversary/checkpoint-619.data-00000-of-00001,46248468,b2280b4f49ec16a70b80def32e350cfeb2266a8b1aca3a78b7468609e182545a
output_coevolution_real/ma2c_real_old/model_adversary/checkpoint-619.index,49885,a69f025e44bb2598e6d9e6d9dfd7894eb7701974f03a4bf8712c7f05d814c1e4
output_coevolution_real/ma2c_real_old/model_adversary/checkpoint-629.data-00000-of-00001,46248468,ea8d028a1dfd397261188999d90a621c885371104b1ed12211d75321d2e5d566
output_coevolution_real/ma2c_real_old/model_adversary/checkpoint-629.index,49885,786307eaa57a58a933b08f271c7f454a688124af7b78540da55a382339643c09
output_coevolution_real/ma2c_real_old/model_adversary/checkpoint-639.data-00000-of-00001,46248468,80d7d79fd1b5517f92eaf226d013b5ad8a04bd0fd49957bfa3e8b612f0a97bcd
output_coevolution_real/ma2c_real_old/model_adversary/checkpoint-639.index,49885,7120d4250fb9329f8e15f285f50284bb34b8978036590defc99282c2bddb967c
output_coevolution_real/ma2c_real_old/model_adversary/checkpoint-649.data-00000-of-00001,46248468,f32dc1c9b98b3c9fbfb83ed3d1d37553f4aeaffb8ea33fd36824737653243d24
output_coevolution_real/ma2c_real_old/model_adversary/checkpoint-649.index,49885,2db09053794568893b478d9b6e5e0af9d1b2b32e804e743334064f4f01503307
output_coevolution_real/ma2c_real_old/model_traffic/checkpoint,877,51fde4f1624b3143c14403d90440688a4800e59e25f7a82911c7a183654d0820
output_coevolution_real/ma2c_real_old/model_traffic/checkpoint-1805760.data-00000-of-00001,15393256,581961f120a7d6a42fb91159d6015ab166031f2037a603448642e7f5aa7586f8
output_coevolution_real/ma2c_real_old/model_traffic/checkpoint-1805760.index,15677,78893dd3aa944de4187baf3b40a3ae3afea1a1fdcea1e66e069abeac8e91fca8
output_coevolution_real/ma2c_real_old/model_traffic/checkpoint-1818960.data-00000-of-00001,15393256,076122fa2b046e20dee61425bc3fbb5f2fdc513abc5573220f19ab5b1b6e5da1
output_coevolution_real/ma2c_real_old/model_traffic/checkpoint-1818960.index,15677,1742d6560da99d07b3c1e3dbf06abb0fa5db1f7ab12236ee543efcc7990c87ea
output_coevolution_real/ma2c_real_old/model_traffic/checkpoint-1832160.data-00000-of-00001,15393256,c7ff0c716cea7dff8408d606099186acf3a072f63c4d5b9606b4f95e6b989506
output_coevolution_real/ma2c_real_old/model_traffic/checkpoint-1832160.index,15677,3a44fe791512177a449bdbb3f95a021e07d17ae54ef2351d74b2a5b31fe4a64d
output_coevolution_real/ma2c_real_old/model_traffic/checkpoint-1845360.data-00000-of-00001,15393256,65aeff436949605cb208c456bc35e4d02e9f2db9eb21fc095d24538734bca36b
output_coevolution_real/ma2c_real_old/model_traffic/checkpoint-1845360.index,15677,820c9090388cb9edcba1c442f167699f69c9dbb0d2ed6dd0d2a3f8f45a7ca97d
output_coevolution_real/ma2c_real_old/model_traffic/checkpoint-1858560.data-00000-of-00001,15393256,b68aabe8e55e5a5b7924df979bfdb35fafd2c5229e603577572bd67b9c2298ad
output_coevolution_real/ma2c_real_old/model_traffic/checkpoint-1858560.index,15677,342bfb45e945133fe46362a581b5d8bdd47d7cae0801f958a98af18eb52acb6b
output_coevolution_real/ma2c_real_old_continue/data/sumo_port_8000.log,0,e3b0c44298fc1c149afbf4c8996fb92427ae41e4649b934ca495991b7852b855
output_coevolution_real/ma2c_real_old_continue/log/1775668170.log,744432,bf840bf8f088b5c1c3925378a37cb0b3781860170f47ccddb174ce7e4d397ebb
output_coevolution_real/ma2c_real_old_continue/model_adversary/checkpoint,919,5ebcf821e1c125beb26807952445fc91cc86fe86a24288dd6cdc6420eff34a45
output_coevolution_real/ma2c_real_old_continue/model_adversary/checkpoint-309.data-00000-of-00001,46248468,6b862663676dd86451be01ee6611b0fe37161954161e8051176d551ac615b597
output_coevolution_real/ma2c_real_old_continue/model_adversary/checkpoint-309.index,49885,dd8bd7fcb08e031bbfe5cb90e6bbb6bee4cb0ff8ca820948307e3e5a6d4f394b
output_coevolution_real/ma2c_real_old_continue/model_adversary/checkpoint-319.data-00000-of-00001,46248468,34721c9d237751fdd5b8dbec45b7377ee734162f74fe0be7f1cfe1b0a991b869
output_coevolution_real/ma2c_real_old_continue/model_adversary/checkpoint-319.index,49885,8ffbdece64c20442c271c8aa1331fed7811db4a2bc0957e3404668ae1ab1c1ed
output_coevolution_real/ma2c_real_old_continue/model_adversary/checkpoint-329.data-00000-of-00001,46248468,e4aa4635f9d8a071575ffb95fd9a3268c4f09a229361c349d5943e54c400968e
output_coevolution_real/ma2c_real_old_continue/model_adversary/checkpoint-329.index,49885,ce1f887434528fcc08b9f6d4e57a2f3bd3af7a9ab7f4e3007c6cc3213d539b83
output_coevolution_real/ma2c_real_old_continue/model_adversary/checkpoint-339.data-00000-of-00001,46248468,9ff143267b98d8c7c3040ae2a90dcbf889c3d49d6340839890fe111646f8123d
output_coevolution_real/ma2c_real_old_continue/model_adversary/checkpoint-339.index,49885,c44ee2d050cf414aafc2f76582eed78f4480dadc0201ec2f55ade8c496c357ef
output_coevolution_real/ma2c_real_old_continue/model_adversary/checkpoint-349.data-00000-of-00001,46248468,957032c19c2d3cb33a54db1d2ce2401d624cb70c2dd931e7925b6f5b26b59479
output_coevolution_real/ma2c_real_old_continue/model_adversary/checkpoint-349.index,49885,bd4c85c72f14c54ee0dc0dfbc13a3a594cdddff584fd62fc309feab44b829d2e
output_coevolution_real/ma2c_real_old_continue/model_traffic/checkpoint,931,2c7f71dc7cab08781a7e1a2b2cefb1804824787b8c9d882fab7514b69e874459
output_coevolution_real/ma2c_real_old_continue/model_traffic/checkpoint-2267760.data-00000-of-00001,15393256,633860e8bf497ad5b090e1d9f855dc17e6d2a8e42badcca9dbfc3ae1ce67d66d
output_coevolution_real/ma2c_real_old_continue/model_traffic/checkpoint-2267760.index,15677,0c8a62e196d5bc99237625e5732c4264c2729081e8d04432fa327713e299c583
output_coevolution_real/ma2c_real_old_continue/model_traffic/checkpoint-2280960.data-00000-of-00001,15393256,31885fdd4a02652600b4084e41ad9ab737ebd25dab64a64f8d0403026fb1990d
output_coevolution_real/ma2c_real_old_continue/model_traffic/checkpoint-2280960.index,15677,d348ddc7245550917aeaa0f126f315b24dff3b298355855d41e4eacf2fd6c7dd
output_coevolution_real/ma2c_real_old_continue/model_traffic/checkpoint-2294160.data-00000-of-00001,15393256,bf56f52c23d9b109b583579037864cbf26479ec5e6850c94c7021f7b0ca9aa97
output_coevolution_real/ma2c_real_old_continue/model_traffic/checkpoint-2294160.index,15677,7a222609821cad65c8418d18d0e10346d113f09376e42b840bb979feaeb26881
output_coevolution_real/ma2c_real_old_continue/model_traffic/checkpoint-2307360.data-00000-of-00001,15393256,7936fb5bf86d4697c7670c620f2f102fd58c7babc88d1e7be032f1e3dccd6fd0
output_coevolution_real/ma2c_real_old_continue/model_traffic/checkpoint-2307360.index,15677,e8f32ed270f1944232d5ca27239a7a1e90b52467207d3bdd7d271eab94b2a938
output_coevolution_real/ma2c_real_old_continue/model_traffic/checkpoint-2320560.data-00000-of-00001,15393256,18b816b6e7a90e618200f95931a545793b564fdb1f112ee216813055efd8661f
output_coevolution_real/ma2c_real_old_continue/model_traffic/checkpoint-2320560.index,15677,968ae8ba292428b72655d3475f94ba9ecda146e2148eb648a5025482ec903619
output_coevolution_real/ppo/data/sumo_port_8000.log,560,ffabc6e04cf07074f63157dee9f291cae78161dbdee249040565271b00dbf9f2
output_coevolution_real/ppo/log/1774783888.log,0,e3b0c44298fc1c149afbf4c8996fb92427ae41e4649b934ca495991b7852b855
output_coevolution_real/ppo/log/1774788673.log,0,e3b0c44298fc1c149afbf4c8996fb92427ae41e4649b934ca495991b7852b855
output_coevolution_real/ppo/log/1774943975.log,0,e3b0c44298fc1c149afbf4c8996fb92427ae41e4649b934ca495991b7852b855
output_coevolution_real/ppo/model/checkpoint,265,9660182661db0e99400e666cfae83cbbe8162747cdad16074e8452dbf078254b
output_coevolution_real/ppo/model/checkpoint-1649040.data-00000-of-00001,11603944,37e0c7404720ab51b92c59741bd003b8b8b8ab2302116d46c93f3b80338fbe50
output_coevolution_real/ppo/model/checkpoint-1649040.index,12363,76943fa88ebf1a46383b74fb2e738b800dd13f244643e2b20d31cbf6c7396b1c
output_coevolution_real/ppo/model/checkpoint-1662240.data-00000-of-00001,11603944,3dabe595863eb4f036eb6fd561230df23423be8b5c19d58c950294a659f2f894
output_coevolution_real/ppo/model/checkpoint-1662240.index,12363,2aff55769c16bb0c6068c0b2349d8a6318bb00c0c68869fc227cb38b9c7558f0
output_coevolution_real/ppo/model/checkpoint-1675440.data-00000-of-00001,11603944,9cd3c63f10ad449fa5ea6f8b39db3353e993eb7c9877794ec39ab58640710b09
output_coevolution_real/ppo/model/checkpoint-1675440.index,12363,ec6654c528026deef2695544169b11ed585fee4c73800be0b94340b0418e1d62
output_coevolution_real/ppo/model/checkpoint-1688640.data-00000-of-00001,11603944,0db87aa33c7a91b62838196b3005bb2b089c061abe1c472779303fe96d67a90a
output_coevolution_real/ppo/model/checkpoint-1688640.index,12363,2cc0a5b1dec9d0489c93060f1747986aaccb60411f944e38b1ca49fe099d3a69
output_coevolution_real/ppo/model/checkpoint-1701840.data-00000-of-00001,11603944,dcc934d275a45c545dca35ee1c497e2f076c47372ee56e8442897a6e09180533
output_coevolution_real/ppo/model/checkpoint-1701840.index,12363,824430e593fc4425af025139c641270f8499c15930a63411d926ae5e33109e71
output_coevolution_real/ppo/model/checkpoint-490.data-00000-of-00001,34876660,c77c74f6372126cfe6f4570ea9a1f89e213a9e173d93939abfe19151eed4e29c
output_coevolution_real/ppo/model/checkpoint-490.index,38951,6c3d9d5d180f50ba89828b2148257ecf6bf869ff4a882483e7837f4686004830
output_coevolution_real/ppo/model/checkpoint-500.data-00000-of-00001,34876660,ca1f3107852c2d73730c0e9b4b402800c3111b8c465ede44451e6359bcd6e41f
output_coevolution_real/ppo/model/checkpoint-500.index,38951,c5a2f25ccce0d1eb5c6c61efa6308b06dd349d415dabb6368d34b3ae3afc36bf
output_coevolution_real/ppo/model/checkpoint-510.data-00000-of-00001,34876660,56bf601a4d700edbe5bcd6949eb60e155a969cce0a303200cde98bd975359cf0
output_coevolution_real/ppo/model/checkpoint-510.index,38951,6433a1c732bee18470048b38334cfdb01f3f6283c61fc13ffcf2c209a38b8df8
output_coevolution_real/ppo/model/checkpoint-520.data-00000-of-00001,34876660,a145f61623ed228ab0e0f839a6bb69d321dfbbc267307aae3dfed27fec8e3447
output_coevolution_real/ppo/model/checkpoint-520.index,38951,40b6d15fd0aeef5a63ef2f409f1c544d0ddd7197289e490244ecb2fcb63672af
output_coevolution_real/ppo/model/checkpoint-530.data-00000-of-00001,34876660,9cc34c130866645abd372262b89e485be4e0c1b76f41fdf23a4fc7c9002c4765
output_coevolution_real/ppo/model/checkpoint-530.index,38951,e34e2b7a93fc2917fd9afde8a797a6cf59b474386cbcab0f809da032c317f8cc
output_coevolution_real/ppo/model_adversary/checkpoint,805,e6a56cefcb001193a5942183697597398a37f594fdfa36924821cfe137cc0ee9
output_coevolution_real/ppo/model_adversary/checkpoint-490.data-00000-of-00001,34876660,c77c74f6372126cfe6f4570ea9a1f89e213a9e173d93939abfe19151eed4e29c
output_coevolution_real/ppo/model_adversary/checkpoint-490.index,38951,6c3d9d5d180f50ba89828b2148257ecf6bf869ff4a882483e7837f4686004830
output_coevolution_real/ppo/model_adversary/checkpoint-500.data-00000-of-00001,34876660,ca1f3107852c2d73730c0e9b4b402800c3111b8c465ede44451e6359bcd6e41f
output_coevolution_real/ppo/model_adversary/checkpoint-500.index,38951,c5a2f25ccce0d1eb5c6c61efa6308b06dd349d415dabb6368d34b3ae3afc36bf
output_coevolution_real/ppo/model_adversary/checkpoint-510.data-00000-of-00001,34876660,56bf601a4d700edbe5bcd6949eb60e155a969cce0a303200cde98bd975359cf0
output_coevolution_real/ppo/model_adversary/checkpoint-510.index,38951,6433a1c732bee18470048b38334cfdb01f3f6283c61fc13ffcf2c209a38b8df8
output_coevolution_real/ppo/model_adversary/checkpoint-520.data-00000-of-00001,34876660,a145f61623ed228ab0e0f839a6bb69d321dfbbc267307aae3dfed27fec8e3447
output_coevolution_real/ppo/model_adversary/checkpoint-520.index,38951,40b6d15fd0aeef5a63ef2f409f1c544d0ddd7197289e490244ecb2fcb63672af
output_coevolution_real/ppo/model_adversary/checkpoint-530.data-00000-of-00001,34876660,9cc34c130866645abd372262b89e485be4e0c1b76f41fdf23a4fc7c9002c4765
output_coevolution_real/ppo/model_adversary/checkpoint-530.index,38951,e34e2b7a93fc2917fd9afde8a797a6cf59b474386cbcab0f809da032c317f8cc
output_coevolution_real/ppo/model_adversary/checkpoint-950.data-00000-of-00001,34876660,7d2611849615691ebb6a13b83b365aef3292d69b5457b89884ce1ec07cf67560
output_coevolution_real/ppo/model_adversary/checkpoint-950.index,38951,ccd96f0bb882efde1743601410d503384ad3cfb3d02cc47049a06e600ebe3542
output_coevolution_real/ppo/model_adversary/checkpoint-960.data-00000-of-00001,34876660,955af072bea179a3a7057f7a25410c3ac9aa990c968b5c188bef89078a3a6dac
output_coevolution_real/ppo/model_adversary/checkpoint-960.index,38951,14e495da74208c92b2db268e0d2a69e0bc899cc8694de5b308e0073220e347ef
output_coevolution_real/ppo/model_adversary/checkpoint-970.data-00000-of-00001,34876660,6ca95082ef65b7c196238546f66fca1b785c2c9debc1c5c3babe07ff67a6fb68
output_coevolution_real/ppo/model_adversary/checkpoint-970.index,38951,63d9a3d78903ba269f263467d9d6112a5a5140348c985f15a74a1204b290f6a9
output_coevolution_real/ppo/model_adversary/checkpoint-980.data-00000-of-00001,34876660,b0c9be5df45f166e1e46a71664192150899c940c2b2b6f29bc8a3bc799f3154c
output_coevolution_real/ppo/model_adversary/checkpoint-980.index,38951,beb91a31646dd406a21a36fd5e15185b85ea5162fdd6a2c0aa31b1da072de90c
output_coevolution_real/ppo/model_adversary/checkpoint-990.data-00000-of-00001,34876660,3b5d26264be5b85cc0ccb453a93ca9929d035147b9dec06e417ef263cbb70bba
output_coevolution_real/ppo/model_adversary/checkpoint-990.index,38951,a1bbd67097d8577db5b47ff789fdf929ca35e969ad337a55d6d0bc468d25859d
output_coevolution_real/ppo/model_traffic/checkpoint,817,139f3eb23621763ddca36e3181ec0de77c7819266a3ed527c99e5bd8658102a5
output_coevolution_real/ppo/model_traffic/checkpoint-1649040.data-00000-of-00001,11603944,37e0c7404720ab51b92c59741bd003b8b8b8ab2302116d46c93f3b80338fbe50
output_coevolution_real/ppo/model_traffic/checkpoint-1649040.index,12363,76943fa88ebf1a46383b74fb2e738b800dd13f244643e2b20d31cbf6c7396b1c
output_coevolution_real/ppo/model_traffic/checkpoint-1662240.data-00000-of-00001,11603944,3dabe595863eb4f036eb6fd561230df23423be8b5c19d58c950294a659f2f894
output_coevolution_real/ppo/model_traffic/checkpoint-1662240.index,12363,2aff55769c16bb0c6068c0b2349d8a6318bb00c0c68869fc227cb38b9c7558f0
output_coevolution_real/ppo/model_traffic/checkpoint-1675440.data-00000-of-00001,11603944,9cd3c63f10ad449fa5ea6f8b39db3353e993eb7c9877794ec39ab58640710b09
output_coevolution_real/ppo/model_traffic/checkpoint-1675440.index,12363,ec6654c528026deef2695544169b11ed585fee4c73800be0b94340b0418e1d62
output_coevolution_real/ppo/model_traffic/checkpoint-1688640.data-00000-of-00001,11603944,0db87aa33c7a91b62838196b3005bb2b089c061abe1c472779303fe96d67a90a
output_coevolution_real/ppo/model_traffic/checkpoint-1688640.index,12363,2cc0a5b1dec9d0489c93060f1747986aaccb60411f944e38b1ca49fe099d3a69
output_coevolution_real/ppo/model_traffic/checkpoint-1701840.data-00000-of-00001,11603944,dcc934d275a45c545dca35ee1c497e2f076c47372ee56e8442897a6e09180533
output_coevolution_real/ppo/model_traffic/checkpoint-1701840.index,12363,824430e593fc4425af025139c641270f8499c15930a63411d926ae5e33109e71
output_coevolution_real/ppo/model_traffic/checkpoint-2256240.data-00000-of-00001,11603944,d7fac06322513ffb01b55394a092ac8eb0e03ab5b3d54fcade6821b8506322da
output_coevolution_real/ppo/model_traffic/checkpoint-2256240.index,12363,2d560cff70d93ead0ebfb200c31dfa1c630523d7002b927c9271e7a55c4f8d1a
output_coevolution_real/ppo/model_traffic/checkpoint-2269440.data-00000-of-00001,11603944,9f48e6110f5a32b4a6764bd62b337919f6a99184205b609d2786ce528082c1cf
output_coevolution_real/ppo/model_traffic/checkpoint-2269440.index,12363,5e041c92753ad4672409c4aeb0af22bff8a5ea77373a9b4410cdbf30cc9fc15b
output_coevolution_real/ppo/model_traffic/checkpoint-2282640.data-00000-of-00001,11603944,028271067365a3fe3abe9e106ef7b2e19fc0bab63b7069468a978284973aa79f
output_coevolution_real/ppo/model_traffic/checkpoint-2282640.index,12363,f8162fd8a019097383a294122aba9f990a539543602ab7fe2695dd970f069b2f
output_coevolution_real/ppo/model_traffic/checkpoint-2295840.data-00000-of-00001,11603944,b760f3797d890cd66b78b353b1b4c2c35bc817fe393c0c4d93ef69da6b6a7ae6
output_coevolution_real/ppo/model_traffic/checkpoint-2295840.index,12363,226763a65a4e43f3e1541d332ea16bce6344572003709758b633df6bd84ce97c
output_coevolution_real/ppo/model_traffic/checkpoint-2309040.data-00000-of-00001,11603944,ceeff84664c5e8ec2641d594ad04b429172213e72280fda74cac124acc6deaa4
output_coevolution_real/ppo/model_traffic/checkpoint-2309040.index,12363,c7fd6e904ca90d98690de7b53c8743c42c35d22a70137bed9e694ccbe7094805
output_result/large_grid_greedy_control.csv,56951,0ed4e35873387972401fa481b8aa8fb5babe1565d8c59781a1668a3dab8427b4
output_result/large_grid_greedy_traffic.csv,309873,547e6bede53f236c8e1660d1a77b03a47c73872ebbcf3dad717b4f0326ee9705
output_result/large_grid_greedy_trip.csv,174999,9e5e6a7da90245934fff7b1afe4739dabd487f641d03f4f7576a2ecda37b9ad5
output_result/large_grid_reward.png,20854,d838284708ae99b46b408a97da126e297e6b4b75473adbb21e5f89dea0429ea2
output_result/large_grid_wait.png,13649,1b723401d45e2581315ebddedfd8391eba217baff8c00d176cf5748004f41f64
output_result/large_grid_wave.png,11292,18a2d8bf30a5ac394441c75cb4f5e499446cec7adff0597d021d400afab92887
output_result/real_net_greedy_trip.xml,1235,d8d30766a9f8b7a21b8dec19101e6f1635e19d7f7acff302f40aa6f23d305f02
output_result/sumo_port_8002.log,0,e3b0c44298fc1c149afbf4c8996fb92427ae41e4649b934ca495991b7852b855
runs/eva_data/large_grid_ia2c_trip.xml,840515,1c70546d43f9565e73feb203b10172f8752495573c7a01c31cad8766263dddc6
runs/eva_data/large_grid_iqll_large_trip.xml,1068964,06a920edd0d0226516ac8ca6ff437a20688959a6e23942f8f6c5bd3e98d7f95f
runs/eva_log/1769000243.log,4097,e66e2a9f518ebc6d58e4eadb58a606052a3c1a299843c7ae8df9078f4c3bb46e
runs/eva_log/1769001091.log,155,771f0f9ef4dafbe21880610bdb4a7f64fc0364018698e10f477e9bc601e4f530
runs/eva_log/1769775237.log,4093,7da133bd891555fff853ef42398edf593285399738e0769e29e4b80eda726cc1
runs/eva_log/1770122620.log,152,cb60aebc634eb3df3030d9f2fe6d755366a116247ccb5ad72e5fb6cc154033c4
runs/eva_log/1770122648.log,3966,2798eda2176009847d9008a41145fee3c2a93703507f9e2f5ca1c8fcbeafdddc
runs/eva_log/1770122821.log,146,0b9e266daf60420a5095841a63fb98e5df442141131c63d4760b303cdd76101c
runs/eva_log/1770122898.log,3966,675e167ad82436d2f956079372645c3836c04753818dbf62de6b094df28db801
runs/eva_log/1770122967.log,3966,44a7f90a03b13222809c242fc7d638b63b040983fb8de730b7ed52762cfd6829
runs/eva_log/1770123341.log,4189,27ed9cc9f287b98e6937dd70cc74a62ec0060ffdb10e25ed84170364053bd414
runs/ia2c_large/data/manual_signal_stacks.log,0,e3b0c44298fc1c149afbf4c8996fb92427ae41e4649b934ca495991b7852b855
runs/ia2c_large/data/stall_watchdog_stacks.log,2684493,6fd826a7047024d58218869eb9a9b6365874a444518d6ca0503632b03f9f3bca
runs/ia2c_large/data/train_reward.csv,1761,a8a4b2e4086f0e168eee4426094dd4574288fddffc2cd3c0664974e66a2e3da2
runs/ia2c_large/eva_log/1770119694.log,146,a79faca5c4eb974264b6ddd6f015bc1cb549bd6109c80d1865c974b6e1e5dfa0
runs/ia2c_large/eva_log/1770119785.log,152,f6c570e6d6ba2dfd432a4da86c05125b7f5e943f39622c4519b2017034a43d4a
runs/ia2c_large/eva_log/1770119840.log,152,fac1dfe319eeec206feb4c164c8d1e0d6c9de612c7fe28a05ba79a0a6b3b1065
runs/ia2c_large/log/1771668063.log,399504,5efaaf095b74c58459f61cb53ea1ab5c3e5e38126de57ae9303713864bb4b412
runs/ia2c_large/log/1771683066.log,1933110,a8a7de4a7bfc21787ca95c608b81f0d4b139b957fe3b4e5c4e8bbc22df28a490
runs/ia2c_large/log/1771797945.log,2382279,8a90011ddc38b790b55e572d02422bd166b17fd810aaa557aeea96fa5b9bc847
runs/ia2c_large/log/1771835968.log,179381,be7789c16d0b9ac796164af4021d7f14471dc2b6a689a15793143c86c7f4b27e
runs/ia2c_large/model/checkpoint,141,1b31e56b02fab4f0d806bb2a1a33e56ec8f669073bd5a2ee910b33f2cda28092
runs/ia2c_large/model/checkpoint-1000920.data-00000-of-00001,12274520,35bbdccbd56b36446b03bd5e4fde489f70906a13c4e85efcc00aa0f1618ef586
runs/ia2c_large/model/checkpoint-1000920.index,13940,48f3904d17f7116d149d7dfcd1e7aaa72c425c75cb04e88e2c2f1eb61da3a2be
runs/ia2c_large/monitor.log,11046943,fbc9eab09732add3e5f2cd67e69758f2e70b85360f3ccad1ebbdeb6137b63f91
runs/ia2c_large/monitor.pid,6,e3f4d28f7a7c79365e90d9db3232d02c591df11aae27fa82b8af0f4fb460a21e
runs/ia2c_large/monitor_stdout.log,22,0ea7cf1d885ad4976e0150df9dce6ffc37f00cf7db07e24b2b2e886ad0493c46
runs/ia2c_large/restart_stdout.log,12374,16f8cf95b46b2e70d18166f68c2ecbb46f1105e60733199934e2e391de539367
runs/ia2c_large/trainer_restart.pid,6,b0c3f3a3f8311d8a1fd8a4826a2cf85158e73af939fb8fc6402d363e876c822e
runs/ia2c_large/triage/freeze_snapshot_20260221_150632.txt,28388,a27a0fa2a5a1a6bfda7be5839d38bd0f0cbefaa21a9caa8a5d89408e689bce4b
runs/ia2c_large/triage/freeze_snapshot_20260221_150657.txt,18146,d7bf772d2958b3064969b537fa6a5411f019c58df504a8d19841ca8dcb2cff08
runs/ia2c_large/triage/freeze_snapshot_20260222_225346.txt,52135,3e5a353733736bf3ff51a79eb5d80cfc24687f888eae07c6443dd970d5c493f7
runs/ia2c_real/data/manual_signal_stacks.log,0,e3b0c44298fc1c149afbf4c8996fb92427ae41e4649b934ca495991b7852b855
runs/ia2c_real/data/stall_watchdog_stacks.log,544635,e75afadaaee525ae60e2bc8e0b4ca9500d1d0d0e222c16e3c73aa8261f5d10b8
runs/ia2c_real/data/train_reward.csv,34698,9355d973f0b9dc4693c0b121b175060230792a56bff4d750a0f8c3a91fef7dc2
runs/ia2c_real/log/1770720842.log,3568,9cef11c08a371cbeb8e1a2302655b44fc2485dea46be64638342228d0a3f1bb5
runs/ia2c_real/log/1770811929.log,3825,1b60f058252d3acf9a1a544293e92957355758e2273f7c524aa9959c0f4d0e34
runs/ia2c_real/log/1770812089.log,3728,8c4f617f169108de241f7937ed18bfd0668e83fb5abe87eef7ad3fa0ce804756
runs/ia2c_real/log/1770813264.log,3728,c61dc29cb65d63034cfc2967fb5285780b3194485c2457000a5a0e90c078389e
runs/ia2c_real/log/1774964160.log,423078,448715f8347bc06e54e79e709971a84235b9b15007851f8bb99a96afb2e9bffb
runs/ia2c_real/log/1774994022.log,3145460,bf5d39dd1a995e260587c8514d6ee5c385120e3e6b74432e30b15c229033a553
runs/ia2c_real/model/checkpoint,286,f0283e9bd7da526c7be6ea1c2f10326abbe13b6623699a94e2ac18b4de93e556
runs/ia2c_real/model/checkpoint-1000000.data-00000-of-00001,11603944,7efadb113e0c9a10970114eba4aeecbd53e3a517fce2bcdb557486de2d187181
runs/ia2c_real/model/checkpoint-1000000.index,12363,d7c1ad918415c50e7a3238cadb4fca34ab5c1426005816767e30fecdfe7dfd7a
runs/ia2c_real/model/checkpoint-1001040.data-00000-of-00001,11603944,82312e98d36e5a97762037b758c44f277186b505a83afc26f7da1d880f5c628b
runs/ia2c_real/model/checkpoint-1001040.index,12363,855a4b81dce876f20b1f13a6d8f664662ea2910b45a4d90498fcaa9321c5b786
runs/ia2c_real/model/checkpoint-140000.data-00000-of-00001,11603944,eb40a78c7cf986a6779026c7a97d228dbe09062011186eea25bfb7564315cf81
runs/ia2c_real/model/checkpoint-140000.index,12363,d662a7b78567ea2655361bbe9c2acfd3aa7116744b0fae3514df240a152df5e6
runs/ia2c_real/model/checkpoint-150000.data-00000-of-00001,11603944,e1d61dc75db57b3f6f6d873a5129cebcc24b0d4d286012233ee43ee69e0c3b7c
runs/ia2c_real/model/checkpoint-150000.index,12363,659a7c88050f16f61303cd8b385dcf41a0dc1d3e2b0b66876b368c03e1aae17c
runs/ia2c_real/model/checkpoint-160000.data-00000-of-00001,11603944,1c11a4275e0afb12f7e5f577f4b9c91037745d5cd967cf3cffc7f5d32f88e6e9
runs/ia2c_real/model/checkpoint-160000.index,12363,53effcf921981ea686ee51afceb2c68d8d35044e78d4229356c2dc6409d942f7
runs/ia2c_real/model/checkpoint-170000.data-00000-of-00001,11603944,7003c24ea27b017bf689dd1c344bce701024a801c485ea8667f5c20ae42721ba
runs/ia2c_real/model/checkpoint-170000.index,12363,21f6b13b1ea79e9f5aa030de7fe09240e25f71638cdd75ed284dbd2e7040333f
runs/ia2c_real/model/checkpoint-180000.data-00000-of-00001,11603944,a705aef515d3ad8e5c707659eb52b501e2c4824c0ebd8ff8c9b71a138aa41897
runs/ia2c_real/model/checkpoint-180000.index,12363,e8059d6d01057c241e061d54a72e7ee25d401ca1c3d6a4846deacd3d84b4a4e8
runs/ia2c_real/model/checkpoint-970000.data-00000-of-00001,11603944,107f86b1f614de75d978f8418fce2a6c67e7b570dfdec1aa8fe58562ff00bedc
runs/ia2c_real/model/checkpoint-970000.index,12363,aaa1f38661afd20b80ce9779b438f414aff5cd36cc5844877b73c2093b241340
runs/ia2c_real/model/checkpoint-980000.data-00000-of-00001,11603944,73e05409791678decd579065d88be042148e9bb27e67fd95dee3a6a95a6fa03c
runs/ia2c_real/model/checkpoint-980000.index,12363,74f69a35dcb3e42efea1a3050fe47e44656a6c9c69ec3c0c3e7a3f717bd9dd9a
runs/ia2c_real/model/checkpoint-990000.data-00000-of-00001,11603944,24561c0c585d41766c0e8125c64bca4b731f930bb52dc5ab5208fa49b2b7dc1f
runs/ia2c_real/model/checkpoint-990000.index,12363,359e11f06dd33c829acd7bcfc89288ac5fc7fc12b1f0f675120d8383ab0a89c1
runs/iqll_large/data/manual_signal_stacks.log,0,e3b0c44298fc1c149afbf4c8996fb92427ae41e4649b934ca495991b7852b855
runs/iqll_large/data/train_reward.csv,42944,030daf8f2cea146cc2d6d23369f43e0e11cbff2ede41396604ff1c4c8a902c88
runs/iqll_large/eva_log/1768306215.log,150,98a174a5070303e0dcd075eab53a9ca43f4c065690c2e95f409219731e22fcc4
runs/iqll_large/eva_log/1768306592.log,156,bd25a15d5e9dcaa2e6cbdb11642bb01350fcd8d8e7aceb3762dc2e055588322d
runs/iqll_large/eva_log/1769000193.log,162,7f4fec5f89d6f36b8cff6c2f8ea7bd2c8b0a5656acca99b106c1c960485966a1
runs/iqll_large/log/1772246383.log,185,fc000a5a5e1d44fd5c31cf803adcd8ec8bc777f3535d56e1e414ef20bfd46a33
runs/iqll_large/log/1772246423.log,185,178744c2cac3b1c1a9f41c08b87173393473421e4702b4e5834872b782fe7bc7
runs/iqll_large/log/1772246824.log,2385004,74f738fc4e2c09a8dc901223ecc1a0d7cf7df025b42051f8f9ad45ed514528de
runs/iqll_large/model/checkpoint,286,bb6c532b0e2b4611d0d5da5c5c4a74c3b0eb4586084fb65fec96a0d4609c0495
runs/iqll_large/model/checkpoint-1000000.data-00000-of-00001,16100,d78ac30fcf5babcd01d73fe2238373896443a53f5a2c1c1556bb5153ce3c147a
runs/iqll_large/model/checkpoint-1000000.index,1546,031169607494e5ab05a4d81f4e1a1d049126ed2355588a65c206f9612504e292
runs/iqll_large/model/checkpoint-1000080.data-00000-of-00001,16100,1a076fb54f47265ac060b7d140a121c11f20351c8ba44adb20d7d786dcbbd45b
runs/iqll_large/model/checkpoint-1000080.index,1546,d32da5bee6d123fd0196f201f1efec0424bc1b982032d2f9dff1e3ef25a637b1
runs/iqll_large/model/checkpoint-1000560.data-00000-of-00001,16100,ae349d38fe2ca29158a7036115b842eefd134d7216bec0ba0e5aa3e0b3cfebf1
runs/iqll_large/model/checkpoint-1000560.index,1546,6d3a4f5ce32411add14a4110cbe17623b4c13d619f42c4989a9a0821ec6fd3ff
runs/iqll_large/model/checkpoint-970000.data-00000-of-00001,16100,44aeb1c76d5d6545c9be9e1a0bfc469fa38ae374884deab89d457a0830c181e9
runs/iqll_large/model/checkpoint-970000.index,1546,03043bc120c703208d9700fddac163efbfdd6a4201fab07820b6391f25767d22
runs/iqll_large/model/checkpoint-980000.data-00000-of-00001,16100,53ea185de2aa51090df8a3a0ad50dc5a6978f53d5fb445bb3616b921c11a3e18
runs/iqll_large/model/checkpoint-980000.index,1546,c16550e55a6c2cf0196767dcdae76e3e1e81af470a0c7d9c8be7978829638595
runs/iqll_large/model/checkpoint-990000.data-00000-of-00001,16100,ebf926621c58c603baf24cb2ff1178b389e922ec7281a0df02c74ff01681028d
runs/iqll_large/model/checkpoint-990000.index,1546,dbf8bb23a9e335576a1e984406c2bc24d2cc64fc531e40dc587efaa811d7ad9c
runs/iqll_real/data/manual_signal_stacks.log,0,e3b0c44298fc1c149afbf4c8996fb92427ae41e4649b934ca495991b7852b855
runs/iqll_real/data/train_reward.csv,42563,869d5de0bc70e5bcdb0118e413aa8c57813e2d3e1d9c7a8e56002ab318af8229
runs/iqll_real/log/1774944903.log,2116815,9895fa58b5e59d535b96cfc1bc7e5ab670db16369b17a17941b5f98fc4393ec9
runs/iqll_real/model/checkpoint,286,bb6c532b0e2b4611d0d5da5c5c4a74c3b0eb4586084fb65fec96a0d4609c0495
runs/iqll_real/model/checkpoint-1000000.data-00000-of-00001,7280,d5a4cd80bbf8c358e3c79b22dd99bfb31d04f6ac8dac6e4237d2c8606f6f636a
runs/iqll_real/model/checkpoint-1000000.index,1705,57822ddd5ccfc62ba609553c638c2639f982d5864999376f97db6dea2adfa57e
runs/iqll_real/model/checkpoint-1000560.data-00000-of-00001,7280,9842d84b00d0c90710789af03a295b4cdd64e7f6f36495f1270f135a1d08307f
runs/iqll_real/model/checkpoint-1000560.index,1705,46e9df6b1a3203efd303f3828f8afd86c98ce8b490bfe481bf859d131279306d
runs/iqll_real/model/checkpoint-970000.data-00000-of-00001,7280,8d9b97260c957ea3fdefbf6fe6eb91b81bfc2558a14ae0b1d5a58fe6a73d84d3
runs/iqll_real/model/checkpoint-970000.index,1705,7efeb7528bd89c92ac66b094dbb08ede8cfc2b1f8fe9a5e2cd297549747cfe5a
runs/iqll_real/model/checkpoint-980000.data-00000-of-00001,7280,ee9e8791cc56f13c029e0543414c25261857710e3f5ba548bc9e9321ea4d119b
runs/iqll_real/model/checkpoint-980000.index,1705,96980f04060fff28d17b2c1ae59ba09195f1cd80b70344b2d40b105a2791df3f
runs/iqll_real/model/checkpoint-990000.data-00000-of-00001,7280,56e0415d569e105bf63ddc002d1be114eaa98d5b73765545b21a3ef927528ccc
runs/iqll_real/model/checkpoint-990000.index,1705,1e0dc561223f1305845035cdd4c111f01e0ba23b94f97e69ead0afd6a3dee4e0
runs/ma2c_large/data/manual_signal_stacks.log,0,e3b0c44298fc1c149afbf4c8996fb92427ae41e4649b934ca495991b7852b855
runs/ma2c_large/data/stall_watchdog_stacks.log,2336,9edf885cdc5dd012e4d4bc9f4a153d71bb5159316100c143dbaa997161e73bf5
runs/ma2c_large/data/train_reward.csv,42823,eda3bb65dd20e4bfb752d4ea7be7eab929915b179848e72ec9c5bd1ec1e68907
runs/ma2c_large/log/1772044563.log,3257460,828c3b9f92343b31904dc867418f183c92f812a98f72389f864f4896f61d2540
runs/ma2c_large/model/checkpoint,285,2c8ac26a7459c2d982ea0c897bf68f7c9849e4f4ef4362fc8e52411a8c465b3a
runs/ma2c_large/model/checkpoint-1000560.data-00000-of-00001,15727960,911e2c9458582275c9572ca8f797b281ec32fe559e54a191eaf1195f9f9e7f98
runs/ma2c_large/model/checkpoint-1000560.index,16924,ec8f3fc2ec5ccfcefd9835de89ad6ca23b17128f05a9d2494037982f1e26e119
runs/ma2c_real/data/manual_signal_stacks.log,0,e3b0c44298fc1c149afbf4c8996fb92427ae41e4649b934ca495991b7852b855
runs/ma2c_real/data/train_reward.csv,42710,4ac8afba331ecff70da9210fe544a2faa3a17146a021d3b2978c246493baf7a4
runs/ma2c_real/log/1775235024.log,2793564,50cc8d4fb9c4b6d9778df5c8c34a9e942735790dfc4b74208c7d39e3a4623236
runs/ma2c_real/model/checkpoint,286,bb6c532b0e2b4611d0d5da5c5c4a74c3b0eb4586084fb65fec96a0d4609c0495
runs/ma2c_real/model/checkpoint-1000000.data-00000-of-00001,15393256,ca62eeadff4faa4dd33332354b17856758b4fa5f692196b7ce9f49d3cb3b1115
runs/ma2c_real/model/checkpoint-1000000.index,15677,b7642ce541ea6fa0f687c0fabb53a6e96c57d05e7383edb4506370b525cef95a
runs/ma2c_real/model/checkpoint-1000560.data-00000-of-00001,15393256,b0bee69146522ae05a57f69e6c88b1c3bd2e217d3bea674e124cc768f759fcf6
runs/ma2c_real/model/checkpoint-1000560.index,15677,3f09bc834a492290c7087af06125032fa9208022d9c616cff50d79fe311f9080
runs/ma2c_real/model/checkpoint-970000.data-00000-of-00001,15393256,07da18e845ee5cdb81a493d6793b833f1ca16dc84f4657faa05668f813317936
runs/ma2c_real/model/checkpoint-970000.index,15677,ba06f2e2ec6beaf274c52cdb48409b00ad4763b4fede15e70d427d02e3b53e41
runs/ma2c_real/model/checkpoint-980000.data-00000-of-00001,15393256,de4cf02117fc825a18a22b3072e26394427d8ff0ac0a7eca71593c8faf45e6e5
runs/ma2c_real/model/checkpoint-980000.index,15677,d7b1e3f5c7bc63e7bbdcf53a50b8e51bb31235403908bdb0179015cb326c3fa1
runs/ma2c_real/model/checkpoint-990000.data-00000-of-00001,15393256,27a04c530878780729368ed1ba85d4126a93b6e7ca5af90ea5f8b4c6db72d519
runs/ma2c_real/model/checkpoint-990000.index,15677,4056a71a522ea8fc7a7ebbd0f9a131d610754a878fb3ccdc40729874c773e37b
runs/ppo_large/data/manual_signal_stacks.log,0,e3b0c44298fc1c149afbf4c8996fb92427ae41e4649b934ca495991b7852b855
runs/ppo_large/data/train_reward.csv,42249,1013e6918cb427f5f0ecb167e4d03e15ea46c0fe08cc51795f45dc658c0a9514
runs/ppo_large/log/1773058333.log,4358096,eda1b6d6d64553684605663032acfec495c86e6f8e119f88d0182bfc786b93ca
runs/ppo_large/log/1775030857.log,6462,2f7a6ba015479a9d71525904334283993535c9e55e9b30b0132d961e9a0d46ac
runs/ppo_large/log/1775031807.log,6785,a53b66f471ed19e5380b723cbae25a49f1e141edce3049327beacddb9f077594
runs/ppo_large/model/checkpoint,285,2c8ac26a7459c2d982ea0c897bf68f7c9849e4f4ef4362fc8e52411a8c465b3a
runs/ppo_large/model/checkpoint-1000560.data-00000-of-00001,12274520,5490f57bb80a5398f707f390aaee512b4d4a59fbc4e63e82f7778913eab136d6
runs/ppo_large/model/checkpoint-1000560.index,13940,df9c4dfa59f04fee66a2fc8d51365af4e6756ad0aabf259f1d6d3e2028d6a250
runs/ppo_real/data/manual_signal_stacks.log,0,e3b0c44298fc1c149afbf4c8996fb92427ae41e4649b934ca495991b7852b855
runs/ppo_real/data/stall_watchdog_stacks.log,14016,72e947418ab81cf5725a656d16d45ab66ed510ff6ac1b9b62cd00218c4937f0a
runs/ppo_real/data/train_reward.csv,1689,dbaa60be3f409b0c76aff427bc86a03bc75ce476600b299180a8e613b41bdf60
runs/ppo_real/log/1774530252.log,3745990,b85193c95875bb2ec997243174785e4d242e2fe180f9b06eb431657bc23a0f4b
runs/ppo_real/log/1774626465.log,161634,b17916140a9608e1697def9cb3be3aba51494842b5f1159b3494792ca3b0cafa
runs/ppo_real/model/checkpoint,141,1b31e56b02fab4f0d806bb2a1a33e56ec8f669073bd5a2ee910b33f2cda28092
runs/ppo_real/model/checkpoint-1000920.data-00000-of-00001,11603944,a21434cf191b5a5f871c9fd222d248d04a3d567378f6366479582188fe9c9bfb
runs/ppo_real/model/checkpoint-1000920.index,12363,d3af3e2007f750090e4279c5c66d1d1615a13570934e1003654ae213ab453806
runs/ppo_real/model/checkpoint-840000.data-00000-of-00001,11603944,274b388c2c59736a49eb82db6099d4afbc441bf4fa726b7f94e251aa7966f7c6
runs/ppo_real/model/checkpoint-840000.index,12363,982d19dc892860f122c347fa9b01643eddd02fa5afcc3309592b879e8b9d27b9
runs/ppo_real/model/checkpoint-870000.data-00000-of-00001,11603944,30d384f3196d70d4dc2a6ddf49a61e2c4f170bf7849be5a98b64f3a01ade5f0b
runs/ppo_real/model/checkpoint-870000.index,12363,15c17effc62c37be9dd5416018cccb741c105467d3fe755fd55d21d9ffd432d4
runs/ppo_real/model/checkpoint-900000.data-00000-of-00001,11603944,30680e798486f47040b8fb022e995dff0bf09ff82d493a11503898092f72524f
runs/ppo_real/model/checkpoint-900000.index,12363,bacde332a0b373bf9812aa261210e6550a1bb4109b7adefcdcb832a1ed0325ad
runs/ppo_real/model/checkpoint-930000.data-00000-of-00001,11603944,399da40ebccbf5650746261f181782fbe32435cf8baab7d76afb8e6e3d29d8dc
runs/ppo_real/model/checkpoint-930000.index,12363,7cf06695923781e40ef3fcfecb16c0c3fc9c492abac1791e9bc714cb4e708f86
runs/ppo_real/model/checkpoint-960000.data-00000-of-00001,11603944,c413904bfce58597d31179583bc182c3c739ca45fb8e89e6dc07538bccba1976
runs/ppo_real/model/checkpoint-960000.index,12363,b9c9b0a89e799749fe345963bba6fdf93ad9cc47bf968ca64855072676717dc5
runs/ppo_real/model/checkpoint-990000.data-00000-of-00001,11603944,6aff4269e0335c898ea866b7aeaa6eb3d2541730ba051f8c9e67a8792a81d882
runs/ppo_real/model/checkpoint-990000.index,12363,dc0a530682fa04f46d10ac86b1c640eb85167566e83fe664b03173ca9e66a9da
runs_eval/eva_data/large_grid_iqll_trip.xml,1162726,0a253a00c0b9915d21e6b6334cdd52fbe2e7c01fa841f20e3dab2e1444cc0b4e
runs_eval/eva_log/1768306750.log,4096,60b9cdfa4a48454587e3dd5b4ff8cc858dde5cde242e668d6baf75144b45c975
runs_eval/iqll,61,a28f0d16df128bc309d1b596e5f8258d8b6f3458a7bff615a12dbcd6443e8705
runs_eval/manual_comparisons/IA2C_worst_queue_comparison.png,205149,072d3e39c5ee1ba76e012d4f85410bb2a70a6df2227f62ad16d2356fc01b80f9
runs_eval/manual_comparisons/IA2C_worst_speed_comparison.png,167806,1d403f716ef79214ffaac089b2dccd2d21b3d3cedf4ed60d626aed90d4719aea
runs_eval/manual_comparisons/IQL-LR_worst_queue_comparison.png,163828,4b9ea7a9304423ce335b8e6bd4499a98068bfc67ffb48c7d477999cfca09af75
runs_eval/manual_comparisons/IQL-LR_worst_speed_comparison.png,155175,fb03c6c768493542ae613c432d5a714e16debadcc30bc3e00589c5ae43fd1525
runs_eval/manual_comparisons/MA2C_worst_queue_comparison.png,221270,138e11c8819fcdcf919b7fe4f15fb0d36b4ab6e6ce626cb28dbd5acedb492ecb
runs_eval/manual_comparisons/MA2C_worst_speed_comparison.png,165639,a04bb96b8d95cf80fdf4e5a31fdd9828e615e27ae4fa916226557317f7ff07e1
runs_eval/manual_comparisons/PPO_worst_queue_comparison.png,183689,cd4bf3a2db2a0774700d4b8c2b9b2141794f471137cefce64a14dc5dd7353b64
runs_eval/manual_comparisons/PPO_worst_speed_comparison.png,202984,9288bb934fd452edd52fb8083263798313b6a6b4c88dea45889d1afd68de899d
runs_eval/revised/peak_validation/grid/baseline/peak_1.25/suite.json,776,ddb6b8730615f8503fb5cdd74a26be84e9d848f1f39a90048e1070f4941a07a2
runs_eval/revised/peak_validation/grid/baseline/peak_1.25/suite_result.json,217,c281eada509e2237db7e88f1182c57f73674422139ddd9382fb0462c25df4e80
runs_eval/revised/peak_validation/grid/baseline/peak_1.25/test/peak_1.25/rollout_01/attempt_001/environment.json,9506,13a68c759a2c95fc7a2b2415e5b62ab2196f0cb17c8e428e989626cf28661936
runs_eval/revised/peak_validation/grid/baseline/peak_1.25/test/peak_1.25/rollout_01/attempt_001/manifest.json,2722805,144d2097d1a0614e655eacaf5802edc643fbfdfbae2b8588ecc1a63eec98dac8
runs_eval/revised/peak_validation/grid/baseline/peak_1.25/test/peak_1.25/rollout_01/attempt_001/progress.jsonl,1090,e1478d803165a2efcb26f859fdda51e9659b1d223755818ff789d9f909ae8481
runs_eval/revised/peak_validation/grid/baseline/peak_1.25/test/peak_1.25/rollout_01/attempt_001/result.json,1148,d66612beecb1c58d2e8def4498113a5e4ea9c892a2a8ccbe1cec8547da3fd0fa
runs_eval/revised/peak_validation/grid/baseline/peak_1.25/test/peak_1.25/rollout_01/attempt_001/rollout.controls.jsonl,244001,d7f2b03860368d2b0f26b2a8708486496e97f52ced1f6371e3e5bceb89d5cb40
runs_eval/revised/peak_validation/grid/baseline/peak_1.25/test/peak_1.25/rollout_01/attempt_001/rollout.jsonl,571127,22688b0fbbca6ea7267600666b5f3b680ffe43ba406ad8c9cc093bfccc8b769a
runs_eval/revised/peak_validation/grid/baseline/peak_1.25/test/peak_1.25/rollout_01/attempt_001/rollout.npz,80079,45d532ca206aaaabf5dee64b1d093d9fdc8e436a77eeb302a12fcb66449f6052
runs_eval/revised/peak_validation/grid/baseline/peak_1.25/test/peak_1.25/rollout_01/attempt_001/rollout_summary.json,997,57ec58386bbabd0fc39ce813e5b07978b1f384e67927959f04805f4cbc268dd8
runs_eval/revised/peak_validation/grid/baseline/peak_1.5/suite.json,774,49222d648197356f98f0591a78967550fd2a974af4ae0b5139bb2e1d7dcd463c
runs_eval/revised/peak_validation/grid/baseline/peak_1.5/suite_result.json,215,a2ee3ddf8d836313d54d5b23cd3d938e5a3ee7dfa1ad6d974ef0e241a6402742
runs_eval/revised/peak_validation/grid/baseline/peak_1.5/test/peak_1.5/rollout_01/attempt_001/environment.json,9506,13a68c759a2c95fc7a2b2415e5b62ab2196f0cb17c8e428e989626cf28661936
runs_eval/revised/peak_validation/grid/baseline/peak_1.5/test/peak_1.5/rollout_01/attempt_001/manifest.json,2722801,6f186080b7747603803a51c033786c07c529d297b3f6d966b40efc4feb56aee8
runs_eval/revised/peak_validation/grid/baseline/peak_1.5/test/peak_1.5/rollout_01/attempt_001/progress.jsonl,1090,08aa6570e383dad26d1eb9f5e58a747040809b1f4f43f66480cd8d4d81316a9f
runs_eval/revised/peak_validation/grid/baseline/peak_1.5/test/peak_1.5/rollout_01/attempt_001/result.json,1148,096221a6b08a27d963ea1d3c764f6b90f656b37be5b73b384429ac88b67a068e
runs_eval/revised/peak_validation/grid/baseline/peak_1.5/test/peak_1.5/rollout_01/attempt_001/rollout.controls.jsonl,242851,d0900d8bda1215aa940448041ddd799d2f52188824d0e7fd018fe2bf0c950e4d
runs_eval/revised/peak_validation/grid/baseline/peak_1.5/test/peak_1.5/rollout_01/attempt_001/rollout.jsonl,571902,b236768f8991455f7bb947f7fa6888376d4cc5d4e62496fbd9758df83f41d7b8
runs_eval/revised/peak_validation/grid/baseline/peak_1.5/test/peak_1.5/rollout_01/attempt_001/rollout.npz,80866,2daf3fad4cf726766dd06e6a408305153f018e655cac27242d7977a5b388be4b
runs_eval/revised/peak_validation/grid/baseline/peak_1.5/test/peak_1.5/rollout_01/attempt_001/rollout_summary.json,996,d9c5e8a3a093a4ec5e5ed0cd22ee48a5721ea333d6fdc71bc75455929f649ade
runs_eval/revised/peak_validation/grid/domain_randomization/peak_1.25/suite.json,788,d4ae9a3ceb84a84d712b470e7482755cd72c10939a0281b5c5efd5be13b94307
runs_eval/revised/peak_validation/grid/domain_randomization/peak_1.25/suite_result.json,229,66e789d8753ccfa7b0beae88ac28c570ac9940a95aadecfebd85caf4577c7485
runs_eval/revised/peak_validation/grid/domain_randomization/peak_1.25/test/peak_1.25/rollout_01/attempt_001/environment.json,9506,13a68c759a2c95fc7a2b2415e5b62ab2196f0cb17c8e428e989626cf28661936
runs_eval/revised/peak_validation/grid/domain_randomization/peak_1.25/test/peak_1.25/rollout_01/attempt_001/manifest.json,2722853,32fbe7bc48aa40bb8b98f5c2b698b964d4e89fb7687fe8ca45b2d5ac386d16e9
runs_eval/revised/peak_validation/grid/domain_randomization/peak_1.25/test/peak_1.25/rollout_01/attempt_001/progress.jsonl,1090,7a3b2acb59b82a3395b606291bc2763850cbb86c024ca20f674c48a7ca818bd0
runs_eval/revised/peak_validation/grid/domain_randomization/peak_1.25/test/peak_1.25/rollout_01/attempt_001/result.json,1159,4a67ca2913dd829ff1b7732f009ddca07f90da6bfeb65dc276460af81c6dd3dc
runs_eval/revised/peak_validation/grid/domain_randomization/peak_1.25/test/peak_1.25/rollout_01/attempt_001/rollout.controls.jsonl,247276,8483a353267979eb4defb4441508a2d7dbc310cfde87214ba39364b540eecc69
runs_eval/revised/peak_validation/grid/domain_randomization/peak_1.25/test/peak_1.25/rollout_01/attempt_001/rollout.jsonl,571569,2330cb0e7ff371017326181c832f1e20eed25e9601d148eae85a391e8163d5e3
runs_eval/revised/peak_validation/grid/domain_randomization/peak_1.25/test/peak_1.25/rollout_01/attempt_001/rollout.npz,80419,1946c2dd524b38424e44732e2267beba69313b1e5bff86868a85e02ddd7b3b31
runs_eval/revised/peak_validation/grid/domain_randomization/peak_1.25/test/peak_1.25/rollout_01/attempt_001/rollout_summary.json,1008,5ddb52e3757ce43645bdc9a196f91d64784912222e2af84c3520e9c911fec479
runs_eval/revised/peak_validation/grid/domain_randomization/peak_1.5/suite.json,786,a05fc1ad0713a4b213a3e2f574d9fd099cc7e374ee85fe4cf53f04c8c19e7501
runs_eval/revised/peak_validation/grid/domain_randomization/peak_1.5/suite_result.json,227,36ee341b1bbd39926af76e0b0de5d448addad772ff6bc5bcab99afa1d1fa7b5c
runs_eval/revised/peak_validation/grid/domain_randomization/peak_1.5/test/peak_1.5/rollout_01/attempt_001/environment.json,9506,13a68c759a2c95fc7a2b2415e5b62ab2196f0cb17c8e428e989626cf28661936
runs_eval/revised/peak_validation/grid/domain_randomization/peak_1.5/test/peak_1.5/rollout_01/attempt_001/manifest.json,2722849,80201d82c7cc3cdddb94a659dc2c1b0eccb248d615c8a3eaf3127378d26acec5
runs_eval/revised/peak_validation/grid/domain_randomization/peak_1.5/test/peak_1.5/rollout_01/attempt_001/progress.jsonl,1112,7a648f39924fd7ae7932961c9d6eeee0ee74ab2d592920559a93df87bcca876c
runs_eval/revised/peak_validation/grid/domain_randomization/peak_1.5/test/peak_1.5/rollout_01/attempt_001/result.json,1161,d91c7fcf43c0fe1191f2f1e4887ca426f3482cac118674df06f30ad089861f7b
runs_eval/revised/peak_validation/grid/domain_randomization/peak_1.5/test/peak_1.5/rollout_01/attempt_001/rollout.controls.jsonl,237301,beddb135abfc0516c5f58e3b2be9dc998cea7aa1350dff6118367a01ef62efa9
runs_eval/revised/peak_validation/grid/domain_randomization/peak_1.5/test/peak_1.5/rollout_01/attempt_001/rollout.jsonl,570786,bd5714fe820fbd1e4e2cdeee13e801efb4b1aae8bf019309c14444de6671bc78
runs_eval/revised/peak_validation/grid/domain_randomization/peak_1.5/test/peak_1.5/rollout_01/attempt_001/rollout.npz,81461,6541d75748d4f0df203240f24d54059c1761441e01e6ebf643a840ac9b75c0d1
runs_eval/revised/peak_validation/grid/domain_randomization/peak_1.5/test/peak_1.5/rollout_01/attempt_001/rollout_summary.json,1009,a35e846a85d778e1b5bae68fd64c24b3724f492dd529c3673e92159922294fdb
runs_eval/revised/peak_validation/grid/fixed_wce/peak_1.25/suite.json,777,8e516e3673a48ef750bded9be8e9fe678858665c4ef731195779b7d47fcd08f2
runs_eval/revised/peak_validation/grid/fixed_wce/peak_1.25/suite_result.json,218,d7d4d27534f8597c7b854ae9c0b291095c59d49830d56d143982a820c2b8a6b8
runs_eval/revised/peak_validation/grid/fixed_wce/peak_1.25/test/peak_1.25/rollout_01/attempt_001/environment.json,9506,13a68c759a2c95fc7a2b2415e5b62ab2196f0cb17c8e428e989626cf28661936
runs_eval/revised/peak_validation/grid/fixed_wce/peak_1.25/test/peak_1.25/rollout_01/attempt_001/manifest.json,2722809,62d85e1046e2a87593cd849489a25644fbf5976722acdd05f4d6a4dcb024b3a3
runs_eval/revised/peak_validation/grid/fixed_wce/peak_1.25/test/peak_1.25/rollout_01/attempt_001/progress.jsonl,1087,ca64fe05887c9b2de2288fa0bf82b1d9fab694b341cbcd872321353a3d4c801e
runs_eval/revised/peak_validation/grid/fixed_wce/peak_1.25/test/peak_1.25/rollout_01/attempt_001/result.json,1149,d3c805cc28bc2bc8e9a532e010db61ec7a2698bf8b92c45f45ac14383e4bfb28
runs_eval/revised/peak_validation/grid/fixed_wce/peak_1.25/test/peak_1.25/rollout_01/attempt_001/rollout.controls.jsonl,242676,179dee4b06fbf3ede38b569187bba58647be5c575d9006c144644f48685b649a
runs_eval/revised/peak_validation/grid/fixed_wce/peak_1.25/test/peak_1.25/rollout_01/attempt_001/rollout.jsonl,571508,263b97b3585f40678c77ab2dbf9f6fb4dc0cfa40b5f1e795e1835182efde7bda
runs_eval/revised/peak_validation/grid/fixed_wce/peak_1.25/test/peak_1.25/rollout_01/attempt_001/rollout.npz,81991,4aeef25b10e1c40697beee50e5fe9aa5a5bffe539aaee9c7874866ea13798b90
runs_eval/revised/peak_validation/grid/fixed_wce/peak_1.25/test/peak_1.25/rollout_01/attempt_001/rollout_summary.json,998,f29156c1042e7f64388806cfee307495dd51b08b5fc1d08ca17925bf4270740f
runs_eval/revised/peak_validation/grid/fixed_wce/peak_1.5/suite.json,775,5657722670edbb2826a41da5af5714568f89e0c1aef2ed2a3ca411b289e14f8e
runs_eval/revised/peak_validation/grid/fixed_wce/peak_1.5/suite_result.json,216,c067a0eb2f2e68539845ef088af7d2550d7ef3ac5da461f2ddb2ead11956ee6d
runs_eval/revised/peak_validation/grid/fixed_wce/peak_1.5/test/peak_1.5/rollout_01/attempt_001/environment.json,9506,13a68c759a2c95fc7a2b2415e5b62ab2196f0cb17c8e428e989626cf28661936
runs_eval/revised/peak_validation/grid/fixed_wce/peak_1.5/test/peak_1.5/rollout_01/attempt_001/manifest.json,2722805,3ef4787b55e120e3460358a1a5eb7040f7baa226f9871ffa252896683a2f44d6
runs_eval/revised/peak_validation/grid/fixed_wce/peak_1.5/test/peak_1.5/rollout_01/attempt_001/progress.jsonl,1098,dd98d623422139135f6019737cf9945c4335395a9e5e30ea2cdd615acabd67bf
runs_eval/revised/peak_validation/grid/fixed_wce/peak_1.5/test/peak_1.5/rollout_01/attempt_001/result.json,1150,de6d3cdeb75ba04b2dbd1c166fedcf3bdc6384544014da9e95ed14082049cae0
runs_eval/revised/peak_validation/grid/fixed_wce/peak_1.5/test/peak_1.5/rollout_01/attempt_001/rollout.controls.jsonl,235476,ed6d40f001a3d4146b8dad84860adbf5d925489c2d468d0b47c776dd74aa391c
runs_eval/revised/peak_validation/grid/fixed_wce/peak_1.5/test/peak_1.5/rollout_01/attempt_001/rollout.jsonl,570201,aa5c2900c4e015eca76cf562529a6d41515b5115bb5deb7b923c7f4de70dae8d
runs_eval/revised/peak_validation/grid/fixed_wce/peak_1.5/test/peak_1.5/rollout_01/attempt_001/rollout.npz,82585,239c0bdc0d374e48dfa8d6d6cd1f645347029eb774f9f5789382f5dba3754cbe
runs_eval/revised/peak_validation/grid/fixed_wce/peak_1.5/test/peak_1.5/rollout_01/attempt_001/rollout_summary.json,998,dc5517d3c711329cd63d63827787b44a75abbac4b2ce9a1c6b85e0e7a7973be5
runs_eval/revised/peak_validation/grid/online_wce/peak_1.25/suite.json,778,a42b91f290c2bf5eacf3e07b03eac90d8fbc6f6592956353ae96f01d9b5c2d22
runs_eval/revised/peak_validation/grid/online_wce/peak_1.25/suite_result.json,219,6800466c1d4e21bf9b317f90680be030f2d431ec4d53d4706608af472e1e63cd
runs_eval/revised/peak_validation/grid/online_wce/peak_1.25/test/peak_1.25/rollout_01/attempt_001/environment.json,9506,13a68c759a2c95fc7a2b2415e5b62ab2196f0cb17c8e428e989626cf28661936
runs_eval/revised/peak_validation/grid/online_wce/peak_1.25/test/peak_1.25/rollout_01/attempt_001/manifest.json,2722813,1f4577c8c446e1e5eeec1a8c3d25e6354e72a319e7e7bb6fb9926800dbe9e4d7
runs_eval/revised/peak_validation/grid/online_wce/peak_1.25/test/peak_1.25/rollout_01/attempt_001/progress.jsonl,1097,a721d5687a71621ce652eabae7a3b422fc203651ac24e28c7157731590e8ec5c
runs_eval/revised/peak_validation/grid/online_wce/peak_1.25/test/peak_1.25/rollout_01/attempt_001/result.json,1149,1a3953f85358f6a007cbab61ea00438884adcb846f26092c31e6b3134d5145fe
runs_eval/revised/peak_validation/grid/online_wce/peak_1.25/test/peak_1.25/rollout_01/attempt_001/rollout.controls.jsonl,234776,e097f49de6bb48289564383f5c4ca622e9d84622babc5bae78a11da6740b4820
runs_eval/revised/peak_validation/grid/online_wce/peak_1.25/test/peak_1.25/rollout_01/attempt_001/rollout.jsonl,570567,d06de77ef4db2e315126873d3c85ce99df19ec440f92334bc5a4bee62aeaa280
runs_eval/revised/peak_validation/grid/online_wce/peak_1.25/test/peak_1.25/rollout_01/attempt_001/rollout.npz,80830,8435948ecbec3c0562cb3565530885b14ea1a945372726d7a172f11851859b5a
runs_eval/revised/peak_validation/grid/online_wce/peak_1.25/test/peak_1.25/rollout_01/attempt_001/rollout_summary.json,999,bde4e3618ed7d13148a1254b2a7b814295e222231fa49b4f3fa37a2591c24b92
runs_eval/revised/peak_validation/grid/online_wce/peak_1.5/suite.json,776,112ad95d30a7e6dccf5d0df2279e97b0b29f85e7cf2dd4970c6e5a0bed8bfb98
runs_eval/revised/peak_validation/grid/online_wce/peak_1.5/suite_result.json,217,a7e0d82a2d8a76008033688de6285686849852fa7ff41d03cce47e229518dbc9
runs_eval/revised/peak_validation/grid/online_wce/peak_1.5/test/peak_1.5/rollout_01/attempt_001/environment.json,9506,13a68c759a2c95fc7a2b2415e5b62ab2196f0cb17c8e428e989626cf28661936
runs_eval/revised/peak_validation/grid/online_wce/peak_1.5/test/peak_1.5/rollout_01/attempt_001/manifest.json,2722809,38a4f0516355b61893f4db4a5de05a7f2f14773abbdf991c3ddec8f97d71bf01
runs_eval/revised/peak_validation/grid/online_wce/peak_1.5/test/peak_1.5/rollout_01/attempt_001/progress.jsonl,1075,206314c20e5cdc5623ac76e7c65f409cc7dc58fa9463d06f69259ae0bb142e39
runs_eval/revised/peak_validation/grid/online_wce/peak_1.5/test/peak_1.5/rollout_01/attempt_001/result.json,1149,34c01c1d58ae963b7ed1a3d2f46fba1de69b98865539e952ec29fda6345075ee
runs_eval/revised/peak_validation/grid/online_wce/peak_1.5/test/peak_1.5/rollout_01/attempt_001/rollout.controls.jsonl,232401,b0713813b76e201854518fd8be785a5642609ff734426bbbc97938d570206d14
runs_eval/revised/peak_validation/grid/online_wce/peak_1.5/test/peak_1.5/rollout_01/attempt_001/rollout.jsonl,569664,003abf0b5b5c3f825ae7ce63c7284ff25664ce8f564e12cdf321005e4b1b3cf7
runs_eval/revised/peak_validation/grid/online_wce/peak_1.5/test/peak_1.5/rollout_01/attempt_001/rollout.npz,80408,c21041876a293d9bc002692b58ca5f9a0c551916a5f3f4be8a6b762fae83da58
runs_eval/revised/peak_validation/grid/online_wce/peak_1.5/test/peak_1.5/rollout_01/attempt_001/rollout_summary.json,999,351c81c9b964c7cb582a387b6795364efae66a955190ebf6d1ab422b0c62bc5b
runs_eval/revised/peak_validation/grid/random_group/peak_1.25/suite.json,780,404ac3d1e04661d4e3b4e5efce7694e95bef1cad528e9b95ffab2c4df9839575
runs_eval/revised/peak_validation/grid/random_group/peak_1.25/suite_result.json,221,f4a4f565bbc664369c20c75003a2020a1f6319dea522068439e15b40010eed66
runs_eval/revised/peak_validation/grid/random_group/peak_1.25/test/peak_1.25/rollout_01/attempt_001/environment.json,9506,13a68c759a2c95fc7a2b2415e5b62ab2196f0cb17c8e428e989626cf28661936
runs_eval/revised/peak_validation/grid/random_group/peak_1.25/test/peak_1.25/rollout_01/attempt_001/manifest.json,2722821,343a41f86de7f932d93aed0e0a82490e88e0f32b50069ced8317fcd116485515
runs_eval/revised/peak_validation/grid/random_group/peak_1.25/test/peak_1.25/rollout_01/attempt_001/progress.jsonl,1097,20ead056abf61c192e7b2732365a94d6aa032d6a32e9988822dd13b1338975af
runs_eval/revised/peak_validation/grid/random_group/peak_1.25/test/peak_1.25/rollout_01/attempt_001/result.json,1142,40f12743fca19b409797be41e779b66063b2fccab33d26dfd21eec23eb217527
runs_eval/revised/peak_validation/grid/random_group/peak_1.25/test/peak_1.25/rollout_01/attempt_001/rollout.controls.jsonl,232251,0a8212a50a6d76adf042eb70c0149aae90aa34c116fab52743f7b8b9a4cde1ba
runs_eval/revised/peak_validation/grid/random_group/peak_1.25/test/peak_1.25/rollout_01/attempt_001/rollout.jsonl,571191,3c8c5a641b573a8715480b6b03565b2e3ae4148d5f6e0879035dcfe7d30b7d7a
runs_eval/revised/peak_validation/grid/random_group/peak_1.25/test/peak_1.25/rollout_01/attempt_001/rollout.npz,79556,77baa27393ea542b4693ed49704ea9892368a233dc6d3c9990751264eb528abc
runs_eval/revised/peak_validation/grid/random_group/peak_1.25/test/peak_1.25/rollout_01/attempt_001/rollout_summary.json,991,5fd7744e36a7e0aa51f984ff0e240adf3d6622613f668b1cce7a0166569da48b
runs_eval/revised/peak_validation/grid/random_group/peak_1.5/suite.json,778,a6378eb4113312900e5d9c6d3e4c773794afd76e31ac295c22bc9cec72ac5b72
runs_eval/revised/peak_validation/grid/random_group/peak_1.5/suite_result.json,219,7bdbe7ace14a2bd29ab940ab542941a2797cfbab584421a9c08e45941e3d337c
runs_eval/revised/peak_validation/grid/random_group/peak_1.5/test/peak_1.5/rollout_01/attempt_001/environment.json,9506,13a68c759a2c95fc7a2b2415e5b62ab2196f0cb17c8e428e989626cf28661936
runs_eval/revised/peak_validation/grid/random_group/peak_1.5/test/peak_1.5/rollout_01/attempt_001/manifest.json,2722817,e584c829e5f5d6b32120bd33dba8698e872315086dfbafffcb36c6e3234bff75
runs_eval/revised/peak_validation/grid/random_group/peak_1.5/test/peak_1.5/rollout_01/attempt_001/progress.jsonl,1090,5e320ab73f3db316c381d19fcd713762b0a3a5d8b347d4c8837f9075b2f0999d
runs_eval/revised/peak_validation/grid/random_group/peak_1.5/test/peak_1.5/rollout_01/attempt_001/result.json,1152,ac5bf772b0b051f6c996ec66c7ab57092bc6deed85379917841d715e9ad6ab3e
runs_eval/revised/peak_validation/grid/random_group/peak_1.5/test/peak_1.5/rollout_01/attempt_001/rollout.controls.jsonl,245401,fb10e04eb486c1452de6bb54c7f9d4571b544896e1a685f6583565ccf781e406
runs_eval/revised/peak_validation/grid/random_group/peak_1.5/test/peak_1.5/rollout_01/attempt_001/rollout.jsonl,570977,268de455384325d0aaeb8e48026541fc05def41ead9dfed5dfea45de95bfc386
runs_eval/revised/peak_validation/grid/random_group/peak_1.5/test/peak_1.5/rollout_01/attempt_001/rollout.npz,81970,d2af00b4bb2626f7b0535c95400f0792a36003f3c59075922e72968097134306
runs_eval/revised/peak_validation/grid/random_group/peak_1.5/test/peak_1.5/rollout_01/attempt_001/rollout_summary.json,1000,61268e625bdd565ca980301893a9975bc80522e5bf2649f09d73f59630931665
runs_eval/revised/peak_validation/grid_baseline_peak_1.5.log,231,42f5ee4e42a761413204cba8c5cde9057f6e5ee8dbf3a86a364978039c5e33ca
runs_eval/revised/peak_validation/grid_domain_randomization_peak_1.25.log,244,96a24541c974fdfc615d4086d37d2eab2e3629aeb758747bd68694df4c295daa
runs_eval/revised/peak_validation/grid_domain_randomization_peak_1.5.log,243,4fd99eb26bbaab7277c4372dc5a62dc7452c893e973188ad5dc43f8f8938d4c5
runs_eval/revised/peak_validation/grid_fixed_wce_peak_1.25.log,233,f22e905a20e506cf852893afe0fe53c11a234e872c48af225eaa89fc8643cd43
runs_eval/revised/peak_validation/grid_fixed_wce_peak_1.5.log,232,af4a957c6c35db576f0f0f51fae188b834aa21a5efc598d2f23194e23aaa004c
runs_eval/revised/peak_validation/grid_online_wce_peak_1.25.log,234,68aad8c103622d73c58b9f107fe339be7628f0903545bd353d53398dd895b4ac
runs_eval/revised/peak_validation/grid_online_wce_peak_1.5.log,233,3736427b0d018fa765c5a8bc8100972c970d45c98d93f350445b05c412b35d93
runs_eval/revised/peak_validation/grid_random_group_peak_1.25.log,236,d46428d697075599717500e18ec512cd8b66fda9db04ddd8242f934f0f062598
runs_eval/revised/peak_validation/grid_random_group_peak_1.5.log,235,ec1d184181c438fc9aa23c01a0498418d54868c413433ba67041e36335890cd3
runs_eval/revised/peak_validation/monaco/baseline/peak_1.25/suite.json,776,5249ecb19183a18b6af2d451483fc29a298ca33039293d1ab53637ce5cb71f5b
runs_eval/revised/peak_validation/monaco/baseline/peak_1.25/suite_result.json,219,ac83032f56f4427073dd2fe567822566b5c2cae97bc738dbe68815560e37a531
runs_eval/revised/peak_validation/monaco/baseline/peak_1.25/test/peak_1.25/rollout_01/attempt_001/environment.json,8464,a26e1ff11de2112d024741c81b2ae65d9bca35e98a68eaeaadeed147c9a2637f
runs_eval/revised/peak_validation/monaco/baseline/peak_1.25/test/peak_1.25/rollout_01/attempt_001/manifest.json,2024620,5b9ffad6083d249d3b362c48fb504990e4b7b1cee310256a8f6007e1951efcd6
runs_eval/revised/peak_validation/monaco/baseline/peak_1.25/test/peak_1.25/rollout_01/attempt_001/progress.jsonl,1098,da83a3ce2d3678d887fcf257eaa64888f6d07e7a0ad51de14cf3228581482846
runs_eval/revised/peak_validation/monaco/baseline/peak_1.25/test/peak_1.25/rollout_01/attempt_001/result.json,1146,c19d1198d91eb93d6789cd836dd04e5be0d9725d06a6fce610e0d0af2ffd6152
runs_eval/revised/peak_validation/monaco/baseline/peak_1.25/test/peak_1.25/rollout_01/attempt_001/rollout.controls.jsonl,249645,1d5bdb7c8dae20b55d71529b1fbfd483376e7c89cb3769c5e3ff16be13fed523
runs_eval/revised/peak_validation/monaco/baseline/peak_1.25/test/peak_1.25/rollout_01/attempt_001/rollout.jsonl,568345,76b20aa57f9453780f6b94cfea26190c7eba6d8c4eb6f6ba291fe75b2e20ccdb
runs_eval/revised/peak_validation/monaco/baseline/peak_1.25/test/peak_1.25/rollout_01/attempt_001/rollout.npz,65790,a92a2f9d9469a933cb97cd2a17b0f9ea279de5d689afa65e93c337e4a874154a
runs_eval/revised/peak_validation/monaco/baseline/peak_1.25/test/peak_1.25/rollout_01/attempt_001/rollout_summary.json,994,d3e00f3f76064c44f0b5858203fc40478503dc886d3ca3772b77df1e6dfeba8e
runs_eval/revised/peak_validation/monaco/baseline/peak_1.5/suite.json,774,381db41690d8231a236d2a943bbb695fda515a38c3107e52f294ca981f2a14b4
runs_eval/revised/peak_validation/monaco/baseline/peak_1.5/suite_result.json,217,bd783ce84c7611c9236e02c6e5507c2f545c8721c8959145b82af17f5ae13ac7
runs_eval/revised/peak_validation/monaco/baseline/peak_1.5/test/peak_1.5/rollout_01/attempt_001/environment.json,8464,a26e1ff11de2112d024741c81b2ae65d9bca35e98a68eaeaadeed147c9a2637f
runs_eval/revised/peak_validation/monaco/baseline/peak_1.5/test/peak_1.5/rollout_01/attempt_001/manifest.json,2024616,136a853dac02358c60bbcd221f766a765ebc6799571c65ac296e148fc1825d5e
runs_eval/revised/peak_validation/monaco/baseline/peak_1.5/test/peak_1.5/rollout_01/attempt_001/progress.jsonl,1078,ea0c8c5123842054dd31919a73bd08254f2df47cca1d82b07821dd23e1e33142
runs_eval/revised/peak_validation/monaco/baseline/peak_1.5/test/peak_1.5/rollout_01/attempt_001/result.json,1145,90c95b6ee0e3e8a34aece951cef7a66345422482d28c3302a6f6ceffc7528e59
runs_eval/revised/peak_validation/monaco/baseline/peak_1.5/test/peak_1.5/rollout_01/attempt_001/rollout.controls.jsonl,250289,be1e3d6b0ec1836590846a7aeed92def2a37210ca4122f8c8bc805661732de93
runs_eval/revised/peak_validation/monaco/baseline/peak_1.5/test/peak_1.5/rollout_01/attempt_001/rollout.jsonl,568762,b38543a36cd3a190d77da6dbb5cb30edcebde91ab0351f5b1f01673424d5541c
runs_eval/revised/peak_validation/monaco/baseline/peak_1.5/test/peak_1.5/rollout_01/attempt_001/rollout.npz,66174,71902a6bf254f67c7b4dfe35701507e5fb49803a25dee46d23fa2c0148969aec
runs_eval/revised/peak_validation/monaco/baseline/peak_1.5/test/peak_1.5/rollout_01/attempt_001/rollout_summary.json,994,bbaf128469f36ffd2bf04eff25ece4fba0f2fe7c7a44a71f1d656add9ae3dd22
runs_eval/revised/peak_validation/monaco/domain_randomization/peak_1.25/suite.json,788,d3dd4c7abcf3b24942fd4588d9a2097de5d7d7919029b4546a19e840e2d8d753
runs_eval/revised/peak_validation/monaco/domain_randomization/peak_1.25/suite_result.json,231,d271f31c75be49fbb06390c0dbf1157d424bec0d5914dd5e5f7875d2f7972d22
runs_eval/revised/peak_validation/monaco/domain_randomization/peak_1.25/test/peak_1.25/rollout_01/attempt_001/environment.json,8464,a26e1ff11de2112d024741c81b2ae65d9bca35e98a68eaeaadeed147c9a2637f
runs_eval/revised/peak_validation/monaco/domain_randomization/peak_1.25/test/peak_1.25/rollout_01/attempt_001/manifest.json,2024668,ff89db87e204d4cc71ca50ebcac99876a1ac85a4d1d47df34d8af287810738a9
runs_eval/revised/peak_validation/monaco/domain_randomization/peak_1.25/test/peak_1.25/rollout_01/attempt_001/progress.jsonl,1088,9846672a058a11b7ee84587751a73c8f5aeb2364ed54e37187206032f9b6d08c
runs_eval/revised/peak_validation/monaco/domain_randomization/peak_1.25/test/peak_1.25/rollout_01/attempt_001/result.json,1155,a8b6079f522d0fea0b4e59e423e6ea5a30754954efcc05c147f481a836a14b71
runs_eval/revised/peak_validation/monaco/domain_randomization/peak_1.25/test/peak_1.25/rollout_01/attempt_001/rollout.controls.jsonl,258409,7a2b268b6b7b9dc1f25d69066d864291a1af5f21b2fd8a419095ca1d9deca8ea
runs_eval/revised/peak_validation/monaco/domain_randomization/peak_1.25/test/peak_1.25/rollout_01/attempt_001/rollout.jsonl,568456,2630bf52eea4a308a67f81a25d16143f62b766a4303ba35edc5719e351f232c5
runs_eval/revised/peak_validation/monaco/domain_randomization/peak_1.25/test/peak_1.25/rollout_01/attempt_001/rollout.npz,65553,c3f3508a4d2cd5aa67e4fcfd12b2302f94c36058e33e05388228513df8d498d5
runs_eval/revised/peak_validation/monaco/domain_randomization/peak_1.25/test/peak_1.25/rollout_01/attempt_001/rollout_summary.json,1003,a9cd8702c71f5e74f9f05d6b10ac8cfa7f35364b5a08d3408bc7026e0722c61b
runs_eval/revised/peak_validation/monaco/domain_randomization/peak_1.5/suite.json,786,80ef6f485658e05ceef60362c279cf5a1339fbfe7054826b743085a13393e6f1
runs_eval/revised/peak_validation/monaco/domain_randomization/peak_1.5/suite_result.json,229,0c430c53d1d9d2331927ae6be8a0cddc77892ddba7fb3192deea194943e7a1c8
runs_eval/revised/peak_validation/monaco/domain_randomization/peak_1.5/test/peak_1.5/rollout_01/attempt_001/environment.json,8464,a26e1ff11de2112d024741c81b2ae65d9bca35e98a68eaeaadeed147c9a2637f
runs_eval/revised/peak_validation/monaco/domain_randomization/peak_1.5/test/peak_1.5/rollout_01/attempt_001/manifest.json,2024664,d9daafc79ea1bd8f11feee4f864733304fd75e51c480702a7e360bf39ede4721
runs_eval/revised/peak_validation/monaco/domain_randomization/peak_1.5/test/peak_1.5/rollout_01/attempt_001/progress.jsonl,1079,f188375841ebf3744ab88b3eef344ca33f95851dbe975a5e7a37969ce8c5539b
runs_eval/revised/peak_validation/monaco/domain_randomization/peak_1.5/test/peak_1.5/rollout_01/attempt_001/result.json,1159,f9173ab28c7587e8b6a999a05c1ecbb2def850e3a4becf07ba95272239028abd
runs_eval/revised/peak_validation/monaco/domain_randomization/peak_1.5/test/peak_1.5/rollout_01/attempt_001/rollout.controls.jsonl,258241,b7e6c0974a64e6e099fbd73af452874fb2ebfa753f386b23bebcdd39f0590e45
runs_eval/revised/peak_validation/monaco/domain_randomization/peak_1.5/test/peak_1.5/rollout_01/attempt_001/rollout.jsonl,568662,6e18df86cbfe5a8dfa3f995526a9e6a9c9d6a2559fc3dff0c79de85cfd4e8904
runs_eval/revised/peak_validation/monaco/domain_randomization/peak_1.5/test/peak_1.5/rollout_01/attempt_001/rollout.npz,64820,fd9a2b5cf8c8c448b3e844f5ebc3d4f0e167c6e61e8923351e4ad7bfdab71237
runs_eval/revised/peak_validation/monaco/domain_randomization/peak_1.5/test/peak_1.5/rollout_01/attempt_001/rollout_summary.json,1008,b47c260778c9db4b80a7946e31c3c9506033d6052ef81ef686820decce5ab57a
runs_eval/revised/peak_validation/monaco/fixed_wce/peak_1.25/suite.json,777,fbcb145e47575656fb57447229e9a332c39ed0087adb81c21990956e2e302e6c
runs_eval/revised/peak_validation/monaco/fixed_wce/peak_1.25/suite_result.json,220,1fd250c261bde449de56673adba0ead0754514add6ff73b5e4a7191a5be7c3e9
runs_eval/revised/peak_validation/monaco/fixed_wce/peak_1.25/test/peak_1.25/rollout_01/attempt_001/environment.json,8464,a26e1ff11de2112d024741c81b2ae65d9bca35e98a68eaeaadeed147c9a2637f
runs_eval/revised/peak_validation/monaco/fixed_wce/peak_1.25/test/peak_1.25/rollout_01/attempt_001/manifest.json,2024624,f309ba1fd9d0017e25147b8df2954e0a72c16f5b20a393f4c74e43931a29a6c3
runs_eval/revised/peak_validation/monaco/fixed_wce/peak_1.25/test/peak_1.25/rollout_01/attempt_001/progress.jsonl,1110,9021033697219a45ea2a48aef33a04750323ce9ba67daa51eb320c3f47bbb7e6
runs_eval/revised/peak_validation/monaco/fixed_wce/peak_1.25/test/peak_1.25/rollout_01/attempt_001/result.json,1146,13a0701d81c3d48b07df6197ce022803ad115f1540935dd712edec84e274c5d4
runs_eval/revised/peak_validation/monaco/fixed_wce/peak_1.25/test/peak_1.25/rollout_01/attempt_001/rollout.controls.jsonl,245417,13d8f37eed0c911b6f81fb0a51ca457429d9cfc75ccbc1e054f438261cca83ba
runs_eval/revised/peak_validation/monaco/fixed_wce/peak_1.25/test/peak_1.25/rollout_01/attempt_001/rollout.jsonl,568410,b7e859afa62e63c2b98c41af8f848c4a41cb7e742ca95e0b9ef93f8f5cb2be9c
runs_eval/revised/peak_validation/monaco/fixed_wce/peak_1.25/test/peak_1.25/rollout_01/attempt_001/rollout.npz,65301,e963a30d981ec3548fba54fbbe76af68fc7a625e31a626980a40230a896e70d9
runs_eval/revised/peak_validation/monaco/fixed_wce/peak_1.25/test/peak_1.25/rollout_01/attempt_001/rollout_summary.json,994,d1580f03f48901b08334717391765bc1718f9f7fd173719ac55506d017ee43a1
runs_eval/revised/peak_validation/monaco/fixed_wce/peak_1.5/suite.json,775,887f6e41380bb6702f5316751d1a3a33add4a80599a38ef47355e778a4c3b5d7
runs_eval/revised/peak_validation/monaco/fixed_wce/peak_1.5/suite_result.json,218,dc00cb1ce485fdb9fbcec7ea77d4a8c2e869405bcf20d9f5564949cccf442a87
runs_eval/revised/peak_validation/monaco/fixed_wce/peak_1.5/test/peak_1.5/rollout_01/attempt_001/environment.json,8464,a26e1ff11de2112d024741c81b2ae65d9bca35e98a68eaeaadeed147c9a2637f
runs_eval/revised/peak_validation/monaco/fixed_wce/peak_1.5/test/peak_1.5/rollout_01/attempt_001/manifest.json,2024620,172aaf1402f0a6ecab65a58fe54e4a891504b0f1fc0f79ccde4f848b1fd86e7f
runs_eval/revised/peak_validation/monaco/fixed_wce/peak_1.5/test/peak_1.5/rollout_01/attempt_001/progress.jsonl,1100,81c5213ac598feee92eb4d5f1ad2281d06ccd15a65cd8f78c86ba1bfab02dc6d
runs_eval/revised/peak_validation/monaco/fixed_wce/peak_1.5/test/peak_1.5/rollout_01/attempt_001/result.json,1137,ad480ac419925c9ec9363fa6032389639225d59281296e8ff8774ebf16367b37
runs_eval/revised/peak_validation/monaco/fixed_wce/peak_1.5/test/peak_1.5/rollout_01/attempt_001/rollout.controls.jsonl,256757,a4087f8edefccb413a86ba4273a477298dd4fe9c7608d238ba49c56ed2259c92
runs_eval/revised/peak_validation/monaco/fixed_wce/peak_1.5/test/peak_1.5/rollout_01/attempt_001/rollout.jsonl,568670,4f355ec1a96d387f11254a3710410c824fb9f025ce95ccbf58b8723b9e7ee533
runs_eval/revised/peak_validation/monaco/fixed_wce/peak_1.5/test/peak_1.5/rollout_01/attempt_001/rollout.npz,64749,3f47e2c4b220f4da479cb29d948dcc3f0c8e38ed8798403e868c370a1c8c2fa7
runs_eval/revised/peak_validation/monaco/fixed_wce/peak_1.5/test/peak_1.5/rollout_01/attempt_001/rollout_summary.json,986,00e71f8064257007c85b4633a49f16992b0cc217f73013daabfb6eda31d8bca2
runs_eval/revised/peak_validation/monaco/online_wce/peak_1.25/suite.json,778,01434a8e1ba44c03281a22a2dba665e020732ff705e3b9066150e4ab77a9a004
runs_eval/revised/peak_validation/monaco/online_wce/peak_1.25/suite_result.json,221,3ca3e89e719d780dc09099aa9b4d7e9800daada738b5935dd2af25a51efa9b6f
runs_eval/revised/peak_validation/monaco/online_wce/peak_1.25/test/peak_1.25/rollout_01/attempt_001/environment.json,8464,a26e1ff11de2112d024741c81b2ae65d9bca35e98a68eaeaadeed147c9a2637f
runs_eval/revised/peak_validation/monaco/online_wce/peak_1.25/test/peak_1.25/rollout_01/attempt_001/manifest.json,2024628,50fe07531f0e70e706898aa9a3abd4464facec6f3053e43ff6c3844af2ebae69
runs_eval/revised/peak_validation/monaco/online_wce/peak_1.25/test/peak_1.25/rollout_01/attempt_001/progress.jsonl,1089,6468d580881c95202424e4834cd794e6b0c6e349b5b832830c6f4340a7499413
runs_eval/revised/peak_validation/monaco/online_wce/peak_1.25/test/peak_1.25/rollout_01/attempt_001/result.json,1145,ab87df8cdea54d997d37a5ef982928290822aaec6bda29c7610e20653066b05e
runs_eval/revised/peak_validation/monaco/online_wce/peak_1.25/test/peak_1.25/rollout_01/attempt_001/rollout.controls.jsonl,246817,5aeb4a0157a69d0e37b98f64546db45bb7b6c862a5ea0cff57f300004e48e2ff
runs_eval/revised/peak_validation/monaco/online_wce/peak_1.25/test/peak_1.25/rollout_01/attempt_001/rollout.jsonl,567667,d958d5415b5c3feeb6b0fdd5e78a14812464f93e7208c2ccc374bec66103f61e
runs_eval/revised/peak_validation/monaco/online_wce/peak_1.25/test/peak_1.25/rollout_01/attempt_001/rollout.npz,65704,c900e7c5f10239f23791a459d65a4933ed9fb196f94fafd07438a829c3276aa3
runs_eval/revised/peak_validation/monaco/online_wce/peak_1.25/test/peak_1.25/rollout_01/attempt_001/rollout_summary.json,994,f50da1c505a9f0b3a3feecd2e0e5c962e38e20cf0a00355e3513e562c0068b85
runs_eval/revised/peak_validation/monaco/online_wce/peak_1.5/suite.json,776,f91c2f88a4f467c0b98bee54d4dcc6b023a16d5f5cba7b9ab1e06f3f6391578a
runs_eval/revised/peak_validation/monaco/online_wce/peak_1.5/suite_result.json,219,f1f8d4e234edab241b92db2ee2d459cf96eb64f50ba7b20a6797e8525c47e402
runs_eval/revised/peak_validation/monaco/online_wce/peak_1.5/test/peak_1.5/rollout_01/attempt_001/environment.json,8464,a26e1ff11de2112d024741c81b2ae65d9bca35e98a68eaeaadeed147c9a2637f
runs_eval/revised/peak_validation/monaco/online_wce/peak_1.5/test/peak_1.5/rollout_01/attempt_001/manifest.json,2024624,59f030e220c2f395db32049d013afa3b4bb8996a92a5a33f359857559268e0e9
runs_eval/revised/peak_validation/monaco/online_wce/peak_1.5/test/peak_1.5/rollout_01/attempt_001/progress.jsonl,1088,078f6775f80f67427b20d7b7ad36f53184e4db01f5c4d3df11fb1964e4d309e1
runs_eval/revised/peak_validation/monaco/online_wce/peak_1.5/test/peak_1.5/rollout_01/attempt_001/result.json,1149,f10b4cd8d3e03ae76bccdb342a657baaaee03de5dd2440a12e503d248c6bc85a
runs_eval/revised/peak_validation/monaco/online_wce/peak_1.5/test/peak_1.5/rollout_01/attempt_001/rollout.controls.jsonl,248665,940ec06313973bf1f94a64c32dea871e80db25ed5fac62f011aa12f68b4a4acc
runs_eval/revised/peak_validation/monaco/online_wce/peak_1.5/test/peak_1.5/rollout_01/attempt_001/rollout.jsonl,568441,37741b02ec2a1b6e408e07784fb2bd4b58fac91b509d19ccaf8ac4f5196e94d4
runs_eval/revised/peak_validation/monaco/online_wce/peak_1.5/test/peak_1.5/rollout_01/attempt_001/rollout.npz,64964,625afd643b1f19962061a467bf6bceb1114067e419b49b1109d15696701d66ee
runs_eval/revised/peak_validation/monaco/online_wce/peak_1.5/test/peak_1.5/rollout_01/attempt_001/rollout_summary.json,998,a2ddf0b8a2dd27c1567be3c08bdb314be92d757dfd4efa6c32a5eeeccf20ef68
runs_eval/revised/peak_validation/monaco/random_group/peak_1.25/suite.json,780,3d1100924108a0f2fd8c5134e97b1c106ac2d791d6246901a635b73b53ee9ef1
runs_eval/revised/peak_validation/monaco/random_group/peak_1.25/suite_result.json,223,67bbcbb0b8fba0699b9666716e84b8d0338908a0a35a57bebb1003471083a772
runs_eval/revised/peak_validation/monaco/random_group/peak_1.25/test/peak_1.25/rollout_01/attempt_001/environment.json,8464,a26e1ff11de2112d024741c81b2ae65d9bca35e98a68eaeaadeed147c9a2637f
runs_eval/revised/peak_validation/monaco/random_group/peak_1.25/test/peak_1.25/rollout_01/attempt_001/manifest.json,2024636,60ef41b05efa4c7a79f3f033d709b41382698fd2cbb75fe5b44862cdc60771af
runs_eval/revised/peak_validation/monaco/random_group/peak_1.25/test/peak_1.25/rollout_01/attempt_001/progress.jsonl,1096,451c21ff8e43c9ced9cb6aefb82bb2b0fe792391fa5c4ea81abc4aff59b7f3f7
runs_eval/revised/peak_validation/monaco/random_group/peak_1.25/test/peak_1.25/rollout_01/attempt_001/result.json,1147,f4b4215c58cf16527f231fd727ebb806d3f9f00f974418cb91f4c75de90dd85f
runs_eval/revised/peak_validation/monaco/random_group/peak_1.25/test/peak_1.25/rollout_01/attempt_001/rollout.controls.jsonl,251577,48521217962f8632a6b1792ae1df611cde6cee0606165321a0780fd9c1ea1812
runs_eval/revised/peak_validation/monaco/random_group/peak_1.25/test/peak_1.25/rollout_01/attempt_001/rollout.jsonl,568405,a3613ce4440071a31ce68057220a59481ec53ac05fdf0294ca26ac64adac9ee1
runs_eval/revised/peak_validation/monaco/random_group/peak_1.25/test/peak_1.25/rollout_01/attempt_001/rollout.npz,64452,aea2b84160058bb15b6d43ab072857dd2cf8afbaa274346494f352202c5aad85
runs_eval/revised/peak_validation/monaco/random_group/peak_1.25/test/peak_1.25/rollout_01/attempt_001/rollout_summary.json,996,167e15575ff5da0c20a2211035db806196a416394a338c925b872aedab96557c
runs_eval/revised/peak_validation/monaco/random_group/peak_1.5/suite.json,778,e4dc3ad6d2b47feaf52b4909eeea1bde8fc094bb2d4bc428c8f9579c45107fa8
runs_eval/revised/peak_validation/monaco/random_group/peak_1.5/suite_result.json,221,b65a496973da5af369fc8661ea72c938b5cd0a195004730b40b9158447bbdb1f
runs_eval/revised/peak_validation/monaco/random_group/peak_1.5/test/peak_1.5/rollout_01/attempt_001/environment.json,8464,a26e1ff11de2112d024741c81b2ae65d9bca35e98a68eaeaadeed147c9a2637f
runs_eval/revised/peak_validation/monaco/random_group/peak_1.5/test/peak_1.5/rollout_01/attempt_001/manifest.json,2024632,a276f0a63d12ff279ece03a507b6e40bef7c624ef1af018bf8d4134f8e2f3fb1
runs_eval/revised/peak_validation/monaco/random_group/peak_1.5/test/peak_1.5/rollout_01/attempt_001/progress.jsonl,1079,515298c8bc2b1231ca03100dd4d897e5fb7b3c0e0d9dc2ad6527464a506f4653
runs_eval/revised/peak_validation/monaco/random_group/peak_1.5/test/peak_1.5/rollout_01/attempt_001/result.json,1149,0e599549304903bd6bfe799d6b58ea9167e7c30174a74e4916a26273f7435553
runs_eval/revised/peak_validation/monaco/random_group/peak_1.5/test/peak_1.5/rollout_01/attempt_001/rollout.controls.jsonl,251913,7104b82454c0701a7c402797642caad166f957f4b1dc6491a1505ec7836fba74
runs_eval/revised/peak_validation/monaco/random_group/peak_1.5/test/peak_1.5/rollout_01/attempt_001/rollout.jsonl,568706,31addfb531427cc983f3749f8f3f7285b7f7fd33d2b570930ea33eb3827e5d77
runs_eval/revised/peak_validation/monaco/random_group/peak_1.5/test/peak_1.5/rollout_01/attempt_001/rollout.npz,63862,774036a8049c92e0d9371c7c6719295a5d7bb582bc8fc3573bee59fde2326e74
runs_eval/revised/peak_validation/monaco/random_group/peak_1.5/test/peak_1.5/rollout_01/attempt_001/rollout_summary.json,998,416cbc37a0472d5b0bbcc88ca5a52905dfc7c6d7650b5a20c8feb64d1d345a0f
runs_eval/revised/peak_validation/monaco_baseline_peak_1.25.log,234,9fc4eab373aaf5cdc31f5fc988bb98e463e1b7d535153221cfa6ac4750e5f80c
runs_eval/revised/peak_validation/monaco_baseline_peak_1.5.log,233,9ce5f377a3919bfd06a27f4069a5f248c68e0bc0d13aa5eb3a236ab686d86b86
runs_eval/revised/peak_validation/monaco_domain_randomization_peak_1.25.log,246,816b0984de68af2fff75ad729b2d5dc41373c3d42ca9ca74ae6703600e5798a3
runs_eval/revised/peak_validation/monaco_domain_randomization_peak_1.5.log,245,444dc14becd91a97a1ff20a121d637f12843f37fa9ac44f6561943dfde7b2922
runs_eval/revised/peak_validation/monaco_fixed_wce_peak_1.25.log,235,35115503c3d3035bc9108c6177d6d46d0cb1cfd43388ef2bc5d6d18893ae4462
runs_eval/revised/peak_validation/monaco_fixed_wce_peak_1.5.log,234,da234228b4521cda1ee0f32a08e82e1a9f3ef21da1633431f4e90be0904365d2
runs_eval/revised/peak_validation/monaco_online_wce_peak_1.25.log,236,e4d088fae46efcc82d20d55cb8c7b14cbb13a38278653e0b78a896fac7b16946
runs_eval/revised/peak_validation/monaco_online_wce_peak_1.5.log,235,622c12e4c139cedbb320600a4335fe2316f61902f08d31bd097863f86ddb0583
runs_eval/revised/peak_validation/monaco_random_group_peak_1.25.log,238,725826c76cc828249f56819cc12f09e397a22b057652e0085fa1a61b5afac959
runs_eval/revised/peak_validation/monaco_random_group_peak_1.5.log,237,02dd2429b04a5e3962165f35b6dd755d6a77765349c8cec43c9d49ad0c5bf660
runs_eval/signal_controller_benchmark/.~lock.horizon_averages_from_raw.csv#,93,219faed706ca992b1d45e9863d9b074dc7552437c37213ffb34ed804a69b95e1
runs_eval/signal_controller_benchmark/controller_manifest.csv,1806,aae46668c0bca1eac7b27ed69b918cd22fb885ff010b6f4e41b7bd03281c207a
runs_eval/signal_controller_benchmark/demand_manifest.csv,1241,acc5eb2f2a4a9dc41e64f236f10a602811643c0db4e8ee0345cc10b48aa0817b
runs_eval/signal_controller_benchmark/evaluation.log,8722160,496fa3b1f0de453136d879d60a5e99ae160d535d14974321a8708690330b92cd
runs_eval/signal_controller_benchmark/horizon_averages_from_raw.csv,12745,e244a518995d634dd00bfb25223ae3880e16ee9ce72cdd814e5dd2af1a9eea34
runs_eval/signal_controller_benchmark/ia2c/ia2c_marl_group00_demand_n_to_s_queue_raw.csv,206209,cd1fbe6bdd28a3dae7e79e3ccdb37c53ee5670c2fe641ad97d17898d963af8e2
runs_eval/signal_controller_benchmark/ia2c/ia2c_marl_group00_demand_n_to_s_speed_raw.csv,368621,4c3d567cc7fe3d935dfab643544090c193d402850e540ecf4ce66d6055187cd6
runs_eval/signal_controller_benchmark/ia2c/ia2c_marl_group01_demand_s_to_n_queue_raw.csv,208161,7c38910a9cd278e7dd50d87127ff0c3a1aba246e70b481c36e5dfd1513a723be
runs_eval/signal_controller_benchmark/ia2c/ia2c_marl_group01_demand_s_to_n_speed_raw.csv,369577,32b105dcfc30b91fba0f3f7b2c96b8eddfb0ba23435e40c9134d7a8a7894c2f9
runs_eval/signal_controller_benchmark/ia2c/ia2c_marl_group02_demand_w_to_e_queue_raw.csv,232263,97b39e3ac9348793e593c184415ee1ee6440e4f4120e58a4d44d29544162b723
runs_eval/signal_controller_benchmark/ia2c/ia2c_marl_group02_demand_w_to_e_speed_raw.csv,374202,8500ab73bdd1e6ba7f59c91fe19a3ce74c452dd19f31ff9803676995cbf4b62d
runs_eval/signal_controller_benchmark/ia2c/ia2c_marl_group03_demand_e_to_w_queue_raw.csv,230095,ab107e020ab4eb62e56a142badbcd246a32650fc802857f1330c02c0767b7fb8
runs_eval/signal_controller_benchmark/ia2c/ia2c_marl_group03_demand_e_to_w_speed_raw.csv,370544,a53d6b7761f91e2b241de5a720d74942c0312f290d55f464bef56088a87a84b5
runs_eval/signal_controller_benchmark/ia2c/ia2c_marl_group04_demand_nw_to_se_queue_raw.csv,231548,94974ec17729d4f99e78aa65a611f1b96ee1366f55e3c2303c5132572affcb10
runs_eval/signal_controller_benchmark/ia2c/ia2c_marl_group04_demand_nw_to_se_speed_raw.csv,371586,e88db8d368b0ee0f4159217483a87fba282e8cd9f3016a4fc950379fad1a665b
runs_eval/signal_controller_benchmark/ia2c/ia2c_marl_group05_demand_se_to_nw_queue_raw.csv,229545,0d2a6877a6a5334e669663cf92258239e6bb20a23d06ac9f171ef9a17ff2c8f9
runs_eval/signal_controller_benchmark/ia2c/ia2c_marl_group05_demand_se_to_nw_speed_raw.csv,370524,90239ef8e15c3490f0b7281b6eed4febe8af00cbde3498e6100ae8f5ceb6d661
runs_eval/signal_controller_benchmark/ia2c/ia2c_marl_group06_demand_sw_to_ne_queue_raw.csv,231862,dce9a0a77fc0552491a213164f3d8476f866b44482db056f6df1a09282757175
runs_eval/signal_controller_benchmark/ia2c/ia2c_marl_group06_demand_sw_to_ne_speed_raw.csv,373068,488972a554704a670879b5df06dd13484a24839a93c654b4360785cd511b9dc0
runs_eval/signal_controller_benchmark/ia2c/ia2c_marl_group07_demand_ne_to_sw_queue_raw.csv,231447,860c8a5e8ecbe079a1247648144cd58b9bc23940ed56a67be632c6803bb30e7e
runs_eval/signal_controller_benchmark/ia2c/ia2c_marl_group07_demand_ne_to_sw_speed_raw.csv,371524,1f083b90e8110e06c59575efc51db1414a81f475f03c1c433f0662b0c259cc8d
runs_eval/signal_controller_benchmark/ia2c/ia2c_marl_group08_demand_periphery_to_center_queue_raw.csv,200281,f4ae2e3ffdf12795ff8b887f5f3add91868159455770d204d01007a6f5f1265e
runs_eval/signal_controller_benchmark/ia2c/ia2c_marl_group08_demand_periphery_to_center_speed_raw.csv,361350,da1695983e22a26dd97d11e5befe21e5f1894c01b154c78d2ea6791c4aaa7325
runs_eval/signal_controller_benchmark/ia2c/ia2c_marl_group09_demand_center_to_periphery_queue_raw.csv,200125,9fe26f7ecf1b72bdbe09456f6912c5fac51a75d5b00661c5cc84e896f915778c
runs_eval/signal_controller_benchmark/ia2c/ia2c_marl_group09_demand_center_to_periphery_speed_raw.csv,361243,fd4e0c8e69d0b668117af94f9d0aca6b6ef2591afcc4acfa7f1d92840673bd3e
runs_eval/signal_controller_benchmark/ia2c/ia2c_marl_group10_demand_uniform_queue_raw.csv,200193,4a30ffb17d3727f7a964ff109a3ffba4ebd662c1b617929fa547b8bf146696ea
runs_eval/signal_controller_benchmark/ia2c/ia2c_marl_group10_demand_uniform_speed_raw.csv,361061,c132ae3e562f080855c46ed1924d2115ede492872293fc27177d73575b5628f8
runs_eval/signal_controller_benchmark/ia2c/ia2c_marl_group11_demand_5x5_sparse_queue_raw.csv,200178,03a7f71a666ac21a215906baf6859ae0054119825c8889c75ad29709b9338c2c
runs_eval/signal_controller_benchmark/ia2c/ia2c_marl_group11_demand_5x5_sparse_speed_raw.csv,362766,ab24c7c909ed7c8016238cb84b7e599fea7944fa331a3b52066a57122ca8c617
runs_eval/signal_controller_benchmark/ia2c/ia2c_marl_queue_by_group.png,237215,99dd54237d3ff1f91674e94946f803711f728f54f5a27f98cae94cfb706fa23b
runs_eval/signal_controller_benchmark/ia2c/ia2c_marl_speed_by_group.png,237450,2bf57288b7a9e4573ca4c7b71db55eafcc5d69ac485a329ae6cf3d8d5ad796a1
runs_eval/signal_controller_benchmark/ia2c/ia2c_retrained_group00_demand_n_to_s_queue_raw.csv,206643,394b0b5b0d629bd2282f028aca2f3a2a7368932dd66389dd732a90b10517f412
runs_eval/signal_controller_benchmark/ia2c/ia2c_retrained_group00_demand_n_to_s_speed_raw.csv,368032,614ad63d84b62c4ae7ba858cbf1f23fbd1bab34d914839a82b1671bd66a6411f
runs_eval/signal_controller_benchmark/ia2c/ia2c_retrained_group01_demand_s_to_n_queue_raw.csv,218569,93afa377c8d7522384f9804eea41ed8df2eb96d59eed4f89d4d714fc904eeace
runs_eval/signal_controller_benchmark/ia2c/ia2c_retrained_group01_demand_s_to_n_speed_raw.csv,369822,7558fc426fefa5adcc445a5aa4683c28ead9651ff7b05b92390a0d86f19d9ec4
runs_eval/signal_controller_benchmark/ia2c/ia2c_retrained_group02_demand_w_to_e_queue_raw.csv,230962,1539f70aa8eb01245d226c73e353e332fb0f47dad98dd4dd87d915b097172c62
runs_eval/signal_controller_benchmark/ia2c/ia2c_retrained_group02_demand_w_to_e_speed_raw.csv,371540,228d37c54ffb568ec927494698d6bf333bf7d1768e6ef43e19c6e73d544f2a5b
runs_eval/signal_controller_benchmark/ia2c/ia2c_retrained_group03_demand_e_to_w_queue_raw.csv,229818,b76048641d62dfa1fabf44c79243e098db4310658d4ef9338026da613926fb20
runs_eval/signal_controller_benchmark/ia2c/ia2c_retrained_group03_demand_e_to_w_speed_raw.csv,371046,5583bec4a18aee5d3dac829f06709a9ee2d698947919283300ce377f4cd95f54
runs_eval/signal_controller_benchmark/ia2c/ia2c_retrained_group04_demand_nw_to_se_queue_raw.csv,231055,768b5df53c7a6b568adf6b664af098a0cad7d4316002c7e2f1db40385fc9aabb
runs_eval/signal_controller_benchmark/ia2c/ia2c_retrained_group04_demand_nw_to_se_speed_raw.csv,370944,77c919cc1cab3425534e6544151a6e7e764b93367190cf97334c0f7e1847ccae
runs_eval/signal_controller_benchmark/ia2c/ia2c_retrained_group05_demand_se_to_nw_queue_raw.csv,231109,d33479b00e1eb68cc3c2d36777593ced3d8fa4e1499b3d4a6e61db60093c5a27
runs_eval/signal_controller_benchmark/ia2c/ia2c_retrained_group05_demand_se_to_nw_speed_raw.csv,371229,18e6fce9b59ef7e699f2dcbd3344e0a61febc0f25d1d6535a716c6210b6eb012
runs_eval/signal_controller_benchmark/ia2c/ia2c_retrained_group06_demand_sw_to_ne_queue_raw.csv,231828,1e10064b27b6cd07097eb80b852fc415c1efbec596feb6674ce9c07866e9cf3a
runs_eval/signal_controller_benchmark/ia2c/ia2c_retrained_group06_demand_sw_to_ne_speed_raw.csv,371731,365ad51a771d56cd696d142a0021ba2fe01684fa6e8caa96ec8184733f304164
runs_eval/signal_controller_benchmark/ia2c/ia2c_retrained_group07_demand_ne_to_sw_queue_raw.csv,231950,82a663469ed112c4a3f1864ece84fae3d0f09d720cca902b8e860350c447cc19
runs_eval/signal_controller_benchmark/ia2c/ia2c_retrained_group07_demand_ne_to_sw_speed_raw.csv,371453,80531287dd5f4cfe4d1afb55cbbf096fc29f8b797eea70a49f8656ed23c03b43
runs_eval/signal_controller_benchmark/ia2c/ia2c_retrained_group08_demand_periphery_to_center_queue_raw.csv,200188,d46b3fb1370c4d5fb9d1f3284ef83708343424db24ef83c63ad5bbddabad72ac
runs_eval/signal_controller_benchmark/ia2c/ia2c_retrained_group08_demand_periphery_to_center_speed_raw.csv,361273,124a3fb7b06186d7d00c3d41cd86b475366d32a910ffb5ae289077ad7c5005a7
runs_eval/signal_controller_benchmark/ia2c/ia2c_retrained_group09_demand_center_to_periphery_queue_raw.csv,200087,42b755aaba2621a45c88d12cdcbc895a28b253544303880348e3116678ac05ab
runs_eval/signal_controller_benchmark/ia2c/ia2c_retrained_group09_demand_center_to_periphery_speed_raw.csv,361128,4314bf83cda6bfa73d64c14d1d256c3ca8498976a4eaa04b97db65a7d6081649
runs_eval/signal_controller_benchmark/ia2c/ia2c_retrained_group10_demand_uniform_queue_raw.csv,200182,f323e52a3d2ad8b4ab3f4c400673005d088a970e3c939f6e1995ab2ab14cc5de
runs_eval/signal_controller_benchmark/ia2c/ia2c_retrained_group10_demand_uniform_speed_raw.csv,361270,b440f8e0149d3df04871b98ffc383807220be454f650e9689a69ae520de32e15
runs_eval/signal_controller_benchmark/ia2c/ia2c_retrained_group11_demand_5x5_sparse_queue_raw.csv,200198,d63b8d032e80af60d2d86b598c40a5810f6f6b38c7579a4a7bee39f81019378f
runs_eval/signal_controller_benchmark/ia2c/ia2c_retrained_group11_demand_5x5_sparse_speed_raw.csv,362603,7629ea04ad51e607199c42912fd263be032c8e19529b558df78f3873b9a26e10
runs_eval/signal_controller_benchmark/ia2c/ia2c_retrained_queue_by_group.png,232175,3960bfc2ecf6571e30d593713cd97d08a450f809723093c84852e6487c236e86
runs_eval/signal_controller_benchmark/ia2c/ia2c_retrained_speed_by_group.png,225471,b7f616af52248b8365c7c2f64112b69a0aa11064b83725556c30611799f5c01f
runs_eval/signal_controller_benchmark/ia2c/ia2c_worst_queue.png,210600,2d9b920d42914b7d5e65897ff03fdb3a9efb18ba724a1a8c8f7a6bf4919a5fdb
runs_eval/signal_controller_benchmark/ia2c/ia2c_worst_speed.png,158822,f20b304831a1428a1c3b560f16a22136f2422fc6dc5270d2de80cec7acb6fdbf
runs_eval/signal_controller_benchmark/ia2c/sumo_port_8000.log,2091,f3ca1201fb1172396e2c58e146d0e6309139514c877e9481977720fa65c451b7
runs_eval/signal_controller_benchmark/ia2c/sumo_port_8001.log,0,e3b0c44298fc1c149afbf4c8996fb92427ae41e4649b934ca495991b7852b855
runs_eval/signal_controller_benchmark/ia2c/sumo_port_8003.log,0,e3b0c44298fc1c149afbf4c8996fb92427ae41e4649b934ca495991b7852b855
runs_eval/signal_controller_benchmark/ia2c/sumo_port_8004.log,0,e3b0c44298fc1c149afbf4c8996fb92427ae41e4649b934ca495991b7852b855
runs_eval/signal_controller_benchmark/iqll/iqll_marl_group00_demand_n_to_s_queue_raw.csv,229415,78a1a3b70036f9cb5e8b529703055f031905e8c5a5bd26cdfd11a90e670765fe
runs_eval/signal_controller_benchmark/iqll/iqll_marl_group00_demand_n_to_s_speed_raw.csv,372062,e930af0080912dc1f3f0ba689f66742c76793efde1b068d1e6ff0c2bf22ed645
runs_eval/signal_controller_benchmark/iqll/iqll_marl_group01_demand_s_to_n_queue_raw.csv,227572,2b24471f5117416bfd9827cbce7f2d71d0ac8ff149546cd914829c20cbfbde2f
runs_eval/signal_controller_benchmark/iqll/iqll_marl_group01_demand_s_to_n_speed_raw.csv,372994,b5e861072600a46ed75bd61a9799c3be576fac80a0cb71ed4682d7af171cd9fa
runs_eval/signal_controller_benchmark/iqll/iqll_marl_group02_demand_w_to_e_queue_raw.csv,231028,8618175bbfe2d7a669a47cebd1b3663410915666834f9078a18cc7039557bcd0
runs_eval/signal_controller_benchmark/iqll/iqll_marl_group02_demand_w_to_e_speed_raw.csv,387616,431f53803f5dc91739c38a5c398299d4352dfa57cc2782cab3dbf85d98f83168
runs_eval/signal_controller_benchmark/iqll/iqll_marl_group03_demand_e_to_w_queue_raw.csv,223834,f233792f4a054b837bcc3801a8106209819af5c8167e53d06f69a477eddce73c
runs_eval/signal_controller_benchmark/iqll/iqll_marl_group03_demand_e_to_w_speed_raw.csv,371019,0a45bda879fb1a75b13ed5071cb931ee9e3db38ad1085c815674ddf11ee63884
runs_eval/signal_controller_benchmark/iqll/iqll_marl_group04_demand_nw_to_se_queue_raw.csv,230312,3f3c0708b4b406156b2aef3246ec1656b4b57c8877bb0f683758d01947983552
runs_eval/signal_controller_benchmark/iqll/iqll_marl_group04_demand_nw_to_se_speed_raw.csv,384757,e9d56227065315031e4dc97b5fb73e9bb21eedaa824b2fd232e428463472840d
runs_eval/signal_controller_benchmark/iqll/iqll_marl_group05_demand_se_to_nw_queue_raw.csv,226956,13477ff6134fc1f9e6c05a3be7bae4ed314bea21ec5368575fd768de6ea3c09c
runs_eval/signal_controller_benchmark/iqll/iqll_marl_group05_demand_se_to_nw_speed_raw.csv,377068,65c5fdde70cae746bf9405e83a8e96e2d597561abbaf13e275240607f5859a24
runs_eval/signal_controller_benchmark/iqll/iqll_marl_group06_demand_sw_to_ne_queue_raw.csv,229508,1b19887d8fcb78dec2359f5b9e9987ebdf2aae40e2a927527b4082963d4d4068
runs_eval/signal_controller_benchmark/iqll/iqll_marl_group06_demand_sw_to_ne_speed_raw.csv,369494,7491f4888427407d0efdd9ee7d3e2c0488beb671ced9a4ebd245dd19d026eb7c
runs_eval/signal_controller_benchmark/iqll/iqll_marl_group07_demand_ne_to_sw_queue_raw.csv,231579,c28b5b26948480f84feeadc04c01a9e666821ff43369f5f627f9cd86f65b7c68
runs_eval/signal_controller_benchmark/iqll/iqll_marl_group07_demand_ne_to_sw_speed_raw.csv,389310,df80e6fa9175a9f0aef3716ef093e54e26712a1a8ccf7ba1f8cb3c42788b8789
runs_eval/signal_controller_benchmark/iqll/iqll_marl_group08_demand_periphery_to_center_queue_raw.csv,208836,4eae95e5122e0117f59b09722be7d13ea08ee06b36d23373edeab8c0ebcca9eb
runs_eval/signal_controller_benchmark/iqll/iqll_marl_group08_demand_periphery_to_center_speed_raw.csv,361439,35f4413597d29225d0b0ec2f3cf158cb2ddb568157bd6567393e1985c6d0cf55
runs_eval/signal_controller_benchmark/iqll/iqll_marl_group09_demand_center_to_periphery_queue_raw.csv,200856,459e719c959bc966b2774fa1aebc6d6c498b5407105fcf444d51ae026fdb5d13
runs_eval/signal_controller_benchmark/iqll/iqll_marl_group09_demand_center_to_periphery_speed_raw.csv,360228,79ef95d6ee4734432d034efc60ea7d2ab661f7a15a896c400910a1be9f1b0ae1
runs_eval/signal_controller_benchmark/iqll/iqll_marl_group10_demand_uniform_queue_raw.csv,201429,d151993a80461c9b287d76bd040a06e2aca89cbdb62ca69e5a8b7783e790e694
runs_eval/signal_controller_benchmark/iqll/iqll_marl_group10_demand_uniform_speed_raw.csv,359175,fa1e4c2925325d9d45fa5ee78d563d61003e570049346621070075da82a3b5d2
runs_eval/signal_controller_benchmark/iqll/iqll_marl_group11_demand_5x5_sparse_queue_raw.csv,199048,1a4f9d6e1827ddb69a3cb26b6bc936288eaad8522f1dfd3f9baab6b377089401
runs_eval/signal_controller_benchmark/iqll/iqll_marl_group11_demand_5x5_sparse_speed_raw.csv,362150,837ecc98e333d8d460416f3a722e702cd255712cf5ea3bc5008a1e1cba185ba9
runs_eval/signal_controller_benchmark/iqll/iqll_marl_queue_by_group.png,201961,769ef9e82592d3271569f2776572e83f4a5fbf9c3e13ca087bdcc85f9e9fab3d
runs_eval/signal_controller_benchmark/iqll/iqll_marl_speed_by_group.png,231091,1f83e4e07a1e1742a970a94346c65676073878f996327f9fea9a2b98e6c84f0a
runs_eval/signal_controller_benchmark/iqll/iqll_retrained_group00_demand_n_to_s_queue_raw.csv,227589,164220bbc4ea29035c568b64e0b3179ad416e934252d131e5d472c07c80a8d17
runs_eval/signal_controller_benchmark/iqll/iqll_retrained_group00_demand_n_to_s_speed_raw.csv,379030,f77accbc4062f92ec1ed092508f8a1fe9e18200187f65a3b8985d117198cb8ff
runs_eval/signal_controller_benchmark/iqll/iqll_retrained_group01_demand_s_to_n_queue_raw.csv,209407,4b423c09a486b0eb7d3fee74ee5939855877b77043a9ae236e44cbcae53c19b0
runs_eval/signal_controller_benchmark/iqll/iqll_retrained_group01_demand_s_to_n_speed_raw.csv,365764,2d9e1ad341e1aea6f909e316928dfff3d8fb8eda048c372ecdcfd45dfa0cc9aa
runs_eval/signal_controller_benchmark/iqll/iqll_retrained_group02_demand_w_to_e_queue_raw.csv,224682,7ec699261fb5496daba62fa96d3f1d8c46385a4efb1bb85d0ef4375742055dec
runs_eval/signal_controller_benchmark/iqll/iqll_retrained_group02_demand_w_to_e_speed_raw.csv,382572,4a3d37f3a3364d0bb23923607508e44a63c191732daa800217d3ea446c5cb9e0
runs_eval/signal_controller_benchmark/iqll/iqll_retrained_group03_demand_e_to_w_queue_raw.csv,202520,f58c0f53d8afcfbbebcdb0ea4c3968ecc9b2169716763a40f8705248ae624b39
runs_eval/signal_controller_benchmark/iqll/iqll_retrained_group03_demand_e_to_w_speed_raw.csv,359115,9d1fd3aa34859b8f0b569a36f2ac89f6d79ff803dd84aff92df02085dbc599ac
runs_eval/signal_controller_benchmark/iqll/iqll_retrained_group04_demand_nw_to_se_queue_raw.csv,223383,7bd7e4be0fa468a1c3ed1e1c75db74a08698147c9adc9b47c89d67e088a14fcd
runs_eval/signal_controller_benchmark/iqll/iqll_retrained_group04_demand_nw_to_se_speed_raw.csv,370807,b11a43fe721699bad1a5251d0e7697222cdc4ca32d6c0d79e571d79147ab62af
runs_eval/signal_controller_benchmark/iqll/iqll_retrained_group05_demand_se_to_nw_queue_raw.csv,216345,a803c845513a68dfc3e343b2f791fe47fa7a408dbf4b4204254e70b500bcb037
runs_eval/signal_controller_benchmark/iqll/iqll_retrained_group05_demand_se_to_nw_speed_raw.csv,368158,357d1b1b17cbb970211359be9a699d024eee0dccf5aaecd23f397b609cbfefc7
runs_eval/signal_controller_benchmark/iqll/iqll_retrained_group06_demand_sw_to_ne_queue_raw.csv,230032,2ef4121393b1a287cfddd50c499ad8b7e254a0dfcf87bff2e828ebcf7027300e
runs_eval/signal_controller_benchmark/iqll/iqll_retrained_group06_demand_sw_to_ne_speed_raw.csv,382218,3cadbb8f24532e8b34ffc11b94b57e01e05dd0f14bf8e46ec6ceb9ba2d42433d
runs_eval/signal_controller_benchmark/iqll/iqll_retrained_group07_demand_ne_to_sw_queue_raw.csv,218576,3d8445a5ff608700e325d175a56d4d42925dbe46dd5e1a7a1e918de6303946ae
runs_eval/signal_controller_benchmark/iqll/iqll_retrained_group07_demand_ne_to_sw_speed_raw.csv,367672,a544422fd8082df2e62073aed0143a4d0ca73f76ee6d88346191b9e69cfb6afe
runs_eval/signal_controller_benchmark/iqll/iqll_retrained_group08_demand_periphery_to_center_queue_raw.csv,182372,c0888e4b567bff31aa9ae5c503f4c56fc25cdfb0bf6ff39986114e2c7fa2e801
runs_eval/signal_controller_benchmark/iqll/iqll_retrained_group08_demand_periphery_to_center_speed_raw.csv,348934,736236ef0b56e22963e526815442a76a7701e8e3b34e94901ce0273b162943a0
runs_eval/signal_controller_benchmark/iqll/iqll_retrained_group09_demand_center_to_periphery_queue_raw.csv,176629,07df56f9a2f7f3b8f35f76636253e95ab643b45ad12c308d34284408492323a0
runs_eval/signal_controller_benchmark/iqll/iqll_retrained_group09_demand_center_to_periphery_speed_raw.csv,352007,b58adbf7b0c50e098b1244721b30dafd918872cb4c0c073ff5a69e6e97c3ed23
runs_eval/signal_controller_benchmark/iqll/iqll_retrained_group10_demand_uniform_queue_raw.csv,180663,cf309deea45d3e3c106d7a18b7465523526746b02413b09a365c7e5dd9b0fa24
runs_eval/signal_controller_benchmark/iqll/iqll_retrained_group10_demand_uniform_speed_raw.csv,350584,fe3fefe99a7abf1a6199013273bdd2b5a00642980aca799dc477216a261b8edf
runs_eval/signal_controller_benchmark/iqll/iqll_retrained_group11_demand_5x5_sparse_queue_raw.csv,196598,bebabd9d7403263b378a22e29eca74eabfaae5c7bea3f8d55fcb8d297f8af642
runs_eval/signal_controller_benchmark/iqll/iqll_retrained_group11_demand_5x5_sparse_speed_raw.csv,359335,2b91bfba73e6772b9a775ccaf7a34108e6f423ef9301feb06164d53b4bc6e227
runs_eval/signal_controller_benchmark/iqll/iqll_retrained_queue_by_group.png,179632,6d4bbebb0b55cba1588d59529eec10686ad3c3b48f0272230ed963b741bc6c44
runs_eval/signal_controller_benchmark/iqll/iqll_retrained_speed_by_group.png,244511,a0d0ba17352e42388714c9e240bb9b14e6d30ae34c168eb12e9bbe3ec8791269
runs_eval/signal_controller_benchmark/iqll/iqll_worst_queue.png,164801,09afb44b1ca4a0769c9cd5d8fb7f3277b5acb77226938aab9a2c89e02ccc258d
runs_eval/signal_controller_benchmark/iqll/iqll_worst_speed.png,158064,d6609e98c2d5d76a9c7009f3640c50e9a6a3b7804937e59866cc0be480dfcacf
runs_eval/signal_controller_benchmark/iqll/sumo_port_8000.log,108,cca62a94b9fca869f1b0b15235cade62ac48f32b39731c7e5c6319c69bf64c39
runs_eval/signal_controller_benchmark/iqll/sumo_port_8001.log,0,e3b0c44298fc1c149afbf4c8996fb92427ae41e4649b934ca495991b7852b855
runs_eval/signal_controller_benchmark/iqll/sumo_port_8002.log,0,e3b0c44298fc1c149afbf4c8996fb92427ae41e4649b934ca495991b7852b855
runs_eval/signal_controller_benchmark/iqll/sumo_port_8005.log,0,e3b0c44298fc1c149afbf4c8996fb92427ae41e4649b934ca495991b7852b855
runs_eval/signal_controller_benchmark/iqll/sumo_port_8006.log,0,e3b0c44298fc1c149afbf4c8996fb92427ae41e4649b934ca495991b7852b855
runs_eval/signal_controller_benchmark/ma2c/.~lock.ma2c_marl_group11_demand_5x5_sparse_queue_raw.csv#,93,143bde439b659eaf73e66c2aafdeb97f9def069a0f010ede5c7372403fad4949
runs_eval/signal_controller_benchmark/ma2c/ma2c_marl_group00_demand_n_to_s_queue_raw.csv,201171,c365507ba6507839c144137ae03e9790beadc69730524d11c20de96651bf145c
runs_eval/signal_controller_benchmark/ma2c/ma2c_marl_group00_demand_n_to_s_speed_raw.csv,367413,ed45e816966211aaf88512f64b0b328b3e459e26c86d1b10d70996b6bce54efc
runs_eval/signal_controller_benchmark/ma2c/ma2c_marl_group01_demand_s_to_n_queue_raw.csv,203024,84138d545872db6d223214d370bd89e8283d8aad07c02acd57f58932f9ff457d
runs_eval/signal_controller_benchmark/ma2c/ma2c_marl_group01_demand_s_to_n_speed_raw.csv,368400,9eece2ba2525a83b9754eae6f42ff6b80c1d0e82de4ee53c0562d685515e42ac
runs_eval/signal_controller_benchmark/ma2c/ma2c_marl_group02_demand_w_to_e_queue_raw.csv,231249,13580ada660637e4fe3bf6489a1754e447a7aeb4eed71bce7361d16abc12608f
runs_eval/signal_controller_benchmark/ma2c/ma2c_marl_group02_demand_w_to_e_speed_raw.csv,372693,4a40c1b463fa948fd4d8b80c9b4a7d3ab112384e2132e37a584d24120c81d6ac
runs_eval/signal_controller_benchmark/ma2c/ma2c_marl_group03_demand_e_to_w_queue_raw.csv,229473,de5267583424d6256c4296ff13d721dbbc4bd367a9d784b2466c91858796a0a0
runs_eval/signal_controller_benchmark/ma2c/ma2c_marl_group03_demand_e_to_w_speed_raw.csv,371486,bf375f905c9756d2d48eaa83c8795e5460e8a5e805cbb8ada7f6a1cbd677281c
runs_eval/signal_controller_benchmark/ma2c/ma2c_marl_group04_demand_nw_to_se_queue_raw.csv,230331,6659cfb8f7c59413804b90dfd0591f4dbe53f372f70b6d844f2a946c8bea9355
runs_eval/signal_controller_benchmark/ma2c/ma2c_marl_group04_demand_nw_to_se_speed_raw.csv,371263,95c14b85d24f62d7c8b81e7ae87e122b87bfaed3a6587b7d3385cb137cf471f6
runs_eval/signal_controller_benchmark/ma2c/ma2c_marl_group05_demand_se_to_nw_queue_raw.csv,230480,d2236b6f133f4446be7904fcfba179d8ee3e801cfb8db3d423046b3ff0fa6d6b
runs_eval/signal_controller_benchmark/ma2c/ma2c_marl_group05_demand_se_to_nw_speed_raw.csv,372022,683a4b69a91c1b14116933dd2784e4a266847ebbc64adb58b8d04e5b821d9da1
runs_eval/signal_controller_benchmark/ma2c/ma2c_marl_group06_demand_sw_to_ne_queue_raw.csv,231692,2c0cf59b3164a5f511be997a445794a4954b7ee9f34f86cc7ca967753b890300
runs_eval/signal_controller_benchmark/ma2c/ma2c_marl_group06_demand_sw_to_ne_speed_raw.csv,373039,07b55825bd8e2bead47c304f1dd659906daf543164bb0880698807a1aa485ece
runs_eval/signal_controller_benchmark/ma2c/ma2c_marl_group07_demand_ne_to_sw_queue_raw.csv,230358,7386f978794586965708844b82b31505c320bb8c248d12a15e5f7a15de4108e4
runs_eval/signal_controller_benchmark/ma2c/ma2c_marl_group07_demand_ne_to_sw_speed_raw.csv,371876,e0b7a1a49aab2e50002c6f36b8e4c522e089f2115d9df7a1f47c4d3673ae79fb
runs_eval/signal_controller_benchmark/ma2c/ma2c_marl_group08_demand_periphery_to_center_queue_raw.csv,200171,cb310117c585a918bdac6bff9540ee9145c624fc2aff3e8ab4fd904e9051f360
runs_eval/signal_controller_benchmark/ma2c/ma2c_marl_group08_demand_periphery_to_center_speed_raw.csv,361368,6805e795f5db0009c89f4b0df729a50acf34601a223b8870afd7c7f9109e77bb
runs_eval/signal_controller_benchmark/ma2c/ma2c_marl_group09_demand_center_to_periphery_queue_raw.csv,200063,970848699eb3661a72c373aebcab8619d8d601974dd76e8f61eefe55f995ab65
runs_eval/signal_controller_benchmark/ma2c/ma2c_marl_group09_demand_center_to_periphery_speed_raw.csv,361173,61bcede282e3c097f68b37a71fb088a2d29125613935b20ce8252aefbd3365c7
runs_eval/signal_controller_benchmark/ma2c/ma2c_marl_group10_demand_uniform_queue_raw.csv,200149,11521345add1ed77156881600c24c3691b63741363f5b02dca494fe5a5017a34
runs_eval/signal_controller_benchmark/ma2c/ma2c_marl_group10_demand_uniform_speed_raw.csv,361452,3803ce826b32b50045248a8389057683335a843bf203c18e55ffc859b90f76e7
runs_eval/signal_controller_benchmark/ma2c/ma2c_marl_group11_demand_5x5_sparse_queue_raw.csv,200130,2191db76ef07407603ed9123e92ed18877e30cd8fd145c8033e18ced367d141c
runs_eval/signal_controller_benchmark/ma2c/ma2c_marl_group11_demand_5x5_sparse_speed_raw.csv,362597,97722feedc2d1f982b366463c8b41cf2b21d721808c2b6fbdd1a0cfea02d95b9
runs_eval/signal_controller_benchmark/ma2c/ma2c_marl_queue_by_group.png,225247,4af696ba417c98c251e31b476ecfd56a2121add474a1f4fcc22e942a3657786f
runs_eval/signal_controller_benchmark/ma2c/ma2c_marl_speed_by_group.png,227902,06e4c3c9f3b09106bdbfdd661d71182bba13951001007ede40365f6e17f7ffb5
runs_eval/signal_controller_benchmark/ma2c/ma2c_retrained_group00_demand_n_to_s_queue_raw.csv,203769,acd32b1319bbefccb8040ffcd505685a4d5e644ed88c5f41d618bc5a7951dd95
runs_eval/signal_controller_benchmark/ma2c/ma2c_retrained_group00_demand_n_to_s_speed_raw.csv,366423,d0f11062779ec5b9b57e6b20c6ac33553a68430cf43b227764ae15eaee088c54
runs_eval/signal_controller_benchmark/ma2c/ma2c_retrained_group01_demand_s_to_n_queue_raw.csv,203814,0f68ab638aca9fbd845f0069938374788ca3d651489ef8cd98d9575a97af2c41
runs_eval/signal_controller_benchmark/ma2c/ma2c_retrained_group01_demand_s_to_n_speed_raw.csv,366641,19a8f463f7f5a372807277aeedb72572655611c344379c6eb0b8d82f29b5d4e8
runs_eval/signal_controller_benchmark/ma2c/ma2c_retrained_group02_demand_w_to_e_queue_raw.csv,227952,2a19b8b7540a0a7ca869c182e63eeb0f2a81d08f90923e00bb5f33e3c6b320c3
runs_eval/signal_controller_benchmark/ma2c/ma2c_retrained_group02_demand_w_to_e_speed_raw.csv,369662,9b294875e4d8f47c4162e319364dd09ed55b22dc0e2ee1ad83e90a22ab25d5ea
runs_eval/signal_controller_benchmark/ma2c/ma2c_retrained_group03_demand_e_to_w_queue_raw.csv,225035,aedcd274b61da8c489b3ba24a207389c60bd25408b57a0abd72d3c4bb84b918e
runs_eval/signal_controller_benchmark/ma2c/ma2c_retrained_group03_demand_e_to_w_speed_raw.csv,368781,785cf603c7415019b9e696c484238036cf5d1113bbbe31ca8089437cd8a86ba5
runs_eval/signal_controller_benchmark/ma2c/ma2c_retrained_group04_demand_nw_to_se_queue_raw.csv,230018,ca5affbaf04adb051bb4d5cc73bb36db6911eba3caf9a0f250a003a6447ee356
runs_eval/signal_controller_benchmark/ma2c/ma2c_retrained_group04_demand_nw_to_se_speed_raw.csv,370547,4c456889c743602f5551fc5843871c2ddb2a53cfa75645f07c7f07c10040ed97
runs_eval/signal_controller_benchmark/ma2c/ma2c_retrained_group05_demand_se_to_nw_queue_raw.csv,229488,fed60776fcecda876b07abc2d7a48375e0530d4617549db19445733108c034cd
runs_eval/signal_controller_benchmark/ma2c/ma2c_retrained_group05_demand_se_to_nw_speed_raw.csv,370593,0d3500f399fc091bcf4ee1fcc61ea4b1a6a2c2ddcacbb321457a349f50e2914b
runs_eval/signal_controller_benchmark/ma2c/ma2c_retrained_group06_demand_sw_to_ne_queue_raw.csv,230938,fd2d77b4206d7baca2adbefc2b778d31a61a01b9500e792ce0d7225b49920f19
runs_eval/signal_controller_benchmark/ma2c/ma2c_retrained_group06_demand_sw_to_ne_speed_raw.csv,371392,ec06a1dad6b973c019793c8f80a9305db6a42fc884544e87a751a18abc6b65e7
runs_eval/signal_controller_benchmark/ma2c/ma2c_retrained_group07_demand_ne_to_sw_queue_raw.csv,230319,3e07219a8cccd767acc83283f92812937af371e9f53ba12fba6fd056ac342cbe
runs_eval/signal_controller_benchmark/ma2c/ma2c_retrained_group07_demand_ne_to_sw_speed_raw.csv,370543,73df8865456dc543b495da5db8ace93b4bbe553c1bdff4cc4647c855414cc2f2
runs_eval/signal_controller_benchmark/ma2c/ma2c_retrained_group08_demand_periphery_to_center_queue_raw.csv,200202,2abf8ccb8ec4429a3e2d1599d216ae971494ef6a23082b964dcef2765740c2b0
runs_eval/signal_controller_benchmark/ma2c/ma2c_retrained_group08_demand_periphery_to_center_speed_raw.csv,361159,9defb656d4e6489c2593bdc0906858cf7f2aca8302536e958fd42cc3c0626379
runs_eval/signal_controller_benchmark/ma2c/ma2c_retrained_group09_demand_center_to_periphery_queue_raw.csv,200109,bfb84046ba95fb36815287d088cad249a296ef39b89ae1fcea404aeb49a75544
runs_eval/signal_controller_benchmark/ma2c/ma2c_retrained_group09_demand_center_to_periphery_speed_raw.csv,361109,fe44635f59cb05eb3e009f4d95625b5aee12968b45722e8bf4b000650e1b7dd2
runs_eval/signal_controller_benchmark/ma2c/ma2c_retrained_group10_demand_uniform_queue_raw.csv,200204,feace679361afc5f5fee526be6e49382caeba366d4ebe8f6d13e5952a41b751a
runs_eval/signal_controller_benchmark/ma2c/ma2c_retrained_group10_demand_uniform_speed_raw.csv,361083,74b0dcf26d6636bf5ac332e3036248f280b51819816341d26c3ee3e556fff20a
runs_eval/signal_controller_benchmark/ma2c/ma2c_retrained_group11_demand_5x5_sparse_queue_raw.csv,200115,ebbff42ecb377f92043d180cdfe60989bb1a6af2267d358c997dd518be4dc284
runs_eval/signal_controller_benchmark/ma2c/ma2c_retrained_group11_demand_5x5_sparse_speed_raw.csv,361744,fd790ce347c230d964eeb06ba5862ca39ac7cdae7baf8ff3a139f5ed0702fb45
runs_eval/signal_controller_benchmark/ma2c/ma2c_retrained_queue_by_group.png,224939,9d7398437584e992c65120d70496f025399cf20c41358307137bda41650fb43b
runs_eval/signal_controller_benchmark/ma2c/ma2c_retrained_speed_by_group.png,230657,7c892af8bf8100bf5dcf86abdd149df4e9ccc06f85f3b6258b15ab31ea7da253
runs_eval/signal_controller_benchmark/ma2c/ma2c_worst_queue.png,225912,0d19724973f394ec3e12dec18ba193ddf8981a3b23482ce6048ca269628d9469
runs_eval/signal_controller_benchmark/ma2c/ma2c_worst_speed.png,152060,eedf88819bce99370ae25278e5d08904d5d98ca9e157d3d1392b14d7bed09ba9
runs_eval/signal_controller_benchmark/ma2c/sumo_port_8001.log,0,e3b0c44298fc1c149afbf4c8996fb92427ae41e4649b934ca495991b7852b855
runs_eval/signal_controller_benchmark/ma2c/sumo_port_8002.log,0,e3b0c44298fc1c149afbf4c8996fb92427ae41e4649b934ca495991b7852b855
runs_eval/signal_controller_benchmark/ma2c/sumo_port_8003.log,0,e3b0c44298fc1c149afbf4c8996fb92427ae41e4649b934ca495991b7852b855
runs_eval/signal_controller_benchmark/ma2c/sumo_port_8004.log,0,e3b0c44298fc1c149afbf4c8996fb92427ae41e4649b934ca495991b7852b855
runs_eval/signal_controller_benchmark/ma2c/sumo_port_8005.log,0,e3b0c44298fc1c149afbf4c8996fb92427ae41e4649b934ca495991b7852b855
runs_eval/signal_controller_benchmark/ppo/.~lock.ppo_marl_group01_demand_s_to_n_queue_raw.csv#,93,ac500cc62dd22c0a701160a9c740133b2d4c25b8bdef110b57c85e67a5add875
runs_eval/signal_controller_benchmark/ppo/ppo_marl_group00_demand_n_to_s_queue_raw.csv,205608,42cfa903061721524a988396afa059044b3bc6eb343f0fb9fe7494ed89df7118
runs_eval/signal_controller_benchmark/ppo/ppo_marl_group00_demand_n_to_s_speed_raw.csv,367924,e6b2b11ba7158b89df83098e41afce1edad721385b7601a472415a3a536cc382
runs_eval/signal_controller_benchmark/ppo/ppo_marl_group01_demand_s_to_n_queue_raw.csv,218192,e4cd8e8e4af04afa34b926f8b3b57169cf93060d8750c18ba5aeb3998d52a90a
runs_eval/signal_controller_benchmark/ppo/ppo_marl_group01_demand_s_to_n_speed_raw.csv,369023,12b17c423f0faebb4a9630a73a5d45c0bf25190d9782f2085eedf5ee56c6f1a4
runs_eval/signal_controller_benchmark/ppo/ppo_marl_group02_demand_w_to_e_queue_raw.csv,231868,c42f5d8e5c2288f95a1447ffda1617ce9016685b31780c54cde60574571291bc
runs_eval/signal_controller_benchmark/ppo/ppo_marl_group02_demand_w_to_e_speed_raw.csv,378297,aee80e9ec90cf8f09c615f273bab5d72f0a799bb224f7ae66b6275b1cbf92822
runs_eval/signal_controller_benchmark/ppo/ppo_marl_group03_demand_e_to_w_queue_raw.csv,213037,caa1cfbbb5aad6f155d359c24f7ac0adc4ca14dfee91897a02ce07da34f48972
runs_eval/signal_controller_benchmark/ppo/ppo_marl_group03_demand_e_to_w_speed_raw.csv,368079,9c3a3d9cd0bee685311f9d048311494b049bef12f83ec3b8c5e465d09942a622
runs_eval/signal_controller_benchmark/ppo/ppo_marl_group04_demand_nw_to_se_queue_raw.csv,229161,7f27c991b9e8a5a99bbddbc0d022dea1df6971cdb71cd06f4619d7a3e14a3432
runs_eval/signal_controller_benchmark/ppo/ppo_marl_group04_demand_nw_to_se_speed_raw.csv,370687,ece3bfe7bfeb9c91c1d3d302274ee36a8abf680b9227d0e9759ce1dab37a481e
runs_eval/signal_controller_benchmark/ppo/ppo_marl_group05_demand_se_to_nw_queue_raw.csv,227130,1202ce0eeb93f79d39dfb0cdb33d7001f9d3c137f0b8cd82386417b1745089c0
runs_eval/signal_controller_benchmark/ppo/ppo_marl_group05_demand_se_to_nw_speed_raw.csv,369721,37ce50305aa6aaab22ce51db799d829909fe6b716fa1be5457d6c26c6b34fdf1
runs_eval/signal_controller_benchmark/ppo/ppo_marl_group06_demand_sw_to_ne_queue_raw.csv,213544,e1e927f2718036daff0e5286103a698e0c0cf96986ec27f35b146d1198267b42
runs_eval/signal_controller_benchmark/ppo/ppo_marl_group06_demand_sw_to_ne_speed_raw.csv,367531,c8847d1fb9d5745e1c641308a73a7fa4ed539a677fb8988f34078ee380cc7c97
runs_eval/signal_controller_benchmark/ppo/ppo_marl_group07_demand_ne_to_sw_queue_raw.csv,219145,3238e57f1a6a58b1951aecf5c1f19e3de40a8dfa67e111be86e22f32e8ed8c7d
runs_eval/signal_controller_benchmark/ppo/ppo_marl_group07_demand_ne_to_sw_speed_raw.csv,368502,fed763cb9c12cd885198b5184e9d70609943856c9ba7a662ca17728ed8623db1
runs_eval/signal_controller_benchmark/ppo/ppo_marl_group08_demand_periphery_to_center_queue_raw.csv,200204,be8c13764b0cdb63ccf83eb8e9c79c4ce5cb05fa3b935215857593f9846b872a
runs_eval/signal_controller_benchmark/ppo/ppo_marl_group08_demand_periphery_to_center_speed_raw.csv,361547,7d2329ad3c71d1c3f304759f7d9d5dd4c5bf97f8e05c707d393c9e691e243779
runs_eval/signal_controller_benchmark/ppo/ppo_marl_group09_demand_center_to_periphery_queue_raw.csv,200094,69affeeae305e03794a60787d2a0a2e7e59065932244bf143f24f527d9033f32
runs_eval/signal_controller_benchmark/ppo/ppo_marl_group09_demand_center_to_periphery_speed_raw.csv,361154,91f5b3ae5f60adfb3370bb094d988ff3714a6eccc303db93b56fc738e0dbc67c
runs_eval/signal_controller_benchmark/ppo/ppo_marl_group10_demand_uniform_queue_raw.csv,200213,7b544fd6b1903724910ba32216b9ad9f18cdcc7a7f54e896d9c55588980ebc42
runs_eval/signal_controller_benchmark/ppo/ppo_marl_group10_demand_uniform_speed_raw.csv,361289,055f23e788a260f7a4ba6657677b52fda7a7d9c5d149cb7ad7a3cd416681f1c8
runs_eval/signal_controller_benchmark/ppo/ppo_marl_group11_demand_5x5_sparse_queue_raw.csv,200212,0ddcca8da197d22d0577424cd9433f87690517f8537249a046d3f2f7190b165d
runs_eval/signal_controller_benchmark/ppo/ppo_marl_group11_demand_5x5_sparse_speed_raw.csv,362874,244cacd82ad0d2304d726897867cf95d488312285fab18f5a186c58386edee16
runs_eval/signal_controller_benchmark/ppo/ppo_marl_queue_by_group.png,188461,c3895ba01308f050c1cea3a596033d8aff92c1213f5b35845b75824146fda9d7
runs_eval/signal_controller_benchmark/ppo/ppo_marl_speed_by_group.png,232149,0e7155b66f2ea85a38801aaeb7e8b63ffbbee111c0411334c88a7ce0bfd4704e
runs_eval/signal_controller_benchmark/ppo/ppo_retrained_group00_demand_n_to_s_queue_raw.csv,198713,eb856291436f2e35ba97d2efca47f74f1ee1b59ac0bb0059aaa58ca7ba8e0101
runs_eval/signal_controller_benchmark/ppo/ppo_retrained_group00_demand_n_to_s_speed_raw.csv,358258,efee1fd2ff0a31cfc3f1fc7daf543ad6817f55bd3cb053bcfb6d26ff47d0d5a8
runs_eval/signal_controller_benchmark/ppo/ppo_retrained_group01_demand_s_to_n_queue_raw.csv,198468,6d981dbb7423609ec95712a718031ef7fbaf3158137318073a42c70196f337d3
runs_eval/signal_controller_benchmark/ppo/ppo_retrained_group01_demand_s_to_n_speed_raw.csv,359170,c48aaa682fd3707ce56ba1d6ca11b55e9c3173e9ac4cc46435ebf1ce247a55ce
runs_eval/signal_controller_benchmark/ppo/ppo_retrained_group02_demand_w_to_e_queue_raw.csv,180227,a0c9a1ab72f037220e5dd5614757ff3416e5254fea0f73d4ff31640716f4d5b5
runs_eval/signal_controller_benchmark/ppo/ppo_retrained_group02_demand_w_to_e_speed_raw.csv,366963,b5065d0c8327cedfa74bd0aa59bc9efa0747227d2e9aecb8a291e0219ad5ef22
runs_eval/signal_controller_benchmark/ppo/ppo_retrained_group03_demand_e_to_w_queue_raw.csv,179940,523597922d0fc32abaaae42434d40f03a915188ace0df0d3f337d9462aaa43cb
runs_eval/signal_controller_benchmark/ppo/ppo_retrained_group03_demand_e_to_w_speed_raw.csv,366504,811e2520e6ebe0d843439be383d3d4b91cd36f972f6802b5a4c2f89b8fee39c0
runs_eval/signal_controller_benchmark/ppo/ppo_retrained_group04_demand_nw_to_se_queue_raw.csv,198910,07d282209e3779759d344645240ed2f8d08edcc791fd838bc6b49f78a495915d
runs_eval/signal_controller_benchmark/ppo/ppo_retrained_group04_demand_nw_to_se_speed_raw.csv,360524,ab273a5ef2d01a5f8c2a334d64e156bbc4b0797bc6c2b819a0f52b962c46edff
runs_eval/signal_controller_benchmark/ppo/ppo_retrained_group05_demand_se_to_nw_queue_raw.csv,199375,045d2b645730f1dbb449a88bb6654e2a58d8a22bc70246194348af8f252d17dc
runs_eval/signal_controller_benchmark/ppo/ppo_retrained_group05_demand_se_to_nw_speed_raw.csv,360637,c29ebfd395e439b327b0da407c38d3ce9941a49bc00d392018fc258fa1de5b40
runs_eval/signal_controller_benchmark/ppo/ppo_retrained_group06_demand_sw_to_ne_queue_raw.csv,197333,ab48d5a0ef2966669d95fcb5a078bc5eff26a20ff06bbd810775424c6aaf9d6b
runs_eval/signal_controller_benchmark/ppo/ppo_retrained_group06_demand_sw_to_ne_speed_raw.csv,358755,410631928e60481540e4ed446dd7ccaf6199db645dea78f744c2a1d673be674a
runs_eval/signal_controller_benchmark/ppo/ppo_retrained_group07_demand_ne_to_sw_queue_raw.csv,198015,cf5e721dd4094712a386a69c3fe61a46f459df0e7b0185c59bc0352d79190283
runs_eval/signal_controller_benchmark/ppo/ppo_retrained_group07_demand_ne_to_sw_speed_raw.csv,358762,2c065bd52c3bb897024d369f3f1ce46311204de05b13474e4aa9334f5c2d1be3
runs_eval/signal_controller_benchmark/ppo/ppo_retrained_group08_demand_periphery_to_center_queue_raw.csv,167647,bbdbcd397e90ae4ee8c358efa1d1ff85b1a3626282152c1329bb868539bcff78
runs_eval/signal_controller_benchmark/ppo/ppo_retrained_group08_demand_periphery_to_center_speed_raw.csv,359603,884bcbd8d5550c06cc4972d7fb17a6351f1f98368c7dc731ce588c27dd4f34e2
runs_eval/signal_controller_benchmark/ppo/ppo_retrained_group09_demand_center_to_periphery_queue_raw.csv,166119,90ae75e1123098fa7a9a1ed76456eb7cc35b55ddbd5f1b4d4d490cde51152d07
runs_eval/signal_controller_benchmark/ppo/ppo_retrained_group09_demand_center_to_periphery_speed_raw.csv,362913,fe681c1c21239b258105586f03aa2f9442faab55d298fbe49c2b7d8eadac6349
runs_eval/signal_controller_benchmark/ppo/ppo_retrained_group10_demand_uniform_queue_raw.csv,167067,5b391546f768e65b61b84b5a8a85626369af3d58d9ca696c2c2052627806c5af
runs_eval/signal_controller_benchmark/ppo/ppo_retrained_group10_demand_uniform_speed_raw.csv,361662,316e6ab3638b9d4d76b4ea7f9b2e5f67eab913e748080f63a1ec4c8917158a8f
runs_eval/signal_controller_benchmark/ppo/ppo_retrained_group11_demand_5x5_sparse_queue_raw.csv,165563,74568a2aa228d75809954cf647458194569e45dce7dc3579d92c123100d46095
runs_eval/signal_controller_benchmark/ppo/ppo_retrained_group11_demand_5x5_sparse_speed_raw.csv,362121,af23cf19488fb0be90e238e8ea0644c62fa5b052deed895cf8d8fdadaeb06120
runs_eval/signal_controller_benchmark/ppo/ppo_retrained_queue_by_group.png,216290,6f1449c5b0c04e6fd1bd79acf8db150f8001ede66af78d5e2c2fb13011974928
runs_eval/signal_controller_benchmark/ppo/ppo_retrained_speed_by_group.png,207173,88e2e3708bc4b0a0e4e3d386d2669c8fc266f6eb0e0a2c739425eee64f81987a
runs_eval/signal_controller_benchmark/ppo/ppo_worst_queue.png,187045,acc836af5081b961fef3081bbdfbd81081116091dbe655c88db2605da185f489
runs_eval/signal_controller_benchmark/ppo/ppo_worst_speed.png,208253,9e70ecd2e2cd993fc019d3a53bc13e11b85dd8ff30215dcf46d6631188691a7d
runs_eval/signal_controller_benchmark/ppo/sumo_port_8003.log,0,e3b0c44298fc1c149afbf4c8996fb92427ae41e4649b934ca495991b7852b855
runs_eval/signal_controller_benchmark/ppo/sumo_port_8007.log,0,e3b0c44298fc1c149afbf4c8996fb92427ae41e4649b934ca495991b7852b855
runs_eval/signal_controller_benchmark/summary_averages.csv,27361,db47aaef40bf92d2fa91ece950bbd92d7b2c25010c8848da6383cc39068f60d6
runs_eval/signal_controller_benchmark_real/.~lock.horizon_averages_from_raw.csv#,93,4457e03288f108849e335b5cb7b9fd557deeb855d6c7a603823d89bd35d7b102
runs_eval/signal_controller_benchmark_real/Backups data/ia2c/ia2c_real_group00_n_to_s_queue_raw.csv,182434,74641d5e5c4bf4b04434e0c3e190826edda113aed3c7898a0803baaf9e5f9de1
runs_eval/signal_controller_benchmark_real/Backups data/ia2c/ia2c_real_group00_n_to_s_speed_raw.csv,367692,27c8516c0b688942254e1c92234c3a96aae8e5177bcf3aad993335ae4986fae5
runs_eval/signal_controller_benchmark_real/Backups data/ia2c/ia2c_real_group01_s_to_n_queue_raw.csv,200030,5d83da28cc68a2833ca050baa0c352e57d75ca89558bf4cb7e5780361c4d2b3d
runs_eval/signal_controller_benchmark_real/Backups data/ia2c/ia2c_real_group01_s_to_n_speed_raw.csv,371718,9f1ae6c0c26a3886cb7fc1c24b52b8791b95dffba7655ac40a6a27955cab9002
runs_eval/signal_controller_benchmark_real/Backups data/ia2c/ia2c_real_group02_w_to_e_queue_raw.csv,200160,5f9218bdc55eb8b5f7756cac81174ba067ea8f119946860596c08436cddb857c
runs_eval/signal_controller_benchmark_real/Backups data/ia2c/ia2c_real_group02_w_to_e_speed_raw.csv,373357,2fbbb0f5858abe865de0e853cfcf309aad8807a239a3c2e6f47e8f2ae7739cd6
runs_eval/signal_controller_benchmark_real/Backups data/ia2c/ia2c_real_group03_e_to_w_queue_raw.csv,200113,15d63fcfa290f637281c86cbe7e9c6ec089e865ef02151b3402ac04230e86b6b
runs_eval/signal_controller_benchmark_real/Backups data/ia2c/ia2c_real_group03_e_to_w_speed_raw.csv,371127,b30d29aa9f74f5a1f39a9e5862353e8d3900812b4fa675795d03ac06469e98cc
runs_eval/signal_controller_benchmark_real/Backups data/ia2c/ia2c_real_group04_nw_to_se_queue_raw.csv,199675,650ebaacfa694444480d1feeae49cf4fa63a36950ef0ec3c0f7ae7e0a8f15dc4
runs_eval/signal_controller_benchmark_real/Backups data/ia2c/ia2c_real_group04_nw_to_se_speed_raw.csv,370960,15af3d370667cc81ac123dd8066f4475ac08cc2c1b8de1ee0d9a3651948c5d9f
runs_eval/signal_controller_benchmark_real/Backups data/ia2c/ia2c_real_group05_se_to_nw_queue_raw.csv,204088,ceb79bfed1f6413f55ae74e6f212a158d91ffd8dc555db7122b1bf567e74a739
runs_eval/signal_controller_benchmark_real/Backups data/ia2c/ia2c_real_group05_se_to_nw_speed_raw.csv,380701,a2bbc9ffadb81459075054413a531714c71c3bc161efc882f7aaae35e5b8e7a4
runs_eval/signal_controller_benchmark_real/Backups data/ia2c/ia2c_real_group06_sw_to_ne_queue_raw.csv,200200,3648a77b2eabe925435c55d5bfdcb430d275392af366cdaafd0d31fa9592cde0
runs_eval/signal_controller_benchmark_real/Backups data/ia2c/ia2c_real_group06_sw_to_ne_speed_raw.csv,370573,2896bbc8eaf83ac9c623fd6fde67df1401569eaca2051d518cbbe55c37a76830
runs_eval/signal_controller_benchmark_real/Backups data/ia2c/ia2c_real_group07_ne_to_sw_queue_raw.csv,187658,8f1357e373c092b94657317b05ca9d8b4fc6c260694e726138e0ef10d86fff7c
runs_eval/signal_controller_benchmark_real/Backups data/ia2c/ia2c_real_group07_ne_to_sw_speed_raw.csv,364520,269530e54e066361036eb04a1d60556e53b4c3f717e40f466c438d2ba24e015f
runs_eval/signal_controller_benchmark_real/Backups data/ia2c/ia2c_real_group08_periphery_to_center_queue_raw.csv,200641,c7c4b185c1b158633e54fa3a169a4941e7cae33a71e42904eb8f8b5496461c08
runs_eval/signal_controller_benchmark_real/Backups data/ia2c/ia2c_real_group08_periphery_to_center_speed_raw.csv,370453,c156fa0975b7158ecea944dad784c8a60f737518cf254009a44001b7387ad00d
runs_eval/signal_controller_benchmark_real/Backups data/ia2c/ia2c_real_group09_center_to_periphery_queue_raw.csv,200581,fae7b4dea00e132a5cfbcf5ecdb8d497d2dcf93e54285c84e8f4e5f238e456bf
runs_eval/signal_controller_benchmark_real/Backups data/ia2c/ia2c_real_group09_center_to_periphery_speed_raw.csv,368877,43461941cabd3368833171496a3f6e41af67d667b5c87a1e951d7cbb0eebc45a
runs_eval/signal_controller_benchmark_real/Backups data/ia2c/ia2c_real_group10_uniform_queue_raw.csv,223203,12c5d7be726816b5bdb4521b022a7d0a47adae1860f8f9aa027a7b93c3c7e7b4
runs_eval/signal_controller_benchmark_real/Backups data/ia2c/ia2c_real_group10_uniform_speed_raw.csv,393931,0fe05997760e93c7c13d4b7a8fa2c0c038d3d8286535817e0d8c329ea7156e0e
runs_eval/signal_controller_benchmark_real/Backups data/ia2c/ia2c_real_group11_real_life_monaco_queue_raw.csv,221917,7af3ff3cdb3ef41665c11375c9b07f010b37be6ce8167ea4f77b75b3df235fa4
runs_eval/signal_controller_benchmark_real/Backups data/ia2c/ia2c_real_group11_real_life_monaco_speed_raw.csv,376808,1acca834e5f4b0107866fc9ce59620f525fc3791d9218dc58f5d2027fb5bd4a5
runs_eval/signal_controller_benchmark_real/Backups data/ia2c/ia2c_real_queue_by_group.png,188149,708a7f6ace9a1aca04a54d3c63ec4dc179ca1dfd43cf3255c8f778db3b049c73
runs_eval/signal_controller_benchmark_real/Backups data/ia2c/ia2c_real_speed_by_group.png,236320,9c66847f773ea07b9c61108fd561a53ccfbca106ff49f57f23474efcf0f0edbd
runs_eval/signal_controller_benchmark_real/Backups data/ia2c/ia2c_retrained_group00_n_to_s_queue_raw.csv,164597,f4f28a6c6764a98436933640ece1a7ce9d733b240c466ffcf14c8708453f5c42
runs_eval/signal_controller_benchmark_real/Backups data/ia2c/ia2c_retrained_group00_n_to_s_speed_raw.csv,358990,03c57e4a43bb524411275f8296fa61e980446d486151f2aff7b6ecbc8ce6b9fb
runs_eval/signal_controller_benchmark_real/Backups data/ia2c/ia2c_retrained_group01_s_to_n_queue_raw.csv,198789,e18ea164d5d5941a134dbd34926654c47ecb6a9df0d9987d731998906f3c66c7
runs_eval/signal_controller_benchmark_real/Backups data/ia2c/ia2c_retrained_group01_s_to_n_speed_raw.csv,369198,d3801d618ad071a7f514ef34450cf66eab146d06aa587f17292b517dfbabf1f8
runs_eval/signal_controller_benchmark_real/Backups data/ia2c/ia2c_retrained_group02_w_to_e_queue_raw.csv,168841,a6a71c686e360a7c7596bb048df1f9ca0ef3131b82d5efc762d49d61f1dea519
runs_eval/signal_controller_benchmark_real/Backups data/ia2c/ia2c_retrained_group02_w_to_e_speed_raw.csv,356470,9f236292a818535e0256c26dc6f7684fb2e6d7829f0bc9f0c703f392d8118d3d
runs_eval/signal_controller_benchmark_real/Backups data/ia2c/ia2c_retrained_group03_e_to_w_queue_raw.csv,186452,88baa3a60f38b7ce950a2c3ff163951fd3b63c285cc42330ab019141cd7735ad
runs_eval/signal_controller_benchmark_real/Backups data/ia2c/ia2c_retrained_group03_e_to_w_speed_raw.csv,361445,4a2d7605514a974e76edce2281c7770d06e2fcc625e3b35ddb42b7e62dbe255e
runs_eval/signal_controller_benchmark_real/Backups data/ia2c/ia2c_retrained_group04_nw_to_se_queue_raw.csv,197889,dfe3496762f877bf2a63c866c1fb2d1185a200d2d10b4fe325e29eb1363e7163
runs_eval/signal_controller_benchmark_real/Backups data/ia2c/ia2c_retrained_group04_nw_to_se_speed_raw.csv,369387,a74cb424cbe32773fdbe39afc2c0b72ab34185856616bd233db58d95537cee53
runs_eval/signal_controller_benchmark_real/Backups data/ia2c/ia2c_retrained_group05_se_to_nw_queue_raw.csv,198596,950dde54ebc6c802cde1970a3dee8d0fc8dcb63c353db652823f68298975d719
runs_eval/signal_controller_benchmark_real/Backups data/ia2c/ia2c_retrained_group05_se_to_nw_speed_raw.csv,370016,9d43bd176e4be83df656dea206ca53ba51d5786d5ee8f7d03fafb16804987580
runs_eval/signal_controller_benchmark_real/Backups data/ia2c/ia2c_retrained_group06_sw_to_ne_queue_raw.csv,197658,9296702da48719da8c81e1c95377186ce0d6c5c74b9142d66cf213584c66af6d
runs_eval/signal_controller_benchmark_real/Backups data/ia2c/ia2c_retrained_group06_sw_to_ne_speed_raw.csv,366622,4a9a53bc5828bbab288f20aa77ebf87159773ac768e8aa46c168a011d3d4be34
runs_eval/signal_controller_benchmark_real/Backups data/ia2c/ia2c_retrained_group07_ne_to_sw_queue_raw.csv,164596,ad782baffbe970ecdb0bf49170df614bcc9ee8b78ce2ee9c610c097b5eaf859c
runs_eval/signal_controller_benchmark_real/Backups data/ia2c/ia2c_retrained_group07_ne_to_sw_speed_raw.csv,371642,9e7bedd109dfd8de13543aeda701b3879c6414488a2cf47009af5ecc5bd61f2b
runs_eval/signal_controller_benchmark_real/Backups data/ia2c/ia2c_retrained_group08_periphery_to_center_queue_raw.csv,166356,c4bde7d6102bf7ee0366c3f3fb3aca1ddcd0bafc1cc2c33336baeefa585ed71b
runs_eval/signal_controller_benchmark_real/Backups data/ia2c/ia2c_retrained_group08_periphery_to_center_speed_raw.csv,356192,06ebb309d546d83eab188e5213fe263fa1fde2f911c799886d6bd0b519fc1ad6
runs_eval/signal_controller_benchmark_real/Backups data/ia2c/ia2c_retrained_group09_center_to_periphery_queue_raw.csv,165975,d508507ad35c9b442053369fd55df9b20132a0eafc184246e537372d9e5bb434
runs_eval/signal_controller_benchmark_real/Backups data/ia2c/ia2c_retrained_group09_center_to_periphery_speed_raw.csv,355992,f235a3c8c05c408ffee52b18e850dc33c15b398b4e5e127133fe5ae15255396b
runs_eval/signal_controller_benchmark_real/Backups data/ia2c/ia2c_retrained_group10_uniform_queue_raw.csv,165115,185fcd744ca390f05d6f6ae9e9db2782fd9d0a31e7e16c514f57760f34266249
runs_eval/signal_controller_benchmark_real/Backups data/ia2c/ia2c_retrained_group10_uniform_speed_raw.csv,356246,fa70a93b7b6a19983c33952cceb720bb892339ace30563d7cc413c4576889acd
runs_eval/signal_controller_benchmark_real/Backups data/ia2c/ia2c_retrained_group11_real_life_monaco_queue_raw.csv,199493,b2ef687eff8f57d91f61e4cff5e6a061b1c70b881a53f98d709f7dee1f977b12
runs_eval/signal_controller_benchmark_real/Backups data/ia2c/ia2c_retrained_group11_real_life_monaco_speed_raw.csv,360722,f421368d3b35f13d810f61fb312aa86f6dd0e5a562cef30f91b32ff962feee63
runs_eval/signal_controller_benchmark_real/Backups data/ia2c/ia2c_retrained_queue_by_group.png,226591,f531bcfd32687c611262c522388301e87e8344dcd88ac5cbbaa93e8dcc64c0aa
runs_eval/signal_controller_benchmark_real/Backups data/ia2c/ia2c_retrained_speed_by_group.png,277880,7630e02b18ebfaabf9cddf4539b3e6ca5b85fc9620260bb9be67b85589e5a78b
runs_eval/signal_controller_benchmark_real/Backups data/ia2c/ia2c_worst_queue.png,153903,f6f16c8989c2c982f3085b19aa73fe2fd32289a180156920c4feee36697ca68c
runs_eval/signal_controller_benchmark_real/Backups data/ia2c/ia2c_worst_speed.png,181070,728cbfcd82dcad284a44dc12a1f1244d7340377bf5f26ea054b4760825228813
runs_eval/signal_controller_benchmark_real/Backups data/ia2c/sumo_port_8000.log,100,2406538ed7f343a1ca4025e92ad314582cf1bca2af2c7cc88051160000f39811
runs_eval/signal_controller_benchmark_real/Backups data/ia2c/sumo_port_8003.log,0,e3b0c44298fc1c149afbf4c8996fb92427ae41e4649b934ca495991b7852b855
runs_eval/signal_controller_benchmark_real/Backups data/ma2c/ma2c_real_group00_n_to_s_queue_raw.csv,165845,2e8174fb57357d8bce2c6d284331f9f3b209500679b40e017478a45441897ac7
runs_eval/signal_controller_benchmark_real/Backups data/ma2c/ma2c_real_group00_n_to_s_speed_raw.csv,357724,b73673419ebf87733e2138e8d40507079eea414909f38c22f3dd48aff84ee03d
runs_eval/signal_controller_benchmark_real/Backups data/ma2c/ma2c_real_group01_s_to_n_queue_raw.csv,198649,687c3fcfb42981d04cdc9a8642c3e9c88adeaa2996d8b5a3bc28bc5aefbe4e20
runs_eval/signal_controller_benchmark_real/Backups data/ma2c/ma2c_real_group01_s_to_n_speed_raw.csv,369699,ea61ccb90a4a9c3adda9e2510115fa61d791c0b07963ffaaa9313d8d5930fd5a
runs_eval/signal_controller_benchmark_real/Backups data/ma2c/ma2c_real_group02_w_to_e_queue_raw.csv,187921,5b74e471481daa00429daa8c35dc2845a5def03fe05dface9db08018c901e383
runs_eval/signal_controller_benchmark_real/Backups data/ma2c/ma2c_real_group02_w_to_e_speed_raw.csv,359487,5e8d8ef7e78a2a17bf586e5620b97282d41cfb016204e03158ca100873dd93d6
runs_eval/signal_controller_benchmark_real/Backups data/ma2c/ma2c_real_group03_e_to_w_queue_raw.csv,196512,f63afee276be1efc68e28ea1048e148065c010e053e0472088fb1848fdf3b17c
runs_eval/signal_controller_benchmark_real/Backups data/ma2c/ma2c_real_group03_e_to_w_speed_raw.csv,362554,282d0b64959031264a6f6a2ad74336cc21672baa9e168ac3f079b447a596bcde
runs_eval/signal_controller_benchmark_real/Backups data/ma2c/ma2c_real_group04_nw_to_se_queue_raw.csv,197323,f6fdd101a06df1d81ba028fb2816d30c0b27ba03b8ce5a1101d4a51e984f2ed5
runs_eval/signal_controller_benchmark_real/Backups data/ma2c/ma2c_real_group04_nw_to_se_speed_raw.csv,366219,5763341f118e8540ff1e06bb7b4b7baadbd442d346760003b4d076df3859ca2b
runs_eval/signal_controller_benchmark_real/Backups data/ma2c/ma2c_real_group05_se_to_nw_queue_raw.csv,199124,9e5bb32d1b2b53643f8da1eb9c269162080ce7f8fdf318ac723290ac0f64b63e
runs_eval/signal_controller_benchmark_real/Backups data/ma2c/ma2c_real_group05_se_to_nw_speed_raw.csv,370275,7fbead5514b6d31e8dd52a09e81d8fc49a7e306c489ff57672b5173829d56981
runs_eval/signal_controller_benchmark_real/Backups data/ma2c/ma2c_real_group06_sw_to_ne_queue_raw.csv,199072,5f8150ee1d7d4fa97a3589cc29b85a588d65539263dae226741ea4d24c14c178
runs_eval/signal_controller_benchmark_real/Backups data/ma2c/ma2c_real_group06_sw_to_ne_speed_raw.csv,367077,a2c3c8d25ca1695d87bee626a605c65469a936de4f0edc2be10837540452eeef
runs_eval/signal_controller_benchmark_real/Backups data/ma2c/ma2c_real_group07_ne_to_sw_queue_raw.csv,164935,44e12af4d34a089d67b9ef7447494a97c4ef1576dec54026485af92b7f05331e
runs_eval/signal_controller_benchmark_real/Backups data/ma2c/ma2c_real_group07_ne_to_sw_speed_raw.csv,356427,55dbb98b3b8c2f2f4d7ac94314301c6283474cc11946f146e534f1783b2b91b0
runs_eval/signal_controller_benchmark_real/Backups data/ma2c/ma2c_real_group08_periphery_to_center_queue_raw.csv,194383,fb8e44a82e619a0ec45ae08e57f96930686888dc69cea20cf1d5bfff2bff70ef
runs_eval/signal_controller_benchmark_real/Backups data/ma2c/ma2c_real_group08_periphery_to_center_speed_raw.csv,358486,049da962b6984384eb10285f85226ce0bf2db649a8289c16aede620210e4ae16
runs_eval/signal_controller_benchmark_real/Backups data/ma2c/ma2c_real_group09_center_to_periphery_queue_raw.csv,190013,bfb78031917ea5ff834dc84322207d5c63a0e6a2d014fddd3afa1c4dd08eeda2
runs_eval/signal_controller_benchmark_real/Backups data/ma2c/ma2c_real_group09_center_to_periphery_speed_raw.csv,357109,9b64aae4a6e746ea999310dfce56e448ed6395260758de708f0e224571ce5dc7
runs_eval/signal_controller_benchmark_real/Backups data/ma2c/ma2c_real_group10_uniform_queue_raw.csv,190969,2d73f82d225dd70932d96db63b2a973a3c9561ac94f5d88b07e835ee062fa1a4
runs_eval/signal_controller_benchmark_real/Backups data/ma2c/ma2c_real_group10_uniform_speed_raw.csv,358440,03a8881659f72947ee431010f32efff3e0259876735dce6d0b3ff995549c41fd
runs_eval/signal_controller_benchmark_real/Backups data/ma2c/ma2c_real_group11_real_life_monaco_queue_raw.csv,199845,8028f468f1d984a0912d04984e4926474ac35023a75bf393234c6703f9ba40b0
runs_eval/signal_controller_benchmark_real/Backups data/ma2c/ma2c_real_group11_real_life_monaco_speed_raw.csv,363344,b40d135bd6789f850d8e65c6d3a9f5b97df6a5bf792693d129eba60404f1c212
runs_eval/signal_controller_benchmark_real/Backups data/ma2c/ma2c_real_queue_by_group.png,252368,aec86d9e12620c292427e8ec2fef7b59bae08f014eb3c28030dda4da24bff811
runs_eval/signal_controller_benchmark_real/Backups data/ma2c/ma2c_real_speed_by_group.png,281881,a5887a142d3da934d7451bb4f7d038895c88c309233f3b5d9dab701a70489bc4
runs_eval/signal_controller_benchmark_real/Backups data/ma2c/ma2c_retrained_group00_n_to_s_queue_raw.csv,164596,0ca1db88f195110c3f5fb764359fd91fd9b302f319c901d32e16bd87d63ae589
runs_eval/signal_controller_benchmark_real/Backups data/ma2c/ma2c_retrained_group00_n_to_s_speed_raw.csv,356566,9e7157cce7e26ac2eaa76607bb977fc03277f7d8fa2c35dc90d81e4123b383c4
runs_eval/signal_controller_benchmark_real/Backups data/ma2c/ma2c_retrained_group01_s_to_n_queue_raw.csv,200144,d3a2d1565b7a51bdb7fe7d8cf542be17a241dd4f5830edb5df06e3616a5c503a
runs_eval/signal_controller_benchmark_real/Backups data/ma2c/ma2c_retrained_group01_s_to_n_speed_raw.csv,369928,1972eef1af76eb4066d9f9175bce78b8fbca93928017967e9dacb01fdbf88c45
runs_eval/signal_controller_benchmark_real/Backups data/ma2c/ma2c_retrained_group02_w_to_e_queue_raw.csv,168107,21a1352ab405f46867e97b31140a7e4712855d5af964cfad9680ada221e1e6d6
runs_eval/signal_controller_benchmark_real/Backups data/ma2c/ma2c_retrained_group02_w_to_e_speed_raw.csv,355818,3fa8d7206917f6192e126f26ee15b87abdbe9e652cf493601270981d232b2523
runs_eval/signal_controller_benchmark_real/Backups data/ma2c/ma2c_retrained_group03_e_to_w_queue_raw.csv,195051,a43934c41bf6b127f416328073abffe5c458b29c36a496b3d3cca202e0758218
runs_eval/signal_controller_benchmark_real/Backups data/ma2c/ma2c_retrained_group03_e_to_w_speed_raw.csv,362779,6f38e23f88c9617395811a76996fb6023ba00f92dad867f7f4f6a2a31954f0e4
runs_eval/signal_controller_benchmark_real/Backups data/ma2c/ma2c_retrained_group04_nw_to_se_queue_raw.csv,199062,0913df743939cd3efee02c48fc838ee3f0897318c4a6efe7b9a0745e19f4f60c
runs_eval/signal_controller_benchmark_real/Backups data/ma2c/ma2c_retrained_group04_nw_to_se_speed_raw.csv,369778,fca3127ba6dcd72e57a0c06fff2d1e9750e2436d632851c98bbc58ded96a525f
runs_eval/signal_controller_benchmark_real/Backups data/ma2c/ma2c_retrained_group05_se_to_nw_queue_raw.csv,199257,b9267c14cb1a090a2c102bbc9eb1ec2ba326910cc8827b029951efe57beaa44d
runs_eval/signal_controller_benchmark_real/Backups data/ma2c/ma2c_retrained_group05_se_to_nw_speed_raw.csv,370745,5b563f761cb55275f3d2b6a1efc3b8556583743d0403e5ae6d822ba7ccd469f7
runs_eval/signal_controller_benchmark_real/Backups data/ma2c/ma2c_retrained_group06_sw_to_ne_queue_raw.csv,198712,dfe536831842f63a9595fe8333509391cffef517a23224cc429c9d5092197e6d
runs_eval/signal_controller_benchmark_real/Backups data/ma2c/ma2c_retrained_group06_sw_to_ne_speed_raw.csv,366702,aa21f49c5ae36737cdd8e91af21f077c89b3ea30c667fffccd338962d9fdff8e
runs_eval/signal_controller_benchmark_real/Backups data/ma2c/ma2c_retrained_group07_ne_to_sw_queue_raw.csv,164596,9e835596e6f9470cf2a7e767023eec5906dfe84e48d17c43b7b4124d75e1cb8d
runs_eval/signal_controller_benchmark_real/Backups data/ma2c/ma2c_retrained_group07_ne_to_sw_speed_raw.csv,370794,bf70a914ca5e62175e3aa8999711e680385b480023c6ee6a0fac077cc7ee7a4f
runs_eval/signal_controller_benchmark_real/Backups data/ma2c/ma2c_retrained_group08_periphery_to_center_queue_raw.csv,168936,7047f9a874baee7a2a6af2a74c573ed1528c22213796e61020c540848c84a048
runs_eval/signal_controller_benchmark_real/Backups data/ma2c/ma2c_retrained_group08_periphery_to_center_speed_raw.csv,352946,8ee312ea23bda43fcf7b58bb5f35b3065406bd694d1db5776dfb4e197c970989
runs_eval/signal_controller_benchmark_real/Backups data/ma2c/ma2c_retrained_group09_center_to_periphery_queue_raw.csv,165963,e2cab5acd2f88e77f8ecbb88488d78ae8582d7e7c45b8702f0696d201b108ffc
runs_eval/signal_controller_benchmark_real/Backups data/ma2c/ma2c_retrained_group09_center_to_periphery_speed_raw.csv,354054,9c5c3e9cbaf5dceade59ec869c92ca8284dae32d20f07333e468d45dff91e0df
runs_eval/signal_controller_benchmark_real/Backups data/ma2c/ma2c_retrained_group10_uniform_queue_raw.csv,166433,82458cbd6c54882688dbb665827ce87f01534872ac2a549ab353bbe098709925
runs_eval/signal_controller_benchmark_real/Backups data/ma2c/ma2c_retrained_group10_uniform_speed_raw.csv,354138,765f99679b3446f18f847d401a7e75b6212b8b75e1459447b1bef2201f9aef36
runs_eval/signal_controller_benchmark_real/Backups data/ma2c/ma2c_retrained_group11_real_life_monaco_queue_raw.csv,199589,610489158bc3b3dc0236880e71f56593f987df151692ad799407646be23495b7
runs_eval/signal_controller_benchmark_real/Backups data/ma2c/ma2c_retrained_group11_real_life_monaco_speed_raw.csv,360700,1c77f5f31370d6168d62d21085de25532d0614114afe8dc368b3e0fea9c82dab
runs_eval/signal_controller_benchmark_real/Backups data/ma2c/ma2c_retrained_queue_by_group.png,222833,b4b5fda43b795f79ea6cd32309ce521ef5e1715ed898db3a92047f4fc9ff069e
runs_eval/signal_controller_benchmark_real/Backups data/ma2c/ma2c_retrained_speed_by_group.png,283915,fc47b82103b96310dccd79b31dc22ed29fffc49193530a1b185acc6846a87201
runs_eval/signal_controller_benchmark_real/Backups data/ma2c/ma2c_worst_queue.png,220881,f4df9ea650e7dc0d50341704e923eb79b7bfb749bf2ff36b5b4e5511de1bb7cc
runs_eval/signal_controller_benchmark_real/Backups data/ma2c/ma2c_worst_speed.png,177708,1cd769ab4ff7b925ab7c6e1bd5c1038d19c611c1167339e6f2c79d766342efdd
runs_eval/signal_controller_benchmark_real/Backups data/ma2c/sumo_port_8001.log,0,e3b0c44298fc1c149afbf4c8996fb92427ae41e4649b934ca495991b7852b855
runs_eval/signal_controller_benchmark_real/Backups data/ma2c/sumo_port_8004.log,0,e3b0c44298fc1c149afbf4c8996fb92427ae41e4649b934ca495991b7852b855
runs_eval/signal_controller_benchmark_real/Backups data/ppo/ppo_real_group00_n_to_s_queue_raw.csv,188180,d162e195ca495355ee656e00c1a6f85f1572ce6d0dcae28ab36a12379f727431
runs_eval/signal_controller_benchmark_real/Backups data/ppo/ppo_real_group00_n_to_s_speed_raw.csv,369398,c52d4e45902bc29ca1c63a1240d39f914a174f440c687120acfa8f5ac85ece53
runs_eval/signal_controller_benchmark_real/Backups data/ppo/ppo_real_group01_s_to_n_queue_raw.csv,200256,030857414e4d6aacd8c95884cba4a64a6eaf80fdc2c5a3406d7fcf353077fcb7
runs_eval/signal_controller_benchmark_real/Backups data/ppo/ppo_real_group01_s_to_n_speed_raw.csv,376198,f0233b70597cb78286e40cfc51458fbe3e25e291730a94c2e2ba24ecc1843bbc
runs_eval/signal_controller_benchmark_real/Backups data/ppo/ppo_real_group02_w_to_e_queue_raw.csv,200131,5a86bba9ba6039537e430676db8a23931ccabf60438457b2901c09134dcca7b0
runs_eval/signal_controller_benchmark_real/Backups data/ppo/ppo_real_group02_w_to_e_speed_raw.csv,372591,c2a81b1fbb11455cc890ef965a500ef245d32325bc85ff4bc229339bff89f063
runs_eval/signal_controller_benchmark_real/Backups data/ppo/ppo_real_group03_e_to_w_queue_raw.csv,200197,d280841e4aaf37d4cd35f12cb8be3d643155526694e704a3a20509967147f0f0
runs_eval/signal_controller_benchmark_real/Backups data/ppo/ppo_real_group03_e_to_w_speed_raw.csv,368494,0a226de877142741781cd348b35e91cca08273293cbf3956c01172bece789411
runs_eval/signal_controller_benchmark_real/Backups data/ppo/ppo_real_group04_nw_to_se_queue_raw.csv,199913,e4c8fa69bdb71727979d3171394cc936688437f40ecfa645dfaa4668e161b81f
runs_eval/signal_controller_benchmark_real/Backups data/ppo/ppo_real_group04_nw_to_se_speed_raw.csv,373722,f7d4352d3e124407c687ef0d007b6159d82f859ad095670ada3296f2cee082ac
runs_eval/signal_controller_benchmark_real/Backups data/ppo/ppo_real_group05_se_to_nw_queue_raw.csv,208072,0bd9746fa31e8d88be4b8494ae427f29a6dd3fcfe3adba7680527b45d72bd16d
runs_eval/signal_controller_benchmark_real/Backups data/ppo/ppo_real_group05_se_to_nw_speed_raw.csv,379510,cdf3bbe2b86012bd92c4b8cbd73c30f4189002e8ab05b3ee44f0ec0088d510a2
runs_eval/signal_controller_benchmark_real/Backups data/ppo/ppo_real_group06_sw_to_ne_queue_raw.csv,200045,411f73aba242137b6621407f8badfaa5c33e5b341b6259772deeb7d5a67e5a2e
runs_eval/signal_controller_benchmark_real/Backups data/ppo/ppo_real_group06_sw_to_ne_speed_raw.csv,369951,07d31a02744f905a9316892c80d873ee4e3af36e6fece4e231b8a7bf1b0770bf
runs_eval/signal_controller_benchmark_real/Backups data/ppo/ppo_real_group07_ne_to_sw_queue_raw.csv,184135,52dd59ee2499c083fe14b22b2050d0136f4abf51183ad95404677161626d23a8
runs_eval/signal_controller_benchmark_real/Backups data/ppo/ppo_real_group07_ne_to_sw_speed_raw.csv,365615,ae4ee5bd041dc322edfe68ca7cc869078a3adfbcb95b8df56109dac7eac183c2
runs_eval/signal_controller_benchmark_real/Backups data/ppo/ppo_real_group08_periphery_to_center_queue_raw.csv,203309,19d2c5477cdf560db7431f540cdb0b89569173823e08daf9af1dffb0607558f4
runs_eval/signal_controller_benchmark_real/Backups data/ppo/ppo_real_group08_periphery_to_center_speed_raw.csv,374362,fdc06e42f3a603f916599d7512a8d3f9b4168a6344f7318e9faaad287ed4ab65
runs_eval/signal_controller_benchmark_real/Backups data/ppo/ppo_real_group09_center_to_periphery_queue_raw.csv,200876,4ad4ef36f6da734cc8fadee9df24d9c8711ad176bb6b8ef1d28185d9fc9561b6
runs_eval/signal_controller_benchmark_real/Backups data/ppo/ppo_real_group09_center_to_periphery_speed_raw.csv,371530,9b7971f8822cf3e373b2557e6483f5eda614f95625ee9d5593a3b289d2960b2d
runs_eval/signal_controller_benchmark_real/Backups data/ppo/ppo_real_group10_uniform_queue_raw.csv,224678,0a27256dd93fdbc93723fb6d642c528a1cb6f449c02a8674967ff4143c1cd5e5
runs_eval/signal_controller_benchmark_real/Backups data/ppo/ppo_real_group10_uniform_speed_raw.csv,397125,ec9831fb3ecb82d9a23b58ac00a73ec275508e44cc76499b63f36a90df2c030b
runs_eval/signal_controller_benchmark_real/Backups data/ppo/ppo_real_group11_real_life_monaco_queue_raw.csv,228507,c00d1c251c44c44c704c0fd6b9c95361b364c19c9426a6dc061259b1af57ed3a
runs_eval/signal_controller_benchmark_real/Backups data/ppo/ppo_real_group11_real_life_monaco_speed_raw.csv,382119,d820c8133f8a92660b5bf2d5efbf8434b1e7959a643f24f3ebd6248825b9dbb0
runs_eval/signal_controller_benchmark_real/Backups data/ppo/ppo_real_queue_by_group.png,181804,524ed1d8c3b4fc71f16450a4b160b2474dc5e3fae851ed2808296c657acccfe0
runs_eval/signal_controller_benchmark_real/Backups data/ppo/ppo_real_speed_by_group.png,245258,66929b1d63b5960c15910ce986eb189fec1adf5ffebd488e5ecde11e8bb0e512
runs_eval/signal_controller_benchmark_real/Backups data/ppo/ppo_retrained_group00_n_to_s_queue_raw.csv,164862,484ac69e48e49a455e4a2fd2da514dc03b45e987f0a6480b770492b4f869ac9f
runs_eval/signal_controller_benchmark_real/Backups data/ppo/ppo_retrained_group00_n_to_s_speed_raw.csv,358264,59191d721059870ae0c2b580c45faeb2e713453f9ca9ca3ddeb54adf34b5a178
runs_eval/signal_controller_benchmark_real/Backups data/ppo/ppo_retrained_group01_s_to_n_queue_raw.csv,200004,fd78ae40e20193986afde4cae08ef0710318cd6bd79da8210ac1d0e65b9e6392
runs_eval/signal_controller_benchmark_real/Backups data/ppo/ppo_retrained_group01_s_to_n_speed_raw.csv,370652,3dcbd28d7d009c599f41a4a7b881ab7716d210c5bac06640124a0318625122d7
runs_eval/signal_controller_benchmark_real/Backups data/ppo/ppo_retrained_group02_w_to_e_queue_raw.csv,167760,077b4f9b1383d02fdde3f65e8cc982d0e403b28ef2246c03cebc23a3e30ff816
runs_eval/signal_controller_benchmark_real/Backups data/ppo/ppo_retrained_group02_w_to_e_speed_raw.csv,354668,666e612c1c0248be3c37d0ab60ea1321ef009aaa696084b1d58180e87a5a1007
runs_eval/signal_controller_benchmark_real/Backups data/ppo/ppo_retrained_group03_e_to_w_queue_raw.csv,191389,1373dfe6b03e5d1b2af57488ff74aaf22e8a942f14fb3e3c8d53dfa69b322734
runs_eval/signal_controller_benchmark_real/Backups data/ppo/ppo_retrained_group03_e_to_w_speed_raw.csv,361643,e56f0063a0fd1e58886d112c3f3e53f99e2b3e3bdf4d6ff14998f3fd305516aa
runs_eval/signal_controller_benchmark_real/Backups data/ppo/ppo_retrained_group04_nw_to_se_queue_raw.csv,182828,b3972bd19fd86bff604213846f0db79acea2e7bda3afb3e30ba16634e394750e
runs_eval/signal_controller_benchmark_real/Backups data/ppo/ppo_retrained_group04_nw_to_se_speed_raw.csv,362874,dc5cc512157e6db6b39a868e564feb078921459b6af87ec65a4119750a359908
runs_eval/signal_controller_benchmark_real/Backups data/ppo/ppo_retrained_group05_se_to_nw_queue_raw.csv,198895,e1a16740546cc2ef739ee69f354f4ceb1853bf12dd530b5979f8654a1317bdac
runs_eval/signal_controller_benchmark_real/Backups data/ppo/ppo_retrained_group05_se_to_nw_speed_raw.csv,370167,7468b09c75e4a2b49fdbae71ad4047fbf4518043100596b17281e7f736482a6b
runs_eval/signal_controller_benchmark_real/Backups data/ppo/ppo_retrained_group06_sw_to_ne_queue_raw.csv,198088,c875c8e3f5f949a542f9c1a8ade57fdb1759e9910d78e40986e19d1265b92cf9
runs_eval/signal_controller_benchmark_real/Backups data/ppo/ppo_retrained_group06_sw_to_ne_speed_raw.csv,365298,c5043aa3afc019131eb2c66bea978d4f701a6cbf9b78ab3b962b3d1b2b3a0be9
runs_eval/signal_controller_benchmark_real/Backups data/ppo/ppo_retrained_group07_ne_to_sw_queue_raw.csv,164633,8c858c2029b5fa1801efe76efbd3bbd830e0e96133fa6531d69c08bc5a90602d
runs_eval/signal_controller_benchmark_real/Backups data/ppo/ppo_retrained_group07_ne_to_sw_speed_raw.csv,364915,7e4ae583ac9c034b6a994030e18e5ac171d9c292271eb114687137633bd87c13
runs_eval/signal_controller_benchmark_real/Backups data/ppo/ppo_retrained_group08_periphery_to_center_queue_raw.csv,169071,7418317f8f02f63b48d3e2ae5a894a4b9149e546a0d8fe61804bfbe855be392e
runs_eval/signal_controller_benchmark_real/Backups data/ppo/ppo_retrained_group08_periphery_to_center_speed_raw.csv,352987,3c7f5236b45c188c6df63a57461275cc086017102e21a1d372f5a26953e7e890
runs_eval/signal_controller_benchmark_real/Backups data/ppo/ppo_retrained_group09_center_to_periphery_queue_raw.csv,166284,141493406e9b1a0eb6478e39456dd34f2bd5f50f5cc999b120f0d1268a61f755
runs_eval/signal_controller_benchmark_real/Backups data/ppo/ppo_retrained_group09_center_to_periphery_speed_raw.csv,355167,fd6d84e8298823429dc7e0b58505750aac230671d68da046705ddd245723ecfa
runs_eval/signal_controller_benchmark_real/Backups data/ppo/ppo_retrained_group10_uniform_queue_raw.csv,167108,b00d865bb6dcbfe6b64ed250dd308e52e2482b161938d572ab1c93ccdb42242b
runs_eval/signal_controller_benchmark_real/Backups data/ppo/ppo_retrained_group10_uniform_speed_raw.csv,352874,513b159f2e488f3c9e186b32063436d621f88885c432fa5956a9e0c15b867f54
runs_eval/signal_controller_benchmark_real/Backups data/ppo/ppo_retrained_group11_real_life_monaco_queue_raw.csv,199637,b7d743b3b233ea3cbbd63850247af93d05d5ab99e6d9e3f8bbea4c416d6aa101
runs_eval/signal_controller_benchmark_real/Backups data/ppo/ppo_retrained_group11_real_life_monaco_speed_raw.csv,360886,0d792f155e5bca868d399190999e0543aa9bed1e6dd19a8ea370c4d1aa22b4ac
runs_eval/signal_controller_benchmark_real/Backups data/ppo/ppo_retrained_queue_by_group.png,230360,01a95b59eb99961eed2990d2dcf060a620fd9aea59d8def955ba79a0a4889396
runs_eval/signal_controller_benchmark_real/Backups data/ppo/ppo_retrained_speed_by_group.png,296101,790fe255e03f156e15caf8940f7b2caa964cfa757892dc374ceab07b652a5227
runs_eval/signal_controller_benchmark_real/Backups data/ppo/ppo_worst_queue.png,164487,6b2d1f8f0e9527f0078bd22ec03d7a931e25de9cbe94a12abc27ee695cf16623
runs_eval/signal_controller_benchmark_real/Backups data/ppo/ppo_worst_speed.png,161337,de872f4d5a0d9a08b8b8b6522526c9e0a504a8d0b6d29b717ce4afff4da4413a
runs_eval/signal_controller_benchmark_real/Backups data/ppo/sumo_port_8002.log,0,e3b0c44298fc1c149afbf4c8996fb92427ae41e4649b934ca495991b7852b855
runs_eval/signal_controller_benchmark_real/Backups data/ppo/sumo_port_8005.log,0,e3b0c44298fc1c149afbf4c8996fb92427ae41e4649b934ca495991b7852b855
runs_eval/signal_controller_benchmark_real/backup horizon averages/horizon_averages_from_raw.csv,15133,4cd320daff7ff89f6449051624e02dae659b9b67d93a7bf6af155d9843e0d137
runs_eval/signal_controller_benchmark_real/backup horizon averages/summary_averages.csv,26096,0892c82f71cb6498e52c6a23dcf92358fefcbbeb8ba2da97e8cc4323dd4cb493
runs_eval/signal_controller_benchmark_real/controller_manifest.csv,1745,fbef870f37ec21d774939e10fd21b4fc1374338a4d2b034f31851282f95481e7
runs_eval/signal_controller_benchmark_real/demand_manifest.csv,1289,e5e750007955c39df13a271ca87862baac8eb02087e5794581e5eb826342af30
runs_eval/signal_controller_benchmark_real/evaluation.log,5672583,5b948124dc80e153672364e8b5b099027ed776841cfbece3776feaef247b6f7b
runs_eval/signal_controller_benchmark_real/horizon_averages_from_raw.csv,9157,4456ba8dd8150d5c37ebfbce378f6707db042154dc6f56a32c8cd6b5ff2f0ae4
runs_eval/signal_controller_benchmark_real/ia2c/ia2c_real_group00_n_to_s_queue_raw.csv,183209,4ab4ec40ae67ff067b9ff7ca6cfed9bd8bd7f248b90648ed65ad2dd2e72d5e0b
runs_eval/signal_controller_benchmark_real/ia2c/ia2c_real_group00_n_to_s_speed_raw.csv,367790,4b537941283c1e9a5dae1c5d4f327e7331fda101e2f88a53e9d70d15d335bbe3
runs_eval/signal_controller_benchmark_real/ia2c/ia2c_real_group01_s_to_n_queue_raw.csv,199995,730a013efc3fb823648cc749e678800188c93f43cffdfe93bc36bd47765b48a1
runs_eval/signal_controller_benchmark_real/ia2c/ia2c_real_group01_s_to_n_speed_raw.csv,371669,99711882fd223f5d9598047127b8dcda8574827702ceeb41491446d3c5605321
runs_eval/signal_controller_benchmark_real/ia2c/ia2c_real_group02_w_to_e_queue_raw.csv,200211,0d6f96faa4c00f963e68d865d4613cec55418d8bcb0f2f530566bdc96ab781c4
runs_eval/signal_controller_benchmark_real/ia2c/ia2c_real_group02_w_to_e_speed_raw.csv,373252,d3321efa4b0f8368fdd8dd668e0c0e3b3b43aafbff905dc5b6c7d02f343c0c2e
runs_eval/signal_controller_benchmark_real/ia2c/ia2c_real_group03_e_to_w_queue_raw.csv,200025,e2f804ba444903e07df852f6d93290610338ed87bbb7efa68047006ff38ace6d
runs_eval/signal_controller_benchmark_real/ia2c/ia2c_real_group03_e_to_w_speed_raw.csv,371489,077089f81a1f4aa92ef6e716a0232ab8959883e5d04afc410d2a7388e4da0d12
runs_eval/signal_controller_benchmark_real/ia2c/ia2c_real_group04_nw_to_se_queue_raw.csv,199708,66183221a91657848b13a5e2cf98c90f6551ce83507d5f9a92f12e10b221553a
runs_eval/signal_controller_benchmark_real/ia2c/ia2c_real_group04_nw_to_se_speed_raw.csv,371354,8fcb291075552ac1f59ddd6966acedb48ffa4f67bec6b007d38ce1dff8cb77e4
runs_eval/signal_controller_benchmark_real/ia2c/ia2c_real_group05_se_to_nw_queue_raw.csv,203411,02a3227ed55f56267d5fc8fcbb53fa53bf2a14468ea644e6491af6cd8ee302cf
runs_eval/signal_controller_benchmark_real/ia2c/ia2c_real_group05_se_to_nw_speed_raw.csv,381131,53fa61142631da18d874ea9c2d44059c6358b5706b0ae130f033cee0a0ae8ed4
runs_eval/signal_controller_benchmark_real/ia2c/ia2c_real_group06_sw_to_ne_queue_raw.csv,200174,a521d95c21ad1229930878a469587f09d77cf8b402a135faa81c676c451205ab
runs_eval/signal_controller_benchmark_real/ia2c/ia2c_real_group06_sw_to_ne_speed_raw.csv,370896,92b48d541f475595b96f9d9ca9adc2a685dd5196e51641a85917454112e02f1c
runs_eval/signal_controller_benchmark_real/ia2c/ia2c_real_group07_ne_to_sw_queue_raw.csv,187835,e1086c4df32c2c255e12e32f46f30a8e4fb1f0d5bfe12102c87886bed5cc4cb7
runs_eval/signal_controller_benchmark_real/ia2c/ia2c_real_group07_ne_to_sw_speed_raw.csv,364524,097d7ff547a87b9cc4f1a3798cdaee601b75fb5fddb050ad76838dca6b8912b0
runs_eval/signal_controller_benchmark_real/ia2c/ia2c_real_group08_periphery_to_center_queue_raw.csv,201760,f7d1df495a43cacfcc1d21004e786d8aed5907bdf22caaf61c3d03ab47a36c5c
runs_eval/signal_controller_benchmark_real/ia2c/ia2c_real_group08_periphery_to_center_speed_raw.csv,371161,61b4fb5d74add54468239d47b3fc18dc518d3ae19d4b11ddde00d4675b604d18
runs_eval/signal_controller_benchmark_real/ia2c/ia2c_real_group09_center_to_periphery_queue_raw.csv,201127,af594d08874a48402f17e6cc2824d28feaaaeb04989007e783f1c6e688897f18
runs_eval/signal_controller_benchmark_real/ia2c/ia2c_real_group09_center_to_periphery_speed_raw.csv,368973,88ef3d3d5b7de05b0b7dae3c457a8facc3bfe08769f140ed23feeab6882e1e50
runs_eval/signal_controller_benchmark_real/ia2c/ia2c_real_group10_uniform_queue_raw.csv,224677,e81851afd06c755ba516b0a4a19554e963ef235d79ee8165b1cd86d1f3e318ce
runs_eval/signal_controller_benchmark_real/ia2c/ia2c_real_group10_uniform_speed_raw.csv,395279,fac3b7cce1a03643eb1d12efa4c549289adc8d71904b26a9c968681fb7330e8d
runs_eval/signal_controller_benchmark_real/ia2c/ia2c_real_group11_real_life_monaco_queue_raw.csv,218978,a6ab678230a26ef032ec348cde7587813c70f4bc0051ff5d45909d3357803c9c
runs_eval/signal_controller_benchmark_real/ia2c/ia2c_real_group11_real_life_monaco_speed_raw.csv,375587,ebaf45efe9a4f878395f347ae9dd9728f48fc8c9417aa93e0b50fb93fce87ee7
runs_eval/signal_controller_benchmark_real/ia2c/ia2c_real_queue_by_group.png,181379,546af7ecccc4f62b0150da2943bc6fe6a6e36d3ad8fec791eb2da9c931add853
runs_eval/signal_controller_benchmark_real/ia2c/ia2c_real_speed_by_group.png,239744,da7252a375a148ebf4439d941da043c1ee12dd69ecadcc38cd6064a5fb31d6cc
runs_eval/signal_controller_benchmark_real/ia2c/ia2c_retrained_group00_n_to_s_queue_raw.csv,164597,a7dd7036d6ffe6afa615145d8926c1d8067b97f39bff275752bf4769b296d14b
runs_eval/signal_controller_benchmark_real/ia2c/ia2c_retrained_group00_n_to_s_speed_raw.csv,359486,d67d35479dc903cc25a5d58b123ff6acb020e2dccc38de4d82a5f970494f0d05
runs_eval/signal_controller_benchmark_real/ia2c/ia2c_retrained_group01_s_to_n_queue_raw.csv,199023,75f4e212dd161c4ab562519c236b638d227187b53d85e8df499ad4db7fc3c6d1
runs_eval/signal_controller_benchmark_real/ia2c/ia2c_retrained_group01_s_to_n_speed_raw.csv,369386,f229de75adc8a00c031787d9dbd69191d125326b4ea515bf6299663a43e5afc6
runs_eval/signal_controller_benchmark_real/ia2c/ia2c_retrained_group02_w_to_e_queue_raw.csv,166409,0f1c21e520301c28bbc5bf9819f299e47eda489d2b40471bfba2f53fd85b49b9
runs_eval/signal_controller_benchmark_real/ia2c/ia2c_retrained_group02_w_to_e_speed_raw.csv,354512,bbd42279a38414b838b5f87a22e7d58cb0d8c9b93595a99513793d6804781ec8
runs_eval/signal_controller_benchmark_real/ia2c/ia2c_retrained_group03_e_to_w_queue_raw.csv,182124,7c0f4a60dc3776062aa182a52f71d73753bf9e78a150e51afb4bb1ef68cd7e27
runs_eval/signal_controller_benchmark_real/ia2c/ia2c_retrained_group03_e_to_w_speed_raw.csv,359973,2ce4fb662857e28d3f6a590b048245e3e1c4985d805c5a0c01fc55eec8e2a6fe
runs_eval/signal_controller_benchmark_real/ia2c/ia2c_retrained_group04_nw_to_se_queue_raw.csv,197824,9c065a2c70313c0dbf60d71aec7048393f4fda215f20ae7c0edbfdf842e19f94
runs_eval/signal_controller_benchmark_real/ia2c/ia2c_retrained_group04_nw_to_se_speed_raw.csv,369161,069b4aeb4586f1371aea5b68063e8dc37170d70503f302726d5094abed83c3f0
runs_eval/signal_controller_benchmark_real/ia2c/ia2c_retrained_group05_se_to_nw_queue_raw.csv,198757,2775cb88d86f73d5d3b22c6c31ab27156c67286f167892919949146c609e3bcb
runs_eval/signal_controller_benchmark_real/ia2c/ia2c_retrained_group05_se_to_nw_speed_raw.csv,369881,53d25497f8eb384a449b0ce1b958a462187203227a414566922c4970e606c027
runs_eval/signal_controller_benchmark_real/ia2c/ia2c_retrained_group06_sw_to_ne_queue_raw.csv,197962,fa16b589d794886184bda22583e16467eb9e7e0718f2ceaebd84d33572700e1a
runs_eval/signal_controller_benchmark_real/ia2c/ia2c_retrained_group06_sw_to_ne_speed_raw.csv,366290,bab02ee5ba955cc0f9734c3453724e12a23f51d1a9e4050077ba5ad8a89e229a
runs_eval/signal_controller_benchmark_real/ia2c/ia2c_retrained_group07_ne_to_sw_queue_raw.csv,164596,e93a6892ded274ea372c0a394aef7d6c35f1311af29af98de1006db67edd6907
runs_eval/signal_controller_benchmark_real/ia2c/ia2c_retrained_group07_ne_to_sw_speed_raw.csv,371297,d9eb0302a00ed270f626ec4244f5da44ce83410482fd764f2fb986b07a396c0a
runs_eval/signal_controller_benchmark_real/ia2c/ia2c_retrained_group08_periphery_to_center_queue_raw.csv,166023,e916a47b723e7f624fb085a46580a04817631b00cb32347ed95c74700289c8bb
runs_eval/signal_controller_benchmark_real/ia2c/ia2c_retrained_group08_periphery_to_center_speed_raw.csv,356295,6937b3c6a976b77029f0e02f4d477a2aed4910031a73d809a038d1a18c0d857b
runs_eval/signal_controller_benchmark_real/ia2c/ia2c_retrained_group09_center_to_periphery_queue_raw.csv,168159,2bd6c42197e436f398a66a6d0534db079cf0281a94a46081b107fefb53457d9a
runs_eval/signal_controller_benchmark_real/ia2c/ia2c_retrained_group09_center_to_periphery_speed_raw.csv,356200,8782255d241ae3bed69211e0dacead8fae92a7e3db746a114af2b3a96338f5dd
runs_eval/signal_controller_benchmark_real/ia2c/ia2c_retrained_group10_uniform_queue_raw.csv,165079,79d80e225f3087dc2ba60f74ce72864a64ba51d0ad69cc848e93df67ec05599d
runs_eval/signal_controller_benchmark_real/ia2c/ia2c_retrained_group10_uniform_speed_raw.csv,356562,75ec4421616809cb07a1b7b58d36b16583ca9ce5838b89ef64475f7ff14f84d6
runs_eval/signal_controller_benchmark_real/ia2c/ia2c_retrained_group11_real_life_monaco_queue_raw.csv,199608,a128f1d1a46fdda6f76b5f582c9020407a13438b6f3446244d96d7a68e309aa8
runs_eval/signal_controller_benchmark_real/ia2c/ia2c_retrained_group11_real_life_monaco_speed_raw.csv,361036,171b5e7b94e486d759e0ee0777fa119a22482dff5fa68a859027fccf608adc8c
runs_eval/signal_controller_benchmark_real/ia2c/ia2c_retrained_queue_by_group.png,227631,b00b317a0c4a5de952ffb044820ab4b45cf88c0ddc9a623b7f687d910965abf4
runs_eval/signal_controller_benchmark_real/ia2c/ia2c_retrained_speed_by_group.png,265723,3046a5bd270c2426989fc78494ee3a9f83d5b768ba3334a5cacb1ee1bf30610d
runs_eval/signal_controller_benchmark_real/ia2c/ia2c_worst_queue.png,151612,ecf8dd8b5d39a0d25c422ccdb3c7b8973426ebbc69051a82c81b9acf321a7b07
runs_eval/signal_controller_benchmark_real/ia2c/ia2c_worst_speed.png,179461,84aefea24d1da2cd0d9100902ea41d4d11676c1eca663a7f69a10d4ee4a63915
runs_eval/signal_controller_benchmark_real/ia2c/sumo_port_8000.log,100,2406538ed7f343a1ca4025e92ad314582cf1bca2af2c7cc88051160000f39811
runs_eval/signal_controller_benchmark_real/ia2c/sumo_port_8003.log,0,e3b0c44298fc1c149afbf4c8996fb92427ae41e4649b934ca495991b7852b855
runs_eval/signal_controller_benchmark_real/ia2c/sumo_port_8004.log,0,e3b0c44298fc1c149afbf4c8996fb92427ae41e4649b934ca495991b7852b855
runs_eval/signal_controller_benchmark_real/iqll/iqll_real_group00_n_to_s_queue_raw.csv,195995,14f7d6f6bea8078dab5e3209ef1b120d061af3567f9e7496a3447f0b19babeae
runs_eval/signal_controller_benchmark_real/iqll/iqll_real_group00_n_to_s_speed_raw.csv,362404,8c9dbdea2f5977a2e555e40f268f864c4cd0ef3726f115ceb8a93ad172140828
runs_eval/signal_controller_benchmark_real/iqll/iqll_real_group01_s_to_n_queue_raw.csv,202681,a6d2c82e9d1058f5618c1c5ba6786e92d741a75d91c2a3429c53fb625e65b169
runs_eval/signal_controller_benchmark_real/iqll/iqll_real_group01_s_to_n_speed_raw.csv,376960,03773bdc8c7373948eba4cb9e032f13ac2174d1da17555fb81068125fdc964ed
runs_eval/signal_controller_benchmark_real/iqll/iqll_real_group02_w_to_e_queue_raw.csv,220816,edeba82250c7bc4f82596f3f9c6aa7d56bdf76449e00ec9c3704e1459036fe14
runs_eval/signal_controller_benchmark_real/iqll/iqll_real_group02_w_to_e_speed_raw.csv,390550,7b97690d94c5d55aac75ab7dc77d2ae7cf1072db4cf772a06b7248f7802e66fb
runs_eval/signal_controller_benchmark_real/iqll/iqll_real_group03_e_to_w_queue_raw.csv,229354,3f522395da4314c01314b93c090f454cc7d217fb28908db107c8c8d15ecc357a
runs_eval/signal_controller_benchmark_real/iqll/iqll_real_group03_e_to_w_speed_raw.csv,400061,4b7683c4600ab5dca322634e5f9d189ad652e3c37656a6182716ec398b5c7440
runs_eval/signal_controller_benchmark_real/iqll/iqll_real_group04_nw_to_se_queue_raw.csv,218002,4dad236abcc9e5476e5228c9ee2abf82343107d3848d860f543ad47eb1bdeee8
runs_eval/signal_controller_benchmark_real/iqll/iqll_real_group04_nw_to_se_speed_raw.csv,389965,492b7f304022e0550977be577bae254d3fa9c7b907bbf0c3fcb5546fbf909263
runs_eval/signal_controller_benchmark_real/iqll/iqll_real_group05_se_to_nw_queue_raw.csv,218768,693284c782351856d58ccbfea45aad5278105ae1332919e05f42c7acbd82fefe
runs_eval/signal_controller_benchmark_real/iqll/iqll_real_group05_se_to_nw_speed_raw.csv,391953,89729fad1c88e50711e38f0f08129d1b15d698cde1aabce82465ee60565894e8
runs_eval/signal_controller_benchmark_real/iqll/iqll_real_group06_sw_to_ne_queue_raw.csv,202093,823cb2dfac677ccf55a7d8fb80e22868cac8e1bef048e368362168ba8c39e250
runs_eval/signal_controller_benchmark_real/iqll/iqll_real_group06_sw_to_ne_speed_raw.csv,377153,b8ac7265c7c15049e45d3ce614773d02cdac8ea671212977f5f97f8467d99f5c
runs_eval/signal_controller_benchmark_real/iqll/iqll_real_group07_ne_to_sw_queue_raw.csv,193125,1521bd77a74dce777f8fd5cafa2223bb55b5414134a7598da0a12e9c1ed98c74
runs_eval/signal_controller_benchmark_real/iqll/iqll_real_group07_ne_to_sw_speed_raw.csv,362120,43f796a458ad7ec5d94d6dc4f960802cf54b029ba1a574a75e122db778488602
runs_eval/signal_controller_benchmark_real/iqll/iqll_real_group08_periphery_to_center_queue_raw.csv,231987,56fd6ba130fb7f0da62acd048c47640f7499cd87e2830902a5943c2b4892e269
runs_eval/signal_controller_benchmark_real/iqll/iqll_real_group08_periphery_to_center_speed_raw.csv,409564,ef2d577f055f3b763a2d4f27819d0204cf1cbdff832797470aee0eb84b92a6b3
runs_eval/signal_controller_benchmark_real/iqll/iqll_real_group09_center_to_periphery_queue_raw.csv,228851,8bcbd996eef9b203c330d52b8145ca74a304d628c932a6849d2f6e15ffd5c949
runs_eval/signal_controller_benchmark_real/iqll/iqll_real_group09_center_to_periphery_speed_raw.csv,398703,dcac82352f7f3ab370156b6f32ee6bd6922d93aa560ece2bede522a03e7d0bda
runs_eval/signal_controller_benchmark_real/iqll/iqll_real_group10_uniform_queue_raw.csv,233626,d835b5ca01918f30b6b77b4c5a5f2c9ed1cd1149391dca56d8e8efe6f164e9a8
runs_eval/signal_controller_benchmark_real/iqll/iqll_real_group10_uniform_speed_raw.csv,417923,41b7e6cfc5d69378b91da544077c8068124e3f1d04225d4ddef4ee7e39e1a5ea
runs_eval/signal_controller_benchmark_real/iqll/iqll_real_group11_real_life_monaco_queue_raw.csv,232455,a194739374558fa6efbea2b9bd169e5017c6b76305640488bfebb7166118d147
runs_eval/signal_controller_benchmark_real/iqll/iqll_real_group11_real_life_monaco_speed_raw.csv,410410,766a7f9adfddfdee9ebfebb264fa579eaba0f06b311dc3958592c2fa2190ad8b
runs_eval/signal_controller_benchmark_real/iqll/iqll_real_queue_by_group.png,181944,75acc929341221be11cbc1229698cd73e4ac13fdbbc0f0a8b3a2f49e9da88f56
runs_eval/signal_controller_benchmark_real/iqll/iqll_real_speed_by_group.png,225379,42971582628cec998f5992ca0dab7ad654f0189fe6fe15daabb09f30c45e7f16
runs_eval/signal_controller_benchmark_real/iqll/iqll_retrained_group00_n_to_s_queue_raw.csv,166147,d7540ade6f3d9f1844feff0a60ba65f7282cf78ed764dd04eee5a8af8adbdae1
runs_eval/signal_controller_benchmark_real/iqll/iqll_retrained_group00_n_to_s_speed_raw.csv,359542,3f15b8250347cdc3233068d66289cb95ea7ca2636b9837597714742a991ee87b
runs_eval/signal_controller_benchmark_real/iqll/iqll_retrained_group01_s_to_n_queue_raw.csv,199440,f7474a3b28eb065f3a6900827ac7ab46a55ae355912e9b2242c68408b5cb44e7
runs_eval/signal_controller_benchmark_real/iqll/iqll_retrained_group01_s_to_n_speed_raw.csv,369622,1da2b2468fbb4a1dfd44460b3f3673409be9666ff06e7561362ef50a6671d8bd
runs_eval/signal_controller_benchmark_real/iqll/iqll_retrained_group02_w_to_e_queue_raw.csv,185752,2ede85b21dc0c8ece1f645d8ed1e216f1fb2c0df0641022b73ae86b73e1e458b
runs_eval/signal_controller_benchmark_real/iqll/iqll_retrained_group02_w_to_e_speed_raw.csv,360773,6347e3e5209eb2fe3c5b58dbc5e40080b81d75b0071ec3fd8725eafb018e263f
runs_eval/signal_controller_benchmark_real/iqll/iqll_retrained_group03_e_to_w_queue_raw.csv,199673,7d63727cc5a98b031b8ac9125e9f64c42778cfe936c87e1ea02ea04e2857e8dc
runs_eval/signal_controller_benchmark_real/iqll/iqll_retrained_group03_e_to_w_speed_raw.csv,369804,f1a0d4bcddb765f6ae9b13778eaedceebc21a1d728950d1efef59e2349b5b78c
runs_eval/signal_controller_benchmark_real/iqll/iqll_retrained_group04_nw_to_se_queue_raw.csv,195523,3dfbda838bdadc2edb4aa37e5760f2fb826a2c230dccf90c7b1876e1dce63ef7
runs_eval/signal_controller_benchmark_real/iqll/iqll_retrained_group04_nw_to_se_speed_raw.csv,365799,9c2ae8a48be8c181be5cbfddc45ea2e56429712c1f5a965774e257fcdacdde82
runs_eval/signal_controller_benchmark_real/iqll/iqll_retrained_group05_se_to_nw_queue_raw.csv,208409,8a663685055af938a2e888bdede377a449c30709407b3c1016832adc6e1eabb6
runs_eval/signal_controller_benchmark_real/iqll/iqll_retrained_group05_se_to_nw_speed_raw.csv,372394,b78c4d93d696f108f0df8a2fbf907ac2e51288ded5d3a7e6ef844d54df9e652d
runs_eval/signal_controller_benchmark_real/iqll/iqll_retrained_group06_sw_to_ne_queue_raw.csv,199055,c3c60712b7bfa888874d9d5a8dafa09c1972e77ec2661a049be1a532998e4e95
runs_eval/signal_controller_benchmark_real/iqll/iqll_retrained_group06_sw_to_ne_speed_raw.csv,367456,e61a7ce5d9c7a325049836b8deefcbd0986dc88d05893b4777de09a0e65b0734
runs_eval/signal_controller_benchmark_real/iqll/iqll_retrained_group07_ne_to_sw_queue_raw.csv,164775,4ef3c94b3f57d2b37cfb6ae502fbe478e18dca4a5078c9acf1b4b77569217e23
runs_eval/signal_controller_benchmark_real/iqll/iqll_retrained_group07_ne_to_sw_speed_raw.csv,365024,41273b2d5f4c560980ea143688ed4bb3340eb8ee7a8fdceabe353e7614af9366
runs_eval/signal_controller_benchmark_real/iqll/iqll_retrained_group08_periphery_to_center_queue_raw.csv,181877,ef1d4d1f8d7ef330262c399bc6bd6a45a5fca0c0e3035ab135c75758ce62d641
runs_eval/signal_controller_benchmark_real/iqll/iqll_retrained_group08_periphery_to_center_speed_raw.csv,354919,cd4d2b4743f002c456e0d902ec8b7414a8342bfee3316d22a7777de6aec7a523
runs_eval/signal_controller_benchmark_real/iqll/iqll_retrained_group09_center_to_periphery_queue_raw.csv,170131,55fb565d9cf99e31aa5d120d6dfd6f4151742a0974da9d79eee09915ce6574b7
runs_eval/signal_controller_benchmark_real/iqll/iqll_retrained_group09_center_to_periphery_speed_raw.csv,352208,b829ff08a85bd6362ce6c3b7128e50a58aad74a829ec045b8f5a9a06b7982fb6
runs_eval/signal_controller_benchmark_real/iqll/iqll_retrained_group10_uniform_queue_raw.csv,176974,6d7724c3832717ba06f1184b251bec7f54d0c2a69fbc28438137ef3ee3fabb59
runs_eval/signal_controller_benchmark_real/iqll/iqll_retrained_group10_uniform_speed_raw.csv,352873,561a42f5385ad8c90ca6ffffc8262c5b96f9d8274802578e1f7817dcff647969
runs_eval/signal_controller_benchmark_real/iqll/iqll_retrained_group11_real_life_monaco_queue_raw.csv,199802,010d3cebc0733623fa68bf6cad0117bad7485d360cdee889f40798f0141c4a09
runs_eval/signal_controller_benchmark_real/iqll/iqll_retrained_group11_real_life_monaco_speed_raw.csv,363328,903ae986cfda5b080351ee386052a262263227b7f0febac4291e1b80e2820829
runs_eval/signal_controller_benchmark_real/iqll/iqll_retrained_queue_by_group.png,236636,72da41500a200eccd1b078a13fdec4297a9f26560dccf9345dc7db62d5f1472d
runs_eval/signal_controller_benchmark_real/iqll/iqll_retrained_speed_by_group.png,300649,13141d4cbda6762672052daefd9430c68856d1b904723886d58a3d0360211bc5
runs_eval/signal_controller_benchmark_real/iqll/iqll_worst_queue.png,146540,72e50aed0a9d76f7ab24de667ec7b63728e9dfaa0b1ddc3cd5d7e05705295ffd
runs_eval/signal_controller_benchmark_real/iqll/iqll_worst_speed.png,134300,2f444868508c1292468c8e354e9b453fca0988cc3769469ef9badbc5619cc86b
runs_eval/signal_controller_benchmark_real/iqll/sumo_port_8003.log,0,e3b0c44298fc1c149afbf4c8996fb92427ae41e4649b934ca495991b7852b855
runs_eval/signal_controller_benchmark_real/iqll/sumo_port_8007.log,0,e3b0c44298fc1c149afbf4c8996fb92427ae41e4649b934ca495991b7852b855
runs_eval/signal_controller_benchmark_real/ma2c/ma2c_real_group00_n_to_s_queue_raw.csv,165923,fc157b3ca44b98f53705b8b3c9b317087e2855b08b9144dddafece9134f3d294
runs_eval/signal_controller_benchmark_real/ma2c/ma2c_real_group00_n_to_s_speed_raw.csv,357766,2db31c87624813ea2bb5fabaf88ebc3d644a02eb7006744c76772769e607830c
runs_eval/signal_controller_benchmark_real/ma2c/ma2c_real_group01_s_to_n_queue_raw.csv,199033,288c6618935b12121739d2916bf467f4913d7308eaa63fb9f0ac2865e569acb1
runs_eval/signal_controller_benchmark_real/ma2c/ma2c_real_group01_s_to_n_speed_raw.csv,370157,e05ae39002cf7618f3eef10aa47b98635813af36e98cca62744509e3607c24ba
runs_eval/signal_controller_benchmark_real/ma2c/ma2c_real_group02_w_to_e_queue_raw.csv,186525,b0191473e1530b86dd1ce8e6e223326d1a6595c66256cc7dd9978ad40d9cb8ef
runs_eval/signal_controller_benchmark_real/ma2c/ma2c_real_group02_w_to_e_speed_raw.csv,359094,3029e64aec5d1508360ad6ad1ad99a302224428c59ae537efd92abc935ee7966
runs_eval/signal_controller_benchmark_real/ma2c/ma2c_real_group03_e_to_w_queue_raw.csv,196802,8d7bcab49750ae9390e125a87a62a4d26d6946841aa74b66cdb4a41b782fe66c
runs_eval/signal_controller_benchmark_real/ma2c/ma2c_real_group03_e_to_w_speed_raw.csv,362705,9d25b58e942652d928c5c62baa42e4de6babd51dc258fa5b28749b308a74a4c8
runs_eval/signal_controller_benchmark_real/ma2c/ma2c_real_group04_nw_to_se_queue_raw.csv,196587,6e211da9acbcde299a3709b85c1b9269ca6ffaeed49b233f50847b1a6dde91ea
runs_eval/signal_controller_benchmark_real/ma2c/ma2c_real_group04_nw_to_se_speed_raw.csv,365675,4d915ab365cc0ed0c6ce9d422e549c38b692bf20fe42241948902642082971ce
runs_eval/signal_controller_benchmark_real/ma2c/ma2c_real_group05_se_to_nw_queue_raw.csv,199377,f5d137898860a6c0fe637f3fe3ffb1d6de69050842720eb3d2084362a8570d6f
runs_eval/signal_controller_benchmark_real/ma2c/ma2c_real_group05_se_to_nw_speed_raw.csv,370116,9247909b86b91abd271e56678efc869a3d412d8ba3f4b17dfbf26674ed351c1a
runs_eval/signal_controller_benchmark_real/ma2c/ma2c_real_group06_sw_to_ne_queue_raw.csv,198776,7d5bd30b9035d9969d7974be6fb0cff6ef61e960f4678cc79f72ec365eab078a
runs_eval/signal_controller_benchmark_real/ma2c/ma2c_real_group06_sw_to_ne_speed_raw.csv,367183,44e6c893fbde6a7b4f2af5fe3a6fddab19f53d563bfe6fea6e2fdc40b1e60443
runs_eval/signal_controller_benchmark_real/ma2c/ma2c_real_group07_ne_to_sw_queue_raw.csv,164958,d286e48714dad0aa6705f8049c5e77d71638b7c862098cc466cb6d7424fb7e00
runs_eval/signal_controller_benchmark_real/ma2c/ma2c_real_group07_ne_to_sw_speed_raw.csv,356899,5337b6ec1d51d01f0a6be4ac62016bbb4a5608881c8b93c3e39b9cbf026b5604
runs_eval/signal_controller_benchmark_real/ma2c/ma2c_real_group08_periphery_to_center_queue_raw.csv,194901,9204d45fb94e92ef29436b0ec2d1c4190ad65769c0802d29d0ae4462f2c066b0
runs_eval/signal_controller_benchmark_real/ma2c/ma2c_real_group08_periphery_to_center_speed_raw.csv,358925,e1eea19adc1b5e40c9a7823d0f94adbc250b23672978b4def609ffc57ee4f27f
runs_eval/signal_controller_benchmark_real/ma2c/ma2c_real_group09_center_to_periphery_queue_raw.csv,189736,8fcea5ade8d77f1729d72cea0e278e28b7f9d24636b597fa1f0d9d7fdcf3d461
runs_eval/signal_controller_benchmark_real/ma2c/ma2c_real_group09_center_to_periphery_speed_raw.csv,357203,3a52dd51c6fc98bb9275a9ff700c2e7de349b526a8b7cd23fafecf874ce6d06a
runs_eval/signal_controller_benchmark_real/ma2c/ma2c_real_group10_uniform_queue_raw.csv,191344,2facb4975983d7e7e5821571d1430e575f9c27a142299d44b6564ed85008b87d
runs_eval/signal_controller_benchmark_real/ma2c/ma2c_real_group10_uniform_speed_raw.csv,358340,9ceb7dc487bd41c9fbb54e5803168321401e836a81321f530ec383d61ad1da7a
runs_eval/signal_controller_benchmark_real/ma2c/ma2c_real_group11_real_life_monaco_queue_raw.csv,199843,3368229ae55b8a07190ae0c9f6c26bb67ce36bda9238bba8c48aa91befad9a67
runs_eval/signal_controller_benchmark_real/ma2c/ma2c_real_group11_real_life_monaco_speed_raw.csv,363777,82b6cb51c460ed370162252d643f53a2c936984ba164a8b0065bd1c2ab6618aa
runs_eval/signal_controller_benchmark_real/ma2c/ma2c_real_queue_by_group.png,258264,1b6c43de818a5778d82fabc9cda109ff45c4f699c4c510844f0525fda6a1a1c9
runs_eval/signal_controller_benchmark_real/ma2c/ma2c_real_speed_by_group.png,281796,3137499c4b393f4958ae8dd20c069cf5d68c793586f33536f522b77900827762
runs_eval/signal_controller_benchmark_real/ma2c/ma2c_retrained_group00_n_to_s_queue_raw.csv,164596,68506341990b513a6339048a75faa189107fc46aeaa0bb9653d71136176db113
runs_eval/signal_controller_benchmark_real/ma2c/ma2c_retrained_group00_n_to_s_speed_raw.csv,359007,09d90fb20c930f165b648394f49d1d9ba431bde67b41dc7417ab0886a03569bc
runs_eval/signal_controller_benchmark_real/ma2c/ma2c_retrained_group01_s_to_n_queue_raw.csv,198716,5565c854f34fcc82ddeb7222d2ea04a882ee1e0a92479f35a1dd915e8b0c70eb
runs_eval/signal_controller_benchmark_real/ma2c/ma2c_retrained_group01_s_to_n_speed_raw.csv,369467,39952e4f2983f461145427497659c6008ffa1819e108b98d4e57e8b6baf5a369
runs_eval/signal_controller_benchmark_real/ma2c/ma2c_retrained_group02_w_to_e_queue_raw.csv,172597,d68960a488b1642b289925e1a74c8fadc2d2696797b68efb175491a89f0ebd73
runs_eval/signal_controller_benchmark_real/ma2c/ma2c_retrained_group02_w_to_e_speed_raw.csv,356160,d2e23ae23cf1065d8abf31e224de9bf11fc16daad188dffeb9c6a2f30d44cffd
runs_eval/signal_controller_benchmark_real/ma2c/ma2c_retrained_group03_e_to_w_queue_raw.csv,189531,3378c68b049fd0c9048a74584f1fc786983f1b93f2ff0ef9e4034ad24a25dcbc
runs_eval/signal_controller_benchmark_real/ma2c/ma2c_retrained_group03_e_to_w_speed_raw.csv,361848,3a9f24c4a8c325dfac6f0a98708ea02b64b210adbb70f409f5ae3af938f9c12c
runs_eval/signal_controller_benchmark_real/ma2c/ma2c_retrained_group04_nw_to_se_queue_raw.csv,185555,c13032e36b62bd7066b5215df883880c8cb28a2921fb0626ddb01c2e07e28ff4
runs_eval/signal_controller_benchmark_real/ma2c/ma2c_retrained_group04_nw_to_se_speed_raw.csv,363204,887fa978cbb9a5c889fb3479169ae350c875a6bfae3b8e741e4a62821a4a6ada
runs_eval/signal_controller_benchmark_real/ma2c/ma2c_retrained_group05_se_to_nw_queue_raw.csv,198493,129a9ccaf0eeade7f3babe1b30095b29196c279f2342a90626c6af4780e1bc93
runs_eval/signal_controller_benchmark_real/ma2c/ma2c_retrained_group05_se_to_nw_speed_raw.csv,369240,659be8609427cfe05e772eb774d9a554e08d6c80d70e074ba9e49f691dd72799
runs_eval/signal_controller_benchmark_real/ma2c/ma2c_retrained_group06_sw_to_ne_queue_raw.csv,198673,39db9dbd856f60a8fdf2d7896a87d94ec271b169f954bd5b7bd0b89c728609d2
runs_eval/signal_controller_benchmark_real/ma2c/ma2c_retrained_group06_sw_to_ne_speed_raw.csv,365268,650acc9b6341bf56e0d59ad379ee6f60e8675995e6123aa056374ff55cc6bd7a
runs_eval/signal_controller_benchmark_real/ma2c/ma2c_retrained_group07_ne_to_sw_queue_raw.csv,164603,efd7b80252204f84d949db51f60d1e92abe401a4d82e3f47fd991e51571071ff
runs_eval/signal_controller_benchmark_real/ma2c/ma2c_retrained_group07_ne_to_sw_speed_raw.csv,370173,8ec1cb4913114583430840c1016fda3be068824e5d9011c89230ec824a14eb83
runs_eval/signal_controller_benchmark_real/ma2c/ma2c_retrained_group08_periphery_to_center_queue_raw.csv,168398,e289b29bce19ec6db3b2d469469af633be2fce1d0686c54bbc60e345bda44ff7
runs_eval/signal_controller_benchmark_real/ma2c/ma2c_retrained_group08_periphery_to_center_speed_raw.csv,353387,48164ccdfed5ca5bc822ab97d93f70c181cad7b2d9a8d7dbb478bd0beac425c7
runs_eval/signal_controller_benchmark_real/ma2c/ma2c_retrained_group09_center_to_periphery_queue_raw.csv,166548,e18b38839dce3b1c17c47014475eec124c3658a6ed3c7abd8252767704fa7807
runs_eval/signal_controller_benchmark_real/ma2c/ma2c_retrained_group09_center_to_periphery_speed_raw.csv,353576,5659ba02738364ed665713b9514c2ee11081745299b7d496782bc61ced0f5c32
runs_eval/signal_controller_benchmark_real/ma2c/ma2c_retrained_group10_uniform_queue_raw.csv,166423,b28cc7c7556daeb99e1df682af28000a5529c8f732ede6106ff276d836a102aa
runs_eval/signal_controller_benchmark_real/ma2c/ma2c_retrained_group10_uniform_speed_raw.csv,353642,00e432b312aefe7471aaeb7d31929c7a62f048ff88b7fce0faa490024c85626e
runs_eval/signal_controller_benchmark_real/ma2c/ma2c_retrained_group11_real_life_monaco_queue_raw.csv,199403,2cdd23f68aa3711fa9082fd5e8044aa6e7e6847388b3e6648b16cd20a8dfba0d
runs_eval/signal_controller_benchmark_real/ma2c/ma2c_retrained_group11_real_life_monaco_speed_raw.csv,360958,956f39549b68f51c35b49c1bb794cc02cdcdfb0a0bf4f190bd6aab21b99b3174
runs_eval/signal_controller_benchmark_real/ma2c/ma2c_retrained_queue_by_group.png,248849,882b73d35f1e545b6495921232091d8f205360178bb39d82bc0ecadf07133507
runs_eval/signal_controller_benchmark_real/ma2c/ma2c_retrained_speed_by_group.png,292354,4bea153a00bce433b2f39e8802f247d23909e970170c1701d7343b84b8dc36b8
runs_eval/signal_controller_benchmark_real/ma2c/ma2c_worst_queue.png,243628,e2d89470fbb0f9d452f1d0e19d3ca4d593a9c5ad94a37739f12973bec5815bbb
runs_eval/signal_controller_benchmark_real/ma2c/ma2c_worst_speed.png,175236,8c812bdca53ff0370784eab7be3f93d17d7de02bef5ea14405d579ded39213b8
runs_eval/signal_controller_benchmark_real/ma2c/sumo_port_8001.log,0,e3b0c44298fc1c149afbf4c8996fb92427ae41e4649b934ca495991b7852b855
runs_eval/signal_controller_benchmark_real/ma2c/sumo_port_8004.log,0,e3b0c44298fc1c149afbf4c8996fb92427ae41e4649b934ca495991b7852b855
runs_eval/signal_controller_benchmark_real/ma2c/sumo_port_8005.log,0,e3b0c44298fc1c149afbf4c8996fb92427ae41e4649b934ca495991b7852b855
runs_eval/signal_controller_benchmark_real/ppo/ppo_real_group00_n_to_s_queue_raw.csv,188216,7461b0879751cb6c27663b692162f582309bdd9611b88b586199168707fb4dca
runs_eval/signal_controller_benchmark_real/ppo/ppo_real_group00_n_to_s_speed_raw.csv,369323,233782ecf4392b7bbb2312188502ef400585067825f7cb372ae42ba1d96c937f
runs_eval/signal_controller_benchmark_real/ppo/ppo_real_group01_s_to_n_queue_raw.csv,200280,eaf97122ddf5f5368ee4a2cd9f21b5ef2192c339463a5f1298f8610a2194372d
runs_eval/signal_controller_benchmark_real/ppo/ppo_real_group01_s_to_n_speed_raw.csv,375894,1352f3884b16d6e04e7b108e3d5536878a6258fadf6ea82ada6452bb08ddd75b
runs_eval/signal_controller_benchmark_real/ppo/ppo_real_group02_w_to_e_queue_raw.csv,200014,06c49f17635157bf7c024c6a18b58ae403b61770bc4b2d96bf7748abd969c93a
runs_eval/signal_controller_benchmark_real/ppo/ppo_real_group02_w_to_e_speed_raw.csv,372427,ad3af8fd08fd48cb7e36b22e8b18c8fb4676d972c93da60fbc4371337205a2d3
runs_eval/signal_controller_benchmark_real/ppo/ppo_real_group03_e_to_w_queue_raw.csv,200213,a8b583984e159f1206f88eb93e7027b4d86e594f562c8e7a36a3351c3e8d84fe
runs_eval/signal_controller_benchmark_real/ppo/ppo_real_group03_e_to_w_speed_raw.csv,368509,5eb7e35a9ca5c3922d21bb17f88d37e002089a5b05a54b25127a006cdd4dad45
runs_eval/signal_controller_benchmark_real/ppo/ppo_real_group04_nw_to_se_queue_raw.csv,199921,6f8b765eb895f15a1c5b2433d183a28a9b78a3e694bfaa5c30b76d4e41f5e1eb
runs_eval/signal_controller_benchmark_real/ppo/ppo_real_group04_nw_to_se_speed_raw.csv,373703,46b7844a34c6e375702c023e6ebc18c4b76d6417ad0786e0b7c9d955300e998c
runs_eval/signal_controller_benchmark_real/ppo/ppo_real_group05_se_to_nw_queue_raw.csv,206466,a04f903252e1c46fc6ccb5a9b85858c76b91d6ccaadc7ade1ba1f8f796658a72
runs_eval/signal_controller_benchmark_real/ppo/ppo_real_group05_se_to_nw_speed_raw.csv,378718,6e92ce9a3c51677e4995846a06ca4a0b4a95b82cac39ffcfe3ecdac1f78bff1f
runs_eval/signal_controller_benchmark_real/ppo/ppo_real_group06_sw_to_ne_queue_raw.csv,200041,23fb792ee1ebb18ee1d38ae97f5051b59669a519752468be3cc192ef2e095662
runs_eval/signal_controller_benchmark_real/ppo/ppo_real_group06_sw_to_ne_speed_raw.csv,369865,313299f6f3624e24aa7de1dabf97edaf280cf54255e67cf1739fdf75ee329996
runs_eval/signal_controller_benchmark_real/ppo/ppo_real_group07_ne_to_sw_queue_raw.csv,184315,77c83052f103b2c308b8c19a0670fdc666bedf73610694d2f833f77f74330b8a
runs_eval/signal_controller_benchmark_real/ppo/ppo_real_group07_ne_to_sw_speed_raw.csv,365565,592b3c44f871be96c71901b912ba20ef36277452ce00de9159d8fe4a6180da65
runs_eval/signal_controller_benchmark_real/ppo/ppo_real_group08_periphery_to_center_queue_raw.csv,203157,efb52963ddccc9f554774f653dda607c2bfa36c2267f5752e34b1a1f8d3d5558
runs_eval/signal_controller_benchmark_real/ppo/ppo_real_group08_periphery_to_center_speed_raw.csv,373161,16f52b4d6504c2e9d0f5504c4a788352fae0eb2f2db83cc4aa3d5723f8e16892
runs_eval/signal_controller_benchmark_real/ppo/ppo_real_group09_center_to_periphery_queue_raw.csv,202545,9ba5b474135884f6adec5b76a8cd22cea12dacd42225ba59368e9b36cb4235cd
runs_eval/signal_controller_benchmark_real/ppo/ppo_real_group09_center_to_periphery_speed_raw.csv,372977,ddebf76f48514b1f252cb26030e543614c08cd94208671eae5d668e0b12dfbe7
runs_eval/signal_controller_benchmark_real/ppo/ppo_real_group10_uniform_queue_raw.csv,224877,0fb8b66a048e1aa5a912f67da4faf702b322e00f5b7da12f702e168376faea02
runs_eval/signal_controller_benchmark_real/ppo/ppo_real_group10_uniform_speed_raw.csv,397936,8ead33ca589ea95b5e9d7d687459c616404cd764c106c6aa47093bca4fb0b51a
runs_eval/signal_controller_benchmark_real/ppo/ppo_real_group11_real_life_monaco_queue_raw.csv,229506,577f57b214b7466aa30a4b84756c56cca505ad3b17079d9c7d81221aee60fe30
runs_eval/signal_controller_benchmark_real/ppo/ppo_real_group11_real_life_monaco_speed_raw.csv,382432,7b8c02be9da05033a222ffe5736f2d21472ebccc00ddff510ea58ec107cce4b3
runs_eval/signal_controller_benchmark_real/ppo/ppo_real_queue_by_group.png,173718,5c3a9c94ddf62ceab6d8a5784fd6e4452b21fa2a43a30787046376eefde81294
runs_eval/signal_controller_benchmark_real/ppo/ppo_real_speed_by_group.png,248235,84fb6e2d7b87aca80e434d01b288843b0026762a6489537aee01fab71be2e63a
runs_eval/signal_controller_benchmark_real/ppo/ppo_retrained_group00_n_to_s_queue_raw.csv,164853,b9cf3648f5b3d1afb89aa880655ed10f8ec9f4e37aa53f9e21bbbdee0c7373a5
runs_eval/signal_controller_benchmark_real/ppo/ppo_retrained_group00_n_to_s_speed_raw.csv,358437,9bb5eb29ec290c53ef9a3faae97b45586c7f6ff7589c022750f658473de6d344
runs_eval/signal_controller_benchmark_real/ppo/ppo_retrained_group01_s_to_n_queue_raw.csv,199678,f91d956614a3f81d3e7c91a7abb385cd2986c36b4073928be0235f7113fd3dbb
runs_eval/signal_controller_benchmark_real/ppo/ppo_retrained_group01_s_to_n_speed_raw.csv,370273,ba3f81968ab0d083dccbcd2e77bdddc4b4e81ad92a22aea098b6301a0f679534
runs_eval/signal_controller_benchmark_real/ppo/ppo_retrained_group02_w_to_e_queue_raw.csv,168377,c3927eccfcf894ff4a3ba45f5e1e0cdb82d074c5c5b5669fe32d2c281405d7ef
runs_eval/signal_controller_benchmark_real/ppo/ppo_retrained_group02_w_to_e_speed_raw.csv,355834,f761d6fc74ee39eb5492735977b9ad1c551447094d938074e9a8f9a5cc571f8a
runs_eval/signal_controller_benchmark_real/ppo/ppo_retrained_group03_e_to_w_queue_raw.csv,190299,14af5322b6330be30352a54e2534c66de548a8d3e2c2300519b109cc54876565
runs_eval/signal_controller_benchmark_real/ppo/ppo_retrained_group03_e_to_w_speed_raw.csv,361806,0e2b21a60146bed62590e43eaf0cf90973a3cbc3c362aa48fb115cf32b7cb2b1
runs_eval/signal_controller_benchmark_real/ppo/ppo_retrained_group04_nw_to_se_queue_raw.csv,181985,3771eaaa46160d793325530540a77134ea96f0afada4e5293b6e3aeb705a3b8e
runs_eval/signal_controller_benchmark_real/ppo/ppo_retrained_group04_nw_to_se_speed_raw.csv,362545,ac250f4effa4842fdf9f204010c215bfb2179773ec5b562d522abc26d16d50b1
runs_eval/signal_controller_benchmark_real/ppo/ppo_retrained_group05_se_to_nw_queue_raw.csv,198742,7c280e764cad2fdfef13149d20a3abaf2a3a34d59b2d6a2f206c11e22840212b
runs_eval/signal_controller_benchmark_real/ppo/ppo_retrained_group05_se_to_nw_speed_raw.csv,370141,1fd25802432e0009a54a22ecffc56df2ecf3b9bf92c06bcde46f29438c31e1f9
runs_eval/signal_controller_benchmark_real/ppo/ppo_retrained_group06_sw_to_ne_queue_raw.csv,198279,08e2b61b8b9eef82aff168a2e344228fddbd4d288adb86991f7cd51a3f0d3666
runs_eval/signal_controller_benchmark_real/ppo/ppo_retrained_group06_sw_to_ne_speed_raw.csv,365508,5735d644cfe0bbdd396b5dc98a8a2384fee021fc824b7bf576d9960382e6c1f3
runs_eval/signal_controller_benchmark_real/ppo/ppo_retrained_group07_ne_to_sw_queue_raw.csv,164656,21a5dd82cfce16fda4c2cfd3884220bf587e1e3ef865ff053fb3ba4d978f4fa0
runs_eval/signal_controller_benchmark_real/ppo/ppo_retrained_group07_ne_to_sw_speed_raw.csv,364359,454498ceb5a16a7342f70e9c4554c39612a368b19818ffd39d8566452e9e4584
runs_eval/signal_controller_benchmark_real/ppo/ppo_retrained_group08_periphery_to_center_queue_raw.csv,172111,6807753e7f1a0ddfe5552f39002a47e552974a33a5f16ed4a65e50d93f992b11
runs_eval/signal_controller_benchmark_real/ppo/ppo_retrained_group08_periphery_to_center_speed_raw.csv,356078,d726f675e5dff55dadaf84d2679d0cd69e90d8603573da80ea91b8e899f7a1b9
runs_eval/signal_controller_benchmark_real/ppo/ppo_retrained_group09_center_to_periphery_queue_raw.csv,167937,04d6725ef92b8a8c643c52fcc32f1df9ad66265f5743e31e068d309fc4ac8462
runs_eval/signal_controller_benchmark_real/ppo/ppo_retrained_group09_center_to_periphery_speed_raw.csv,356424,7edb764b31b7e4d867cbed8be5f3550a3370c4dc5b03a317127cd4252e0b66f5
runs_eval/signal_controller_benchmark_real/ppo/ppo_retrained_group10_uniform_queue_raw.csv,166763,f5cc067950046c5ddf36941a96d4b818fcd39569fcc48598dacb490cd27b082e
runs_eval/signal_controller_benchmark_real/ppo/ppo_retrained_group10_uniform_speed_raw.csv,352374,ae9f055b4fdbac0e3019d52215d2bfa070165c37be21079c2de90434ee64c3e6
runs_eval/signal_controller_benchmark_real/ppo/ppo_retrained_group11_real_life_monaco_queue_raw.csv,199694,fd4b365da5364e3ef9935727dfd56891c6dc2f9f94ac33e62570125c58836b9c
runs_eval/signal_controller_benchmark_real/ppo/ppo_retrained_group11_real_life_monaco_speed_raw.csv,360889,1e97443f0853f1584d9473a09d8b69b884a9b4bb8b23434279e50d22ba5529c0
runs_eval/signal_controller_benchmark_real/ppo/ppo_retrained_queue_by_group.png,235003,a989d517106e8acb7bfd301cfd892ecf8b2bf9830467faff5e7829624baad7bf
runs_eval/signal_controller_benchmark_real/ppo/ppo_retrained_speed_by_group.png,296128,38ac36bcee1ef9432721465e153a13d8aa20d186d2f0b879abbe17c96574ce5b
runs_eval/signal_controller_benchmark_real/ppo/ppo_worst_queue.png,161735,5323fe7824b15e10ca53015dbe85503e8cdedcb68461172cca92f39976d48237
runs_eval/signal_controller_benchmark_real/ppo/ppo_worst_speed.png,164640,708dbd4253717dc2bef1c35a03d550b8f399e6c87564bb1456516f9a2dbdb369
runs_eval/signal_controller_benchmark_real/ppo/sumo_port_8002.log,112,729a65a4a08c329b8ca121a635a2c691a987592ed0bf39f307af40a7d03da107
runs_eval/signal_controller_benchmark_real/ppo/sumo_port_8005.log,0,e3b0c44298fc1c149afbf4c8996fb92427ae41e4649b934ca495991b7852b855
runs_eval/signal_controller_benchmark_real/ppo/sumo_port_8006.log,0,e3b0c44298fc1c149afbf4c8996fb92427ae41e4649b934ca495991b7852b855
runs_eval/signal_controller_benchmark_real/summary_averages.csv,26039,e33cacf62f979765014854d0d2dbcb9012cc7b78a4c5ee994cacc71ed3c9fb59
runs_eval/signal_controller_benchmarklarge_grid_ia2c_trip.xml,92679,a367659d5519cc2dae4b2531e3f328505a3018bbc999a00acf056f56a3553694
runs_eval/signal_controller_visualize/20260315_133004_ppo_marl_demand_w_to_e/evaluation.log,8678,6e6e5632b66981b250c8248342a6674905083bd8e15af3c0b534c3bf25eb44f6
runs_eval/signal_controller_visualize/20260315_133004_ppo_marl_demand_w_to_e/ppo_marl_group02_demand_w_to_e_queue_raw.csv,41464,52ff6a3413ada5dbb4980cfe0cc962a1cb7c71d06e6da215aaa4729e6e7e5abd
runs_eval/signal_controller_visualize/20260315_133004_ppo_marl_demand_w_to_e/ppo_marl_group02_demand_w_to_e_speed_raw.csv,55937,396209a640904278071e0011149fb252f9f0a0da0afe8423c25c9fd0faa56812
runs_eval/signal_controller_visualize/20260315_133004_ppo_marl_demand_w_to_e/single_run_summary.csv,470,2636e515f52735f8ee8e532bcc524fdb2b1f64a8d1226b67268a4f35eee4639e
runs_eval/signal_controller_visualize/20260315_133004_ppo_marl_demand_w_to_e/sumo_port_8000.log,0,e3b0c44298fc1c149afbf4c8996fb92427ae41e4649b934ca495991b7852b855
runs_eval/signal_controller_visualize/20260315_133321_ppo_retrained_demand_w_to_e/evaluation.log,8359,74a173a9bcf3eed334375d5331100c24503558a45e74f89e06ec03c7c02a89e4
runs_eval/signal_controller_visualize/20260315_133321_ppo_retrained_demand_w_to_e/large_grid_ppo_trip.xml,1329408,fac1d916ae0ba4413ab21dbdca9e97f2fdbf497047cadd00c7c62ddf242a93b8
runs_eval/signal_controller_visualize/20260315_133321_ppo_retrained_demand_w_to_e/sumo_port_8000.log,0,e3b0c44298fc1c149afbf4c8996fb92427ae41e4649b934ca495991b7852b855
runs_eval/signal_controller_visualize/20260315_133921_ma2c_marl_demand_w_to_e/evaluation.log,7052,3dff32d26e60e0bf2481b4e692fd578ebe5b044ea711eb8fdcfa26b020c68adc
runs_eval/signal_controller_visualize/20260315_133921_ma2c_marl_demand_w_to_e/ma2c_marl_group02_demand_w_to_e_queue_raw.csv,41626,d9e30f80e817ac660441cf90578ac52536706afd5577cdfd3be6738af4447bf7
runs_eval/signal_controller_visualize/20260315_133921_ma2c_marl_demand_w_to_e/ma2c_marl_group02_demand_w_to_e_speed_raw.csv,55794,887533de7821c199d4ccfb04c2a02b05d05ad2585641deb147618e88b15ed848
runs_eval/signal_controller_visualize/20260315_133921_ma2c_marl_demand_w_to_e/single_run_summary.csv,477,8a8d9e1e2baea5e8ef8566d95056718eed5ada5f1d81e326e9b7e59f935f5fcd
runs_eval/signal_controller_visualize/20260315_133921_ma2c_marl_demand_w_to_e/sumo_port_8000.log,0,e3b0c44298fc1c149afbf4c8996fb92427ae41e4649b934ca495991b7852b855
runs_eval/signal_controller_visualize/20260316_134141_ppo_marl_demand_w_to_e/evaluation.log,6090,650ea05b7f6cc7cca29e615a1759fa9efccc78b6472a429c98ae8028bfe83dbd
runs_eval/signal_controller_visualize/20260316_134141_ppo_marl_demand_w_to_e/large_grid_ppo_trip.xml,1314,80c59e60562a50567ff920bf985ba38dd2718f9a20c1deee00c59f2bea4d1457
runs_eval/signal_controller_visualize/20260316_134141_ppo_marl_demand_w_to_e/sumo_port_8000.log,0,e3b0c44298fc1c149afbf4c8996fb92427ae41e4649b934ca495991b7852b855
runs_eval/signal_controller_visualize/20260316_134519_ppo_marl_demand_w_to_e/evaluation.log,8766,e3924e161a38a47a8a6bf2847d5e28e3a403a6539e02a11e460e7516419de998
runs_eval/signal_controller_visualize/20260316_134519_ppo_marl_demand_w_to_e/ppo_marl_group02_demand_w_to_e_queue_raw.csv,41634,a9890c3cbf00e1d6a6932fd83dacfe5bd6d19a3622b24f97813c30797ded61f9
runs_eval/signal_controller_visualize/20260316_134519_ppo_marl_demand_w_to_e/ppo_marl_group02_demand_w_to_e_speed_raw.csv,56177,11fd9c56a398592739c3fe2bbfed9c39d3bcb08e8dfd8c068ac69c5324a67df7
runs_eval/signal_controller_visualize/20260316_134519_ppo_marl_demand_w_to_e/single_run_summary.csv,471,5e0d86f02531914371e6320ec2684713c877a322bb222f971e4de201da92365a
runs_eval/signal_controller_visualize/20260316_134519_ppo_marl_demand_w_to_e/sumo_port_8000.log,0,e3b0c44298fc1c149afbf4c8996fb92427ae41e4649b934ca495991b7852b855
runs_eval/signal_controller_visualize/20260316_134909_ppo_retrained_demand_w_to_e/evaluation.log,8160,3a367897660adadc7bfc985954006bb18f6c98ef3b5176f8f7265c3cde324dfa
runs_eval/signal_controller_visualize/20260316_134909_ppo_retrained_demand_w_to_e/large_grid_ppo_trip.xml,1182423,f88e322b647313f566cc9c5cb1331252ca7ef55776769533caacc9533bcefba6
runs_eval/signal_controller_visualize/20260316_134909_ppo_retrained_demand_w_to_e/sumo_port_8000.log,0,e3b0c44298fc1c149afbf4c8996fb92427ae41e4649b934ca495991b7852b855
runs_eval/signal_controller_visualize/20260316_135534_ppo_retrained_demand_w_to_e/evaluation.log,6154,9151a602c5dd5b1ff888b7d73da71ac1416516dd6b29e2218dd2dbca33f9673b
runs_eval/signal_controller_visualize/20260316_135534_ppo_retrained_demand_w_to_e/large_grid_ppo_trip.xml,1319,6176321a6d6b98b9e6eb96fbcca8a955f45d069534e0b804cfa267883e77cafc
runs_eval/signal_controller_visualize/20260316_135534_ppo_retrained_demand_w_to_e/sumo_port_8000.log,0,e3b0c44298fc1c149afbf4c8996fb92427ae41e4649b934ca495991b7852b855
runs_eval/signal_controller_visualize/20260316_141839_ppo_retrained_demand_periphery_to_center/evaluation.log,7021,98295b9288dbc07fc1274d44be6657fb45b3be349af7a03231f3d4bf92938e1b
runs_eval/signal_controller_visualize/20260316_141839_ppo_retrained_demand_periphery_to_center/large_grid_ppo_trip.xml,321953,32e85c4dd2f74c9ffe6ed3504975a9a96681a68c678ecd0d1c86bc11f67e2e58
runs_eval/signal_controller_visualize/20260316_141839_ppo_retrained_demand_periphery_to_center/sumo_port_8000.log,0,e3b0c44298fc1c149afbf4c8996fb92427ae41e4649b934ca495991b7852b855
