origin_edge,dest_edge,veh_per_hour
-10051#2,10043,108.333333
-10063,10085,108.333333
-10064#5,-10110,108.333333
-10070#0,-10086,108.333333
-10114#0,10072,270.833333
-10114#0,10076,108.333333
-10118,10104,162.500000
-10185#1,-10061#5,108.333333
-10185#1,-10071#3,162.500000
10052#4,10104,216.666667
10061#4,-10085,216.666667
10071#3,10085,162.500000
10096#1,10063,325.000000
10115#1,10072,216.666667
